name,qtype,status,answer_count,class
dinbil.se,A,NOERROR,1,POSITIVE
dinbil.se,AAAA,NOERROR,0,NODATA
dinbil.se,MX,NOERROR,1,POSITIVE
dinbil.se,TXT,ERROR,0,OTHER
dinbil.se,NS,NOERROR,2,POSITIVE
dinbil.se,SOA,NOERROR,1,POSITIVE
dinbil.se,CAA,NOERROR,0,NODATA
dinbil.se,HTTPS,NXDOMAIN,0,NXDOMAIN
perspektivrapport.se,A,NOERROR,2,POSITIVE
perspektivrapport.se,AAAA,NOERROR,2,POSITIVE
perspektivrapport.se,MX,NOERROR,0,NODATA
perspektivrapport.se,TXT,NOERROR,0,NODATA
perspektivrapport.se,NS,NOERROR,2,POSITIVE
perspektivrapport.se,SOA,NOERROR,1,POSITIVE
perspektivrapport.se,CAA,NOERROR,0,NODATA
perspektivrapport.se,HTTPS,NXDOMAIN,0,NXDOMAIN
pinterest.se,A,NOERROR,4,POSITIVE
pinterest.se,AAAA,NOERROR,0,NODATA
pinterest.se,MX,NOERROR,1,POSITIVE
pinterest.se,TXT,NOERROR,5,POSITIVE
pinterest.se,NS,NOERROR,4,POSITIVE
pinterest.se,SOA,NOERROR,1,POSITIVE
pinterest.se,CAA,NOERROR,1,POSITIVE
pinterest.se,HTTPS,NXDOMAIN,0,NXDOMAIN
ics-services.se,A,NOERROR,0,NODATA
ics-services.se,AAAA,NOERROR,0,NODATA
ics-services.se,MX,NOERROR,0,NODATA
ics-services.se,TXT,NOERROR,0,NODATA
ics-services.se,NS,NOERROR,3,POSITIVE
ics-services.se,SOA,NOERROR,1,POSITIVE
ics-services.se,CAA,NOERROR,0,NODATA
ics-services.se,HTTPS,NXDOMAIN,0,NXDOMAIN
universeum.se,A,NOERROR,3,POSITIVE
universeum.se,AAAA,NOERROR,3,POSITIVE
universeum.se,MX,NOERROR,5,POSITIVE
universeum.se,TXT,ERROR,0,OTHER
universeum.se,NS,NOERROR,2,POSITIVE
universeum.se,SOA,NOERROR,1,POSITIVE
universeum.se,CAA,NOERROR,0,NODATA
universeum.se,HTTPS,NXDOMAIN,0,NXDOMAIN
nexttechpath.se,A,NOERROR,2,POSITIVE
nexttechpath.se,AAAA,NOERROR,2,POSITIVE
nexttechpath.se,MX,NOERROR,0,NODATA
nexttechpath.se,TXT,NOERROR,0,NODATA
nexttechpath.se,NS,NOERROR,2,POSITIVE
nexttechpath.se,SOA,NOERROR,1,POSITIVE
nexttechpath.se,CAA,NOERROR,0,NODATA
nexttechpath.se,HTTPS,NXDOMAIN,0,NXDOMAIN
sokrabatt.se,A,NOERROR,2,POSITIVE
sokrabatt.se,AAAA,NOERROR,2,POSITIVE
sokrabatt.se,MX,NOERROR,1,POSITIVE
sokrabatt.se,TXT,NOERROR,1,POSITIVE
sokrabatt.se,NS,NOERROR,2,POSITIVE
sokrabatt.se,SOA,NOERROR,1,POSITIVE
sokrabatt.se,CAA,NOERROR,0,NODATA
sokrabatt.se,HTTPS,NXDOMAIN,0,NXDOMAIN
aig.se,A,NOERROR,2,POSITIVE
aig.se,AAAA,NOERROR,0,NODATA
aig.se,MX,NOERROR,0,NODATA
aig.se,TXT,NOERROR,7,POSITIVE
aig.se,NS,NOERROR,3,POSITIVE
aig.se,SOA,NOERROR,1,POSITIVE
aig.se,CAA,NOERROR,0,NODATA
aig.se,HTTPS,NXDOMAIN,0,NXDOMAIN
svanen.se,A,NOERROR,1,POSITIVE
svanen.se,AAAA,NOERROR,0,NODATA
svanen.se,MX,NOERROR,4,POSITIVE
svanen.se,TXT,ERROR,0,OTHER
svanen.se,NS,NOERROR,3,POSITIVE
svanen.se,SOA,NOERROR,1,POSITIVE
svanen.se,CAA,NOERROR,0,NODATA
svanen.se,HTTPS,NXDOMAIN,0,NXDOMAIN
wayoutwest.se,A,NOERROR,1,POSITIVE
wayoutwest.se,AAAA,NOERROR,0,NODATA
wayoutwest.se,MX,NOERROR,7,POSITIVE
wayoutwest.se,TXT,NOERROR,0,NODATA
wayoutwest.se,NS,NOERROR,2,POSITIVE
wayoutwest.se,SOA,NOERROR,1,POSITIVE
wayoutwest.se,CAA,NOERROR,0,NODATA
wayoutwest.se,HTTPS,NXDOMAIN,0,NXDOMAIN
infracom.se,A,NOERROR,1,POSITIVE
infracom.se,AAAA,NOERROR,0,NODATA
infracom.se,MX,NOERROR,1,POSITIVE
infracom.se,TXT,ERROR,0,OTHER
infracom.se,NS,NOERROR,3,POSITIVE
infracom.se,SOA,NOERROR,1,POSITIVE
infracom.se,CAA,NOERROR,0,NODATA
infracom.se,HTTPS,NXDOMAIN,0,NXDOMAIN
astrosweden.se,A,NOERROR,1,POSITIVE
astrosweden.se,AAAA,NOERROR,1,POSITIVE
astrosweden.se,MX,NOERROR,1,POSITIVE
astrosweden.se,TXT,ERROR,0,OTHER
astrosweden.se,NS,NOERROR,2,POSITIVE
astrosweden.se,SOA,NOERROR,1,POSITIVE
astrosweden.se,CAA,NOERROR,0,NODATA
astrosweden.se,HTTPS,NXDOMAIN,0,NXDOMAIN
vardagskommentar.se,A,NOERROR,2,POSITIVE
vardagskommentar.se,AAAA,NOERROR,2,POSITIVE
vardagskommentar.se,MX,NOERROR,0,NODATA
vardagskommentar.se,TXT,NOERROR,0,NODATA
vardagskommentar.se,NS,NOERROR,2,POSITIVE
vardagskommentar.se,SOA,NOERROR,1,POSITIVE
vardagskommentar.se,CAA,NOERROR,0,NODATA
vardagskommentar.se,HTTPS,NXDOMAIN,0,NXDOMAIN
ictservices.se,A,NOERROR,0,NODATA
ictservices.se,AAAA,NOERROR,0,NODATA
ictservices.se,MX,NOERROR,2,POSITIVE
ictservices.se,TXT,NOERROR,1,POSITIVE
ictservices.se,NS,NOERROR,2,POSITIVE
ictservices.se,SOA,NOERROR,1,POSITIVE
ictservices.se,CAA,NOERROR,0,NODATA
ictservices.se,HTTPS,NXDOMAIN,0,NXDOMAIN
ixanon.se,A,NOERROR,1,POSITIVE
ixanon.se,AAAA,NOERROR,0,NODATA
ixanon.se,MX,NOERROR,2,POSITIVE
ixanon.se,TXT,NOERROR,1,POSITIVE
ixanon.se,NS,NOERROR,2,POSITIVE
ixanon.se,SOA,NOERROR,1,POSITIVE
ixanon.se,CAA,NOERROR,0,NODATA
ixanon.se,HTTPS,NXDOMAIN,0,NXDOMAIN
newgengrowth.se,A,NOERROR,2,POSITIVE
newgengrowth.se,AAAA,NOERROR,2,POSITIVE
newgengrowth.se,MX,NOERROR,0,NODATA
newgengrowth.se,TXT,NOERROR,0,NODATA
newgengrowth.se,NS,NOERROR,2,POSITIVE
newgengrowth.se,SOA,NOERROR,1,POSITIVE
newgengrowth.se,CAA,NOERROR,0,NODATA
newgengrowth.se,HTTPS,NXDOMAIN,0,NXDOMAIN
borjes.se,A,NOERROR,1,POSITIVE
borjes.se,AAAA,NOERROR,0,NODATA
borjes.se,MX,NOERROR,1,POSITIVE
borjes.se,TXT,NOERROR,3,POSITIVE
borjes.se,NS,NOERROR,2,POSITIVE
borjes.se,SOA,NOERROR,1,POSITIVE
borjes.se,CAA,NOERROR,0,NODATA
borjes.se,HTTPS,NXDOMAIN,0,NXDOMAIN
sj.se,A,NOERROR,4,POSITIVE
sj.se,AAAA,NOERROR,0,NODATA
sj.se,MX,NOERROR,1,POSITIVE
sj.se,TXT,ERROR,0,OTHER
sj.se,NS,NOERROR,3,POSITIVE
sj.se,SOA,NOERROR,1,POSITIVE
sj.se,CAA,NOERROR,0,NODATA
sj.se,HTTPS,NXDOMAIN,0,NXDOMAIN
researchdata.se,A,NOERROR,1,POSITIVE
researchdata.se,AAAA,NOERROR,0,NODATA
researchdata.se,MX,NOERROR,0,NODATA
researchdata.se,TXT,NOERROR,0,NODATA
researchdata.se,NS,NOERROR,2,POSITIVE
researchdata.se,SOA,NOERROR,1,POSITIVE
researchdata.se,CAA,NOERROR,0,NODATA
researchdata.se,HTTPS,NXDOMAIN,0,NXDOMAIN
danceplanet.se,A,NOERROR,1,POSITIVE
danceplanet.se,AAAA,NOERROR,1,POSITIVE
danceplanet.se,MX,NOERROR,4,POSITIVE
danceplanet.se,TXT,NOERROR,0,NODATA
danceplanet.se,NS,NOERROR,2,POSITIVE
danceplanet.se,SOA,NOERROR,1,POSITIVE
danceplanet.se,CAA,NOERROR,0,NODATA
danceplanet.se,HTTPS,NXDOMAIN,0,NXDOMAIN
innovationedge.se,A,NOERROR,2,POSITIVE
innovationedge.se,AAAA,NOERROR,2,POSITIVE
innovationedge.se,MX,NOERROR,0,NODATA
innovationedge.se,TXT,NOERROR,0,NODATA
innovationedge.se,NS,NOERROR,2,POSITIVE
innovationedge.se,SOA,NOERROR,1,POSITIVE
innovationedge.se,CAA,NOERROR,0,NODATA
innovationedge.se,HTTPS,NXDOMAIN,0,NXDOMAIN
lannasport.se,A,NOERROR,1,POSITIVE
lannasport.se,AAAA,NOERROR,0,NODATA
lannasport.se,MX,NOERROR,1,POSITIVE
lannasport.se,TXT,NOERROR,5,POSITIVE
lannasport.se,NS,NOERROR,4,POSITIVE
lannasport.se,SOA,NOERROR,1,POSITIVE
lannasport.se,CAA,NOERROR,0,NODATA
lannasport.se,HTTPS,NXDOMAIN,0,NXDOMAIN
saab.se,A,NOERROR,1,POSITIVE
saab.se,AAAA,NOERROR,0,NODATA
saab.se,MX,NOERROR,0,NODATA
saab.se,TXT,NOERROR,4,POSITIVE
saab.se,NS,NOERROR,4,POSITIVE
saab.se,SOA,NOERROR,1,POSITIVE
saab.se,CAA,NOERROR,0,NODATA
saab.se,HTTPS,NXDOMAIN,0,NXDOMAIN
efn.se,A,NOERROR,4,POSITIVE
efn.se,AAAA,NOERROR,0,NODATA
efn.se,MX,NOERROR,5,POSITIVE
efn.se,TXT,ERROR,0,OTHER
efn.se,NS,NOERROR,6,POSITIVE
efn.se,SOA,NOERROR,1,POSITIVE
efn.se,CAA,NOERROR,3,POSITIVE
efn.se,HTTPS,NXDOMAIN,0,NXDOMAIN
youtube.se,A,NOERROR,4,POSITIVE
youtube.se,AAAA,NOERROR,4,POSITIVE
youtube.se,MX,NOERROR,1,POSITIVE
youtube.se,TXT,NOERROR,1,POSITIVE
youtube.se,NS,NOERROR,4,POSITIVE
youtube.se,SOA,NOERROR,1,POSITIVE
youtube.se,CAA,NOERROR,1,POSITIVE
youtube.se,HTTPS,NXDOMAIN,0,NXDOMAIN
modellhobby.se,A,NOERROR,2,POSITIVE
modellhobby.se,AAAA,NOERROR,2,POSITIVE
modellhobby.se,MX,NOERROR,2,POSITIVE
modellhobby.se,TXT,NOERROR,3,POSITIVE
modellhobby.se,NS,NOERROR,2,POSITIVE
modellhobby.se,SOA,NOERROR,1,POSITIVE
modellhobby.se,CAA,NOERROR,0,NODATA
modellhobby.se,HTTPS,NXDOMAIN,0,NXDOMAIN
boldsolutions.se,A,NOERROR,2,POSITIVE
boldsolutions.se,AAAA,NOERROR,2,POSITIVE
boldsolutions.se,MX,NOERROR,0,NODATA
boldsolutions.se,TXT,NOERROR,0,NODATA
boldsolutions.se,NS,NOERROR,2,POSITIVE
boldsolutions.se,SOA,NOERROR,1,POSITIVE
boldsolutions.se,CAA,NOERROR,0,NODATA
boldsolutions.se,HTTPS,NXDOMAIN,0,NXDOMAIN
nordictechworld.se,A,NOERROR,2,POSITIVE
nordictechworld.se,AAAA,NOERROR,2,POSITIVE
nordictechworld.se,MX,NOERROR,0,NODATA
nordictechworld.se,TXT,NOERROR,0,NODATA
nordictechworld.se,NS,NOERROR,2,POSITIVE
nordictechworld.se,SOA,NOERROR,1,POSITIVE
nordictechworld.se,CAA,NOERROR,0,NODATA
nordictechworld.se,HTTPS,NXDOMAIN,0,NXDOMAIN
verktygsvaruhuset.se,A,NOERROR,1,POSITIVE
verktygsvaruhuset.se,AAAA,NOERROR,0,NODATA
verktygsvaruhuset.se,MX,NOERROR,1,POSITIVE
verktygsvaruhuset.se,TXT,NOERROR,2,POSITIVE
verktygsvaruhuset.se,NS,NOERROR,2,POSITIVE
verktygsvaruhuset.se,SOA,NOERROR,1,POSITIVE
verktygsvaruhuset.se,CAA,NOERROR,0,NODATA
verktygsvaruhuset.se,HTTPS,NXDOMAIN,0,NXDOMAIN
svensktnaringsliv.se,A,NOERROR,1,POSITIVE
svensktnaringsliv.se,AAAA,NOERROR,0,NODATA
svensktnaringsliv.se,MX,NOERROR,1,POSITIVE
svensktnaringsliv.se,TXT,ERROR,0,OTHER
svensktnaringsliv.se,NS,NOERROR,4,POSITIVE
svensktnaringsliv.se,SOA,NOERROR,1,POSITIVE
svensktnaringsliv.se,CAA,NOERROR,0,NODATA
svensktnaringsliv.se,HTTPS,NXDOMAIN,0,NXDOMAIN
freshsolutions.se,A,NOERROR,2,POSITIVE
freshsolutions.se,AAAA,NOERROR,2,POSITIVE
freshsolutions.se,MX,NOERROR,0,NODATA
freshsolutions.se,TXT,NOERROR,0,NODATA
freshsolutions.se,NS,NOERROR,2,POSITIVE
freshsolutions.se,SOA,NOERROR,1,POSITIVE
freshsolutions.se,CAA,NOERROR,0,NODATA
freshsolutions.se,HTTPS,NXDOMAIN,0,NXDOMAIN
econans.se,A,NOERROR,2,POSITIVE
econans.se,AAAA,NOERROR,0,NODATA
econans.se,MX,NOERROR,1,POSITIVE
econans.se,TXT,NOERROR,6,POSITIVE
econans.se,NS,NOERROR,4,POSITIVE
econans.se,SOA,NOERROR,1,POSITIVE
econans.se,CAA,NOERROR,0,NODATA
econans.se,HTTPS,NXDOMAIN,0,NXDOMAIN
hpguiden.se,A,NOERROR,1,POSITIVE
hpguiden.se,AAAA,NOERROR,0,NODATA
hpguiden.se,MX,NOERROR,2,POSITIVE
hpguiden.se,TXT,NOERROR,3,POSITIVE
hpguiden.se,NS,NOERROR,2,POSITIVE
hpguiden.se,SOA,NOERROR,1,POSITIVE
hpguiden.se,CAA,NOERROR,0,NODATA
hpguiden.se,HTTPS,NXDOMAIN,0,NXDOMAIN
bestsecret.se,A,NOERROR,2,POSITIVE
bestsecret.se,AAAA,NOERROR,0,NODATA
bestsecret.se,MX,NOERROR,1,POSITIVE
bestsecret.se,TXT,ERROR,0,OTHER
bestsecret.se,NS,NOERROR,2,POSITIVE
bestsecret.se,SOA,NOERROR,1,POSITIVE
bestsecret.se,CAA,NOERROR,0,NODATA
bestsecret.se,HTTPS,NXDOMAIN,0,NXDOMAIN
allas.se,A,NOERROR,2,POSITIVE
allas.se,AAAA,NOERROR,2,POSITIVE
allas.se,MX,NOERROR,1,POSITIVE
allas.se,TXT,ERROR,0,OTHER
allas.se,NS,NOERROR,2,POSITIVE
allas.se,SOA,NOERROR,1,POSITIVE
allas.se,CAA,ERROR,0,OTHER
allas.se,HTTPS,NXDOMAIN,0,NXDOMAIN
kicks.se,A,NOERROR,2,POSITIVE
kicks.se,AAAA,NOERROR,2,POSITIVE
kicks.se,MX,NOERROR,1,POSITIVE
kicks.se,TXT,ERROR,0,OTHER
kicks.se,NS,NOERROR,2,POSITIVE
kicks.se,SOA,NOERROR,1,POSITIVE
kicks.se,CAA,NOERROR,0,NODATA
kicks.se,HTTPS,NXDOMAIN,0,NXDOMAIN
astridlindgrensvarld.se,A,NOERROR,1,POSITIVE
astridlindgrensvarld.se,AAAA,NOERROR,0,NODATA
astridlindgrensvarld.se,MX,NOERROR,1,POSITIVE
astridlindgrensvarld.se,TXT,ERROR,0,OTHER
astridlindgrensvarld.se,NS,NOERROR,4,POSITIVE
astridlindgrensvarld.se,SOA,NOERROR,1,POSITIVE
astridlindgrensvarld.se,CAA,NOERROR,2,POSITIVE
astridlindgrensvarld.se,HTTPS,NXDOMAIN,0,NXDOMAIN
nonstop.se,A,NOERROR,1,POSITIVE
nonstop.se,AAAA,NOERROR,0,NODATA
nonstop.se,MX,NOERROR,1,POSITIVE
nonstop.se,TXT,NOERROR,1,POSITIVE
nonstop.se,NS,NOERROR,2,POSITIVE
nonstop.se,SOA,NOERROR,1,POSITIVE
nonstop.se,CAA,NOERROR,2,POSITIVE
nonstop.se,HTTPS,NXDOMAIN,0,NXDOMAIN
borenet.se,A,NOERROR,1,POSITIVE
borenet.se,AAAA,NOERROR,0,NODATA
borenet.se,MX,NOERROR,2,POSITIVE
borenet.se,TXT,NOERROR,3,POSITIVE
borenet.se,NS,NOERROR,2,POSITIVE
borenet.se,SOA,NOERROR,1,POSITIVE
borenet.se,CAA,NOERROR,0,NODATA
borenet.se,HTTPS,NXDOMAIN,0,NXDOMAIN
techinnovator.se,A,NOERROR,2,POSITIVE
techinnovator.se,AAAA,NOERROR,2,POSITIVE
techinnovator.se,MX,NOERROR,0,NODATA
techinnovator.se,TXT,NOERROR,0,NODATA
techinnovator.se,NS,NOERROR,2,POSITIVE
techinnovator.se,SOA,NOERROR,1,POSITIVE
techinnovator.se,CAA,NOERROR,0,NODATA
techinnovator.se,HTTPS,NXDOMAIN,0,NXDOMAIN
schibsted.se,A,NOERROR,1,POSITIVE
schibsted.se,AAAA,NOERROR,0,NODATA
schibsted.se,MX,NOERROR,5,POSITIVE
schibsted.se,TXT,ERROR,0,OTHER
schibsted.se,NS,NOERROR,4,POSITIVE
schibsted.se,SOA,NOERROR,1,POSITIVE
schibsted.se,CAA,NOERROR,0,NODATA
schibsted.se,HTTPS,NXDOMAIN,0,NXDOMAIN
ns.se,A,NOERROR,0,NODATA
ns.se,AAAA,NOERROR,0,NODATA
ns.se,MX,NOERROR,0,NODATA
ns.se,TXT,NOERROR,0,NODATA
ns.se,NS,NOERROR,0,NODATA
ns.se,SOA,NOERROR,0,NODATA
ns.se,CAA,NOERROR,0,NODATA
ns.se,HTTPS,NXDOMAIN,0,NXDOMAIN
difhockey.se,A,NOERROR,1,POSITIVE
difhockey.se,AAAA,NOERROR,0,NODATA
difhockey.se,MX,NOERROR,2,POSITIVE
difhockey.se,TXT,NOERROR,4,POSITIVE
difhockey.se,NS,NOERROR,2,POSITIVE
difhockey.se,SOA,NOERROR,1,POSITIVE
difhockey.se,CAA,NOERROR,0,NODATA
difhockey.se,HTTPS,NXDOMAIN,0,NXDOMAIN
designbysi.se,A,NOERROR,1,POSITIVE
designbysi.se,AAAA,NOERROR,0,NODATA
designbysi.se,MX,NOERROR,0,NODATA
designbysi.se,TXT,NOERROR,5,POSITIVE
designbysi.se,NS,NOERROR,2,POSITIVE
designbysi.se,SOA,NOERROR,1,POSITIVE
designbysi.se,CAA,NOERROR,0,NODATA
designbysi.se,HTTPS,NXDOMAIN,0,NXDOMAIN
cafax.se,A,NOERROR,0,NODATA
cafax.se,AAAA,NOERROR,0,NODATA
cafax.se,MX,NOERROR,1,POSITIVE
cafax.se,TXT,NOERROR,1,POSITIVE
cafax.se,NS,NOERROR,2,POSITIVE
cafax.se,SOA,NOERROR,1,POSITIVE
cafax.se,CAA,NOERROR,0,NODATA
cafax.se,HTTPS,NXDOMAIN,0,NXDOMAIN
tankebloggen.se,A,NOERROR,2,POSITIVE
tankebloggen.se,AAAA,NOERROR,2,POSITIVE
tankebloggen.se,MX,NOERROR,0,NODATA
tankebloggen.se,TXT,NOERROR,0,NODATA
tankebloggen.se,NS,NOERROR,2,POSITIVE
tankebloggen.se,SOA,NOERROR,1,POSITIVE
tankebloggen.se,CAA,NOERROR,0,NODATA
tankebloggen.se,HTTPS,NXDOMAIN,0,NXDOMAIN
biruang.se,A,NOERROR,1,POSITIVE
biruang.se,AAAA,NOERROR,0,NODATA
biruang.se,MX,NOERROR,1,POSITIVE
biruang.se,TXT,NOERROR,2,POSITIVE
biruang.se,NS,NOERROR,3,POSITIVE
biruang.se,SOA,NOERROR,1,POSITIVE
biruang.se,CAA,NOERROR,0,NODATA
biruang.se,HTTPS,NXDOMAIN,0,NXDOMAIN
scb.se,A,NOERROR,1,POSITIVE
scb.se,AAAA,NOERROR,1,POSITIVE
scb.se,MX,NOERROR,2,POSITIVE
scb.se,TXT,NOERROR,4,POSITIVE
scb.se,NS,NOERROR,2,POSITIVE
scb.se,SOA,NOERROR,1,POSITIVE
scb.se,CAA,NOERROR,0,NODATA
scb.se,HTTPS,NXDOMAIN,0,NXDOMAIN
travronden.se,A,NOERROR,2,POSITIVE
travronden.se,AAAA,NOERROR,0,NODATA
travronden.se,MX,NOERROR,5,POSITIVE
travronden.se,TXT,NOERROR,4,POSITIVE
travronden.se,NS,NOERROR,2,POSITIVE
travronden.se,SOA,NOERROR,1,POSITIVE
travronden.se,CAA,NOERROR,3,POSITIVE
travronden.se,HTTPS,NXDOMAIN,0,NXDOMAIN
vardagskompass.se,A,NOERROR,2,POSITIVE
vardagskompass.se,AAAA,NOERROR,2,POSITIVE
vardagskompass.se,MX,NOERROR,0,NODATA
vardagskompass.se,TXT,NOERROR,0,NODATA
vardagskompass.se,NS,NOERROR,2,POSITIVE
vardagskompass.se,SOA,NOERROR,1,POSITIVE
vardagskompass.se,CAA,NOERROR,0,NODATA
vardagskompass.se,HTTPS,NXDOMAIN,0,NXDOMAIN
inera.se,A,NOERROR,1,POSITIVE
inera.se,AAAA,NOERROR,0,NODATA
inera.se,MX,NOERROR,1,POSITIVE
inera.se,TXT,ERROR,0,OTHER
inera.se,NS,NOERROR,4,POSITIVE
inera.se,SOA,NOERROR,1,POSITIVE
inera.se,CAA,NOERROR,0,NODATA
inera.se,HTTPS,NXDOMAIN,0,NXDOMAIN
faktavarden.se,A,NOERROR,2,POSITIVE
faktavarden.se,AAAA,NOERROR,2,POSITIVE
faktavarden.se,MX,NOERROR,0,NODATA
faktavarden.se,TXT,NOERROR,0,NODATA
faktavarden.se,NS,NOERROR,2,POSITIVE
faktavarden.se,SOA,NOERROR,1,POSITIVE
faktavarden.se,CAA,NOERROR,0,NODATA
faktavarden.se,HTTPS,NXDOMAIN,0,NXDOMAIN
okq8bank.se,A,NOERROR,1,POSITIVE
okq8bank.se,AAAA,NOERROR,0,NODATA
okq8bank.se,MX,NOERROR,1,POSITIVE
okq8bank.se,TXT,NOERROR,6,POSITIVE
okq8bank.se,NS,NOERROR,2,POSITIVE
okq8bank.se,SOA,NOERROR,1,POSITIVE
okq8bank.se,CAA,NOERROR,5,POSITIVE
okq8bank.se,HTTPS,NXDOMAIN,0,NXDOMAIN
spfseniorerna.se,A,NOERROR,1,POSITIVE
spfseniorerna.se,AAAA,NOERROR,0,NODATA
spfseniorerna.se,MX,NOERROR,1,POSITIVE
spfseniorerna.se,TXT,ERROR,0,OTHER
spfseniorerna.se,NS,NOERROR,2,POSITIVE
spfseniorerna.se,SOA,NOERROR,1,POSITIVE
spfseniorerna.se,CAA,NOERROR,0,NODATA
spfseniorerna.se,HTTPS,NXDOMAIN,0,NXDOMAIN
tyresobostader.se,A,NOERROR,1,POSITIVE
tyresobostader.se,AAAA,NOERROR,0,NODATA
tyresobostader.se,MX,NOERROR,1,POSITIVE
tyresobostader.se,TXT,NOERROR,3,POSITIVE
tyresobostader.se,NS,NOERROR,2,POSITIVE
tyresobostader.se,SOA,NOERROR,1,POSITIVE
tyresobostader.se,CAA,NOERROR,5,POSITIVE
tyresobostader.se,HTTPS,NXDOMAIN,0,NXDOMAIN
carla.se,A,NOERROR,1,POSITIVE
carla.se,AAAA,NOERROR,0,NODATA
carla.se,MX,NOERROR,5,POSITIVE
carla.se,TXT,ERROR,0,OTHER
carla.se,NS,NOERROR,4,POSITIVE
carla.se,SOA,NOERROR,1,POSITIVE
carla.se,CAA,NOERROR,0,NODATA
carla.se,HTTPS,NXDOMAIN,0,NXDOMAIN
power.se,A,NOERROR,1,POSITIVE
power.se,AAAA,NOERROR,0,NODATA
power.se,MX,NOERROR,1,POSITIVE
power.se,TXT,ERROR,0,OTHER
power.se,NS,NOERROR,3,POSITIVE
power.se,SOA,NOERROR,1,POSITIVE
power.se,CAA,NOERROR,0,NODATA
power.se,HTTPS,NXDOMAIN,0,NXDOMAIN
bredbandsval.se,A,NOERROR,1,POSITIVE
bredbandsval.se,AAAA,NOERROR,0,NODATA
bredbandsval.se,MX,NOERROR,5,POSITIVE
bredbandsval.se,TXT,NOERROR,3,POSITIVE
bredbandsval.se,NS,NOERROR,2,POSITIVE
bredbandsval.se,SOA,NOERROR,1,POSITIVE
bredbandsval.se,CAA,NOERROR,0,NODATA
bredbandsval.se,HTTPS,NXDOMAIN,0,NXDOMAIN
telgenytt.se,A,NOERROR,2,POSITIVE
telgenytt.se,AAAA,NOERROR,2,POSITIVE
telgenytt.se,MX,NOERROR,1,POSITIVE
telgenytt.se,TXT,NOERROR,4,POSITIVE
telgenytt.se,NS,NOERROR,2,POSITIVE
telgenytt.se,SOA,NOERROR,1,POSITIVE
telgenytt.se,CAA,NOERROR,0,NODATA
telgenytt.se,HTTPS,NXDOMAIN,0,NXDOMAIN
puresolutionslab.se,A,NOERROR,2,POSITIVE
puresolutionslab.se,AAAA,NOERROR,2,POSITIVE
puresolutionslab.se,MX,NOERROR,0,NODATA
puresolutionslab.se,TXT,NOERROR,0,NODATA
puresolutionslab.se,NS,NOERROR,2,POSITIVE
puresolutionslab.se,SOA,NOERROR,1,POSITIVE
puresolutionslab.se,CAA,NOERROR,0,NODATA
puresolutionslab.se,HTTPS,NXDOMAIN,0,NXDOMAIN
svedea.se,A,NOERROR,1,POSITIVE
svedea.se,AAAA,NOERROR,0,NODATA
svedea.se,MX,NOERROR,1,POSITIVE
svedea.se,TXT,ERROR,0,OTHER
svedea.se,NS,NOERROR,2,POSITIVE
svedea.se,SOA,NOERROR,1,POSITIVE
svedea.se,CAA,NOERROR,0,NODATA
svedea.se,HTTPS,NXDOMAIN,0,NXDOMAIN
textperspektiv.se,A,NOERROR,2,POSITIVE
textperspektiv.se,AAAA,NOERROR,2,POSITIVE
textperspektiv.se,MX,NOERROR,0,NODATA
textperspektiv.se,TXT,NOERROR,0,NODATA
textperspektiv.se,NS,NOERROR,2,POSITIVE
textperspektiv.se,SOA,NOERROR,1,POSITIVE
textperspektiv.se,CAA,NOERROR,0,NODATA
textperspektiv.se,HTTPS,NXDOMAIN,0,NXDOMAIN
museiresan.se,A,NOERROR,2,POSITIVE
museiresan.se,AAAA,NOERROR,2,POSITIVE
museiresan.se,MX,NOERROR,0,NODATA
museiresan.se,TXT,NOERROR,1,POSITIVE
museiresan.se,NS,NOERROR,2,POSITIVE
museiresan.se,SOA,NOERROR,1,POSITIVE
museiresan.se,CAA,NOERROR,0,NODATA
museiresan.se,HTTPS,NXDOMAIN,0,NXDOMAIN
sparbankenskane.se,A,NOERROR,4,POSITIVE
sparbankenskane.se,AAAA,NOERROR,0,NODATA
sparbankenskane.se,MX,NOERROR,2,POSITIVE
sparbankenskane.se,TXT,NOERROR,5,POSITIVE
sparbankenskane.se,NS,NOERROR,4,POSITIVE
sparbankenskane.se,SOA,NOERROR,1,POSITIVE
sparbankenskane.se,CAA,NOERROR,0,NODATA
sparbankenskane.se,HTTPS,NXDOMAIN,0,NXDOMAIN
forsakringskassan.se,A,NOERROR,1,POSITIVE
forsakringskassan.se,AAAA,NOERROR,1,POSITIVE
forsakringskassan.se,MX,NOERROR,2,POSITIVE
forsakringskassan.se,TXT,ERROR,0,OTHER
forsakringskassan.se,NS,NOERROR,7,POSITIVE
forsakringskassan.se,SOA,NOERROR,1,POSITIVE
forsakringskassan.se,CAA,NOERROR,0,NODATA
forsakringskassan.se,HTTPS,NXDOMAIN,0,NXDOMAIN
hifikit.se,A,NOERROR,1,POSITIVE
hifikit.se,AAAA,NOERROR,0,NODATA
hifikit.se,MX,NOERROR,5,POSITIVE
hifikit.se,TXT,NOERROR,2,POSITIVE
hifikit.se,NS,NOERROR,6,POSITIVE
hifikit.se,SOA,NOERROR,1,POSITIVE
hifikit.se,CAA,NOERROR,0,NODATA
hifikit.se,HTTPS,NXDOMAIN,0,NXDOMAIN
preem.se,A,NOERROR,1,POSITIVE
preem.se,AAAA,NOERROR,0,NODATA
preem.se,MX,NOERROR,1,POSITIVE
preem.se,TXT,NOERROR,4,POSITIVE
preem.se,NS,NOERROR,2,POSITIVE
preem.se,SOA,NOERROR,1,POSITIVE
preem.se,CAA,NOERROR,7,POSITIVE
preem.se,HTTPS,NXDOMAIN,0,NXDOMAIN
captumgroup.se,A,NOERROR,2,POSITIVE
captumgroup.se,AAAA,NOERROR,0,NODATA
captumgroup.se,MX,NOERROR,1,POSITIVE
captumgroup.se,TXT,NOERROR,2,POSITIVE
captumgroup.se,NS,NOERROR,3,POSITIVE
captumgroup.se,SOA,NOERROR,1,POSITIVE
captumgroup.se,CAA,NOERROR,0,NODATA
captumgroup.se,HTTPS,NXDOMAIN,0,NXDOMAIN
anisuge.se,A,NOERROR,2,POSITIVE
anisuge.se,AAAA,NOERROR,2,POSITIVE
anisuge.se,MX,NOERROR,0,NODATA
anisuge.se,TXT,NOERROR,0,NODATA
anisuge.se,NS,NOERROR,2,POSITIVE
anisuge.se,SOA,NOERROR,1,POSITIVE
anisuge.se,CAA,NOERROR,0,NODATA
anisuge.se,HTTPS,NXDOMAIN,0,NXDOMAIN
best-practice.se,A,NOERROR,1,POSITIVE
best-practice.se,AAAA,NOERROR,1,POSITIVE
best-practice.se,MX,NOERROR,7,POSITIVE
best-practice.se,TXT,NOERROR,1,POSITIVE
best-practice.se,NS,NOERROR,2,POSITIVE
best-practice.se,SOA,NOERROR,1,POSITIVE
best-practice.se,CAA,NOERROR,0,NODATA
best-practice.se,HTTPS,NXDOMAIN,0,NXDOMAIN
aftonbladet.se,A,NOERROR,2,POSITIVE
aftonbladet.se,AAAA,NOERROR,0,NODATA
aftonbladet.se,MX,NOERROR,5,POSITIVE
aftonbladet.se,TXT,ERROR,0,OTHER
aftonbladet.se,NS,NOERROR,6,POSITIVE
aftonbladet.se,SOA,NOERROR,1,POSITIVE
aftonbladet.se,CAA,NOERROR,0,NODATA
aftonbladet.se,HTTPS,NXDOMAIN,0,NXDOMAIN
webnode.se,A,NOERROR,2,POSITIVE
webnode.se,AAAA,NOERROR,0,NODATA
webnode.se,MX,NOERROR,1,POSITIVE
webnode.se,TXT,NOERROR,2,POSITIVE
webnode.se,NS,NOERROR,4,POSITIVE
webnode.se,SOA,NOERROR,1,POSITIVE
webnode.se,CAA,NOERROR,0,NODATA
webnode.se,HTTPS,NXDOMAIN,0,NXDOMAIN
jeppastradgard.se,A,NOERROR,1,POSITIVE
jeppastradgard.se,AAAA,NOERROR,0,NODATA
jeppastradgard.se,MX,NOERROR,1,POSITIVE
jeppastradgard.se,TXT,NOERROR,4,POSITIVE
jeppastradgard.se,NS,NOERROR,3,POSITIVE
jeppastradgard.se,SOA,NOERROR,1,POSITIVE
jeppastradgard.se,CAA,NOERROR,0,NODATA
jeppastradgard.se,HTTPS,NXDOMAIN,0,NXDOMAIN
vinylpladen.se,A,NOERROR,1,POSITIVE
vinylpladen.se,AAAA,NOERROR,0,NODATA
vinylpladen.se,MX,NOERROR,5,POSITIVE
vinylpladen.se,TXT,NOERROR,2,POSITIVE
vinylpladen.se,NS,NOERROR,4,POSITIVE
vinylpladen.se,SOA,NOERROR,1,POSITIVE
vinylpladen.se,CAA,NOERROR,0,NODATA
vinylpladen.se,HTTPS,NXDOMAIN,0,NXDOMAIN
sgi.se,A,NOERROR,1,POSITIVE
sgi.se,AAAA,NOERROR,0,NODATA
sgi.se,MX,NOERROR,4,POSITIVE
sgi.se,TXT,NOERROR,4,POSITIVE
sgi.se,NS,NOERROR,2,POSITIVE
sgi.se,SOA,NOERROR,1,POSITIVE
sgi.se,CAA,NOERROR,0,NODATA
sgi.se,HTTPS,NXDOMAIN,0,NXDOMAIN
stangastaden.se,A,NOERROR,1,POSITIVE
stangastaden.se,AAAA,NOERROR,0,NODATA
stangastaden.se,MX,NOERROR,1,POSITIVE
stangastaden.se,TXT,ERROR,0,OTHER
stangastaden.se,NS,NOERROR,2,POSITIVE
stangastaden.se,SOA,NOERROR,1,POSITIVE
stangastaden.se,CAA,NOERROR,0,NODATA
stangastaden.se,HTTPS,NXDOMAIN,0,NXDOMAIN
redeye.se,A,NOERROR,2,POSITIVE
redeye.se,AAAA,NOERROR,2,POSITIVE
redeye.se,MX,NOERROR,5,POSITIVE
redeye.se,TXT,ERROR,0,OTHER
redeye.se,NS,NOERROR,2,POSITIVE
redeye.se,SOA,NOERROR,1,POSITIVE
redeye.se,CAA,NOERROR,0,NODATA
redeye.se,HTTPS,NXDOMAIN,0,NXDOMAIN
velltra.se,A,NOERROR,1,POSITIVE
velltra.se,AAAA,NOERROR,0,NODATA
velltra.se,MX,NOERROR,5,POSITIVE
velltra.se,TXT,NOERROR,1,POSITIVE
velltra.se,NS,NOERROR,2,POSITIVE
velltra.se,SOA,NOERROR,1,POSITIVE
velltra.se,CAA,NOERROR,0,NODATA
velltra.se,HTTPS,NXDOMAIN,0,NXDOMAIN
hv.se,A,NOERROR,1,POSITIVE
hv.se,AAAA,NOERROR,0,NODATA
hv.se,MX,NOERROR,2,POSITIVE
hv.se,TXT,ERROR,0,OTHER
hv.se,NS,NOERROR,2,POSITIVE
hv.se,SOA,NOERROR,1,POSITIVE
hv.se,CAA,NOERROR,4,POSITIVE
hv.se,HTTPS,NXDOMAIN,0,NXDOMAIN
enrad.se,A,NOERROR,1,POSITIVE
enrad.se,AAAA,NOERROR,0,NODATA
enrad.se,MX,NOERROR,1,POSITIVE
enrad.se,TXT,NOERROR,3,POSITIVE
enrad.se,NS,NOERROR,2,POSITIVE
enrad.se,SOA,NOERROR,1,POSITIVE
enrad.se,CAA,NOERROR,0,NODATA
enrad.se,HTTPS,NXDOMAIN,0,NXDOMAIN
olandsbladet.se,A,NOERROR,1,POSITIVE
olandsbladet.se,AAAA,NOERROR,0,NODATA
olandsbladet.se,MX,NOERROR,1,POSITIVE
olandsbladet.se,TXT,ERROR,0,OTHER
olandsbladet.se,NS,NOERROR,4,POSITIVE
olandsbladet.se,SOA,NOERROR,1,POSITIVE
olandsbladet.se,CAA,NOERROR,0,NODATA
olandsbladet.se,HTTPS,NXDOMAIN,0,NXDOMAIN
frialigan.se,A,NOERROR,2,POSITIVE
frialigan.se,AAAA,NOERROR,2,POSITIVE
frialigan.se,MX,NOERROR,5,POSITIVE
frialigan.se,TXT,NOERROR,2,POSITIVE
frialigan.se,NS,NOERROR,2,POSITIVE
frialigan.se,SOA,NOERROR,1,POSITIVE
frialigan.se,CAA,NOERROR,0,NODATA
frialigan.se,HTTPS,NXDOMAIN,0,NXDOMAIN
bilprovning.se,A,NOERROR,1,POSITIVE
bilprovning.se,AAAA,NOERROR,0,NODATA
bilprovning.se,MX,NOERROR,1,POSITIVE
bilprovning.se,TXT,ERROR,0,OTHER
bilprovning.se,NS,NOERROR,4,POSITIVE
bilprovning.se,SOA,NOERROR,1,POSITIVE
bilprovning.se,CAA,NOERROR,0,NODATA
bilprovning.se,HTTPS,NXDOMAIN,0,NXDOMAIN
vapehuset.se,A,NOERROR,2,POSITIVE
vapehuset.se,AAAA,NOERROR,2,POSITIVE
vapehuset.se,MX,NOERROR,5,POSITIVE
vapehuset.se,TXT,NOERROR,5,POSITIVE
vapehuset.se,NS,NOERROR,2,POSITIVE
vapehuset.se,SOA,NOERROR,1,POSITIVE
vapehuset.se,CAA,NOERROR,0,NODATA
vapehuset.se,HTTPS,NXDOMAIN,0,NXDOMAIN
racetimer.se,A,NOERROR,1,POSITIVE
racetimer.se,AAAA,NOERROR,0,NODATA
racetimer.se,MX,NOERROR,7,POSITIVE
racetimer.se,TXT,NOERROR,3,POSITIVE
racetimer.se,NS,NOERROR,4,POSITIVE
racetimer.se,SOA,NOERROR,1,POSITIVE
racetimer.se,CAA,NOERROR,0,NODATA
racetimer.se,HTTPS,NXDOMAIN,0,NXDOMAIN
affarsblick.se,A,NOERROR,2,POSITIVE
affarsblick.se,AAAA,NOERROR,2,POSITIVE
affarsblick.se,MX,NOERROR,0,NODATA
affarsblick.se,TXT,NOERROR,0,NODATA
affarsblick.se,NS,NOERROR,2,POSITIVE
affarsblick.se,SOA,NOERROR,1,POSITIVE
affarsblick.se,CAA,NOERROR,0,NODATA
affarsblick.se,HTTPS,NXDOMAIN,0,NXDOMAIN
futuregrowth.se,A,NOERROR,2,POSITIVE
futuregrowth.se,AAAA,NOERROR,2,POSITIVE
futuregrowth.se,MX,NOERROR,0,NODATA
futuregrowth.se,TXT,NOERROR,0,NODATA
futuregrowth.se,NS,NOERROR,2,POSITIVE
futuregrowth.se,SOA,NOERROR,1,POSITIVE
futuregrowth.se,CAA,NOERROR,0,NODATA
futuregrowth.se,HTTPS,NXDOMAIN,0,NXDOMAIN
botkyrka.se,A,NOERROR,1,POSITIVE
botkyrka.se,AAAA,NOERROR,1,POSITIVE
botkyrka.se,MX,NOERROR,1,POSITIVE
botkyrka.se,TXT,ERROR,0,OTHER
botkyrka.se,NS,NOERROR,4,POSITIVE
botkyrka.se,SOA,NOERROR,1,POSITIVE
botkyrka.se,CAA,NOERROR,0,NODATA
botkyrka.se,HTTPS,NXDOMAIN,0,NXDOMAIN
arxit.se,A,NOERROR,1,POSITIVE
arxit.se,AAAA,NOERROR,0,NODATA
arxit.se,MX,NOERROR,1,POSITIVE
arxit.se,TXT,NOERROR,6,POSITIVE
arxit.se,NS,NOERROR,2,POSITIVE
arxit.se,SOA,NOERROR,1,POSITIVE
arxit.se,CAA,NOERROR,0,NODATA
arxit.se,HTTPS,NXDOMAIN,0,NXDOMAIN
vardagssammanfattning.se,A,NOERROR,2,POSITIVE
vardagssammanfattning.se,AAAA,NOERROR,2,POSITIVE
vardagssammanfattning.se,MX,NOERROR,0,NODATA
vardagssammanfattning.se,TXT,NOERROR,0,NODATA
vardagssammanfattning.se,NS,NOERROR,2,POSITIVE
vardagssammanfattning.se,SOA,NOERROR,1,POSITIVE
vardagssammanfattning.se,CAA,NOERROR,0,NODATA
vardagssammanfattning.se,HTTPS,NXDOMAIN,0,NXDOMAIN
proreeltwist.se,A,NOERROR,2,POSITIVE
proreeltwist.se,AAAA,NOERROR,2,POSITIVE
proreeltwist.se,MX,NOERROR,0,NODATA
proreeltwist.se,TXT,NOERROR,0,NODATA
proreeltwist.se,NS,NOERROR,2,POSITIVE
proreeltwist.se,SOA,NOERROR,1,POSITIVE
proreeltwist.se,CAA,NOERROR,0,NODATA
proreeltwist.se,HTTPS,NXDOMAIN,0,NXDOMAIN
scandichotels.se,A,NOERROR,1,POSITIVE
scandichotels.se,AAAA,NOERROR,0,NODATA
scandichotels.se,MX,NOERROR,0,NODATA
scandichotels.se,TXT,ERROR,0,OTHER
scandichotels.se,NS,NOERROR,2,POSITIVE
scandichotels.se,SOA,NOERROR,1,POSITIVE
scandichotels.se,CAA,NOERROR,0,NODATA
scandichotels.se,HTTPS,NXDOMAIN,0,NXDOMAIN
meitner.se,A,NOERROR,1,POSITIVE
meitner.se,AAAA,NOERROR,0,NODATA
meitner.se,MX,NOERROR,5,POSITIVE
meitner.se,TXT,NOERROR,6,POSITIVE
meitner.se,NS,NOERROR,4,POSITIVE
meitner.se,SOA,NOERROR,1,POSITIVE
meitner.se,CAA,NOERROR,0,NODATA
meitner.se,HTTPS,NXDOMAIN,0,NXDOMAIN
sp.se,A,NOERROR,1,POSITIVE
sp.se,AAAA,NOERROR,1,POSITIVE
sp.se,MX,NOERROR,1,POSITIVE
sp.se,TXT,ERROR,0,OTHER
sp.se,NS,NOERROR,5,POSITIVE
sp.se,SOA,NOERROR,1,POSITIVE
sp.se,CAA,NOERROR,0,NODATA
sp.se,HTTPS,NXDOMAIN,0,NXDOMAIN
ortopediskakuddar.se,A,NOERROR,2,POSITIVE
ortopediskakuddar.se,AAAA,NOERROR,0,NODATA
ortopediskakuddar.se,MX,NOERROR,2,POSITIVE
ortopediskakuddar.se,TXT,NOERROR,3,POSITIVE
ortopediskakuddar.se,NS,NOERROR,2,POSITIVE
ortopediskakuddar.se,SOA,NOERROR,1,POSITIVE
ortopediskakuddar.se,CAA,NOERROR,0,NODATA
ortopediskakuddar.se,HTTPS,NXDOMAIN,0,NXDOMAIN
webbplatsen.se,A,NOERROR,1,POSITIVE
webbplatsen.se,AAAA,NOERROR,0,NODATA
webbplatsen.se,MX,NOERROR,1,POSITIVE
webbplatsen.se,TXT,ERROR,0,OTHER
webbplatsen.se,NS,NOERROR,4,POSITIVE
webbplatsen.se,SOA,NOERROR,1,POSITIVE
webbplatsen.se,CAA,NOERROR,0,NODATA
webbplatsen.se,HTTPS,NXDOMAIN,0,NXDOMAIN
linasmatkasse.se,A,NOERROR,1,POSITIVE
linasmatkasse.se,AAAA,NOERROR,0,NODATA
linasmatkasse.se,MX,NOERROR,2,POSITIVE
linasmatkasse.se,TXT,ERROR,0,OTHER
linasmatkasse.se,NS,NOERROR,4,POSITIVE
linasmatkasse.se,SOA,NOERROR,1,POSITIVE
linasmatkasse.se,CAA,NOERROR,0,NODATA
linasmatkasse.se,HTTPS,NXDOMAIN,0,NXDOMAIN
husohem.se,A,NOERROR,1,POSITIVE
husohem.se,AAAA,NOERROR,1,POSITIVE
husohem.se,MX,NOERROR,0,NODATA
husohem.se,TXT,NOERROR,2,POSITIVE
husohem.se,NS,NOERROR,4,POSITIVE
husohem.se,SOA,NOERROR,1,POSITIVE
husohem.se,CAA,NOERROR,0,NODATA
husohem.se,HTTPS,NXDOMAIN,0,NXDOMAIN
menigo.se,A,NOERROR,1,POSITIVE
menigo.se,AAAA,NOERROR,1,POSITIVE
menigo.se,MX,NOERROR,2,POSITIVE
menigo.se,TXT,ERROR,0,OTHER
menigo.se,NS,NOERROR,2,POSITIVE
menigo.se,SOA,NOERROR,1,POSITIVE
menigo.se,CAA,NOERROR,0,NODATA
menigo.se,HTTPS,NXDOMAIN,0,NXDOMAIN
svenskakyrkanjonkoping.se,A,NOERROR,2,POSITIVE
svenskakyrkanjonkoping.se,AAAA,NOERROR,2,POSITIVE
svenskakyrkanjonkoping.se,MX,NOERROR,3,POSITIVE
svenskakyrkanjonkoping.se,TXT,NOERROR,0,NODATA
svenskakyrkanjonkoping.se,NS,NOERROR,2,POSITIVE
svenskakyrkanjonkoping.se,SOA,NOERROR,1,POSITIVE
svenskakyrkanjonkoping.se,CAA,NOERROR,0,NODATA
svenskakyrkanjonkoping.se,HTTPS,NXDOMAIN,0,NXDOMAIN
sitedns.se,A,NOERROR,1,POSITIVE
sitedns.se,AAAA,NOERROR,0,NODATA
sitedns.se,MX,NOERROR,2,POSITIVE
sitedns.se,TXT,NOERROR,3,POSITIVE
sitedns.se,NS,NOERROR,2,POSITIVE
sitedns.se,SOA,NOERROR,1,POSITIVE
sitedns.se,CAA,NOERROR,0,NODATA
sitedns.se,HTTPS,NXDOMAIN,0,NXDOMAIN
eskilstuna.se,A,NOERROR,1,POSITIVE
eskilstuna.se,AAAA,NOERROR,1,POSITIVE
eskilstuna.se,MX,NOERROR,1,POSITIVE
eskilstuna.se,TXT,ERROR,0,OTHER
eskilstuna.se,NS,NOERROR,5,POSITIVE
eskilstuna.se,SOA,NOERROR,1,POSITIVE
eskilstuna.se,CAA,NOERROR,0,NODATA
eskilstuna.se,HTTPS,NXDOMAIN,0,NXDOMAIN
norrteljetidning.se,A,NOERROR,1,POSITIVE
norrteljetidning.se,AAAA,NOERROR,0,NODATA
norrteljetidning.se,MX,NOERROR,5,POSITIVE
norrteljetidning.se,TXT,NOERROR,6,POSITIVE
norrteljetidning.se,NS,NOERROR,4,POSITIVE
norrteljetidning.se,SOA,NOERROR,1,POSITIVE
norrteljetidning.se,CAA,NOERROR,0,NODATA
norrteljetidning.se,HTTPS,NXDOMAIN,0,NXDOMAIN
twostroke.se,A,NOERROR,1,POSITIVE
twostroke.se,AAAA,NOERROR,0,NODATA
twostroke.se,MX,NOERROR,1,POSITIVE
twostroke.se,TXT,NOERROR,2,POSITIVE
twostroke.se,NS,NOERROR,2,POSITIVE
twostroke.se,SOA,NOERROR,1,POSITIVE
twostroke.se,CAA,NOERROR,0,NODATA
twostroke.se,HTTPS,NXDOMAIN,0,NXDOMAIN
friidrott.se,A,NOERROR,2,POSITIVE
friidrott.se,AAAA,NOERROR,0,NODATA
friidrott.se,MX,NOERROR,1,POSITIVE
friidrott.se,TXT,NOERROR,2,POSITIVE
friidrott.se,NS,NOERROR,3,POSITIVE
friidrott.se,SOA,NOERROR,1,POSITIVE
friidrott.se,CAA,NOERROR,0,NODATA
friidrott.se,HTTPS,NXDOMAIN,0,NXDOMAIN
blogginsikter.se,A,NOERROR,2,POSITIVE
blogginsikter.se,AAAA,NOERROR,2,POSITIVE
blogginsikter.se,MX,NOERROR,0,NODATA
blogginsikter.se,TXT,NOERROR,0,NODATA
blogginsikter.se,NS,NOERROR,2,POSITIVE
blogginsikter.se,SOA,NOERROR,1,POSITIVE
blogginsikter.se,CAA,NOERROR,0,NODATA
blogginsikter.se,HTTPS,NXDOMAIN,0,NXDOMAIN
danslogen.se,A,NOERROR,2,POSITIVE
danslogen.se,AAAA,NOERROR,2,POSITIVE
danslogen.se,MX,NOERROR,1,POSITIVE
danslogen.se,TXT,NOERROR,2,POSITIVE
danslogen.se,NS,NOERROR,2,POSITIVE
danslogen.se,SOA,NOERROR,1,POSITIVE
danslogen.se,CAA,NOERROR,0,NODATA
danslogen.se,HTTPS,NXDOMAIN,0,NXDOMAIN
kabe.se,A,NOERROR,2,POSITIVE
kabe.se,AAAA,NOERROR,0,NODATA
kabe.se,MX,NOERROR,1,POSITIVE
kabe.se,TXT,ERROR,0,OTHER
kabe.se,NS,NOERROR,4,POSITIVE
kabe.se,SOA,NOERROR,1,POSITIVE
kabe.se,CAA,NOERROR,0,NODATA
kabe.se,HTTPS,NXDOMAIN,0,NXDOMAIN
tillvaxtnavet.se,A,NOERROR,2,POSITIVE
tillvaxtnavet.se,AAAA,NOERROR,2,POSITIVE
tillvaxtnavet.se,MX,NOERROR,0,NODATA
tillvaxtnavet.se,TXT,NOERROR,0,NODATA
tillvaxtnavet.se,NS,NOERROR,2,POSITIVE
tillvaxtnavet.se,SOA,NOERROR,1,POSITIVE
tillvaxtnavet.se,CAA,NOERROR,0,NODATA
tillvaxtnavet.se,HTTPS,NXDOMAIN,0,NXDOMAIN
svenskhandboll.se,A,NOERROR,1,POSITIVE
svenskhandboll.se,AAAA,NOERROR,0,NODATA
svenskhandboll.se,MX,NOERROR,1,POSITIVE
svenskhandboll.se,TXT,NOERROR,5,POSITIVE
svenskhandboll.se,NS,NOERROR,4,POSITIVE
svenskhandboll.se,SOA,NOERROR,1,POSITIVE
svenskhandboll.se,CAA,NOERROR,0,NODATA
svenskhandboll.se,HTTPS,NXDOMAIN,0,NXDOMAIN
itsystem.se,A,NOERROR,1,POSITIVE
itsystem.se,AAAA,NOERROR,0,NODATA
itsystem.se,MX,NOERROR,1,POSITIVE
itsystem.se,TXT,NOERROR,1,POSITIVE
itsystem.se,NS,NOERROR,2,POSITIVE
itsystem.se,SOA,NOERROR,1,POSITIVE
itsystem.se,CAA,NOERROR,4,POSITIVE
itsystem.se,HTTPS,NXDOMAIN,0,NXDOMAIN
mgmtnet.se,A,ERROR,0,OTHER
mgmtnet.se,AAAA,ERROR,0,OTHER
mgmtnet.se,MX,ERROR,0,OTHER
mgmtnet.se,TXT,ERROR,0,OTHER
mgmtnet.se,NS,ERROR,0,OTHER
mgmtnet.se,SOA,ERROR,0,OTHER
mgmtnet.se,CAA,ERROR,0,OTHER
mgmtnet.se,HTTPS,NXDOMAIN,0,NXDOMAIN
fouredge.se,A,NOERROR,1,POSITIVE
fouredge.se,AAAA,NOERROR,0,NODATA
fouredge.se,MX,NOERROR,1,POSITIVE
fouredge.se,TXT,ERROR,0,OTHER
fouredge.se,NS,NOERROR,3,POSITIVE
fouredge.se,SOA,NOERROR,1,POSITIVE
fouredge.se,CAA,NOERROR,0,NODATA
fouredge.se,HTTPS,NXDOMAIN,0,NXDOMAIN
land.se,A,NOERROR,1,POSITIVE
land.se,AAAA,NOERROR,0,NODATA
land.se,MX,NOERROR,1,POSITIVE
land.se,TXT,ERROR,0,OTHER
land.se,NS,NOERROR,4,POSITIVE
land.se,SOA,NOERROR,1,POSITIVE
land.se,CAA,NOERROR,0,NODATA
land.se,HTTPS,NXDOMAIN,0,NXDOMAIN
torget.se,A,NOERROR,2,POSITIVE
torget.se,AAAA,NOERROR,2,POSITIVE
torget.se,MX,NOERROR,1,POSITIVE
torget.se,TXT,NOERROR,2,POSITIVE
torget.se,NS,NOERROR,2,POSITIVE
torget.se,SOA,NOERROR,1,POSITIVE
torget.se,CAA,NOERROR,0,NODATA
torget.se,HTTPS,NXDOMAIN,0,NXDOMAIN
ekonomiperspekt.se,A,NOERROR,2,POSITIVE
ekonomiperspekt.se,AAAA,NOERROR,2,POSITIVE
ekonomiperspekt.se,MX,NOERROR,0,NODATA
ekonomiperspekt.se,TXT,NOERROR,0,NODATA
ekonomiperspekt.se,NS,NOERROR,2,POSITIVE
ekonomiperspekt.se,SOA,NOERROR,1,POSITIVE
ekonomiperspekt.se,CAA,NOERROR,0,NODATA
ekonomiperspekt.se,HTTPS,NXDOMAIN,0,NXDOMAIN
eddna.se,A,NOERROR,1,POSITIVE
eddna.se,AAAA,NOERROR,0,NODATA
eddna.se,MX,NOERROR,1,POSITIVE
eddna.se,TXT,ERROR,0,OTHER
eddna.se,NS,NOERROR,2,POSITIVE
eddna.se,SOA,NOERROR,1,POSITIVE
eddna.se,CAA,NOERROR,0,NODATA
eddna.se,HTTPS,NXDOMAIN,0,NXDOMAIN
oresundstag.se,A,NOERROR,1,POSITIVE
oresundstag.se,AAAA,NOERROR,0,NODATA
oresundstag.se,MX,NOERROR,1,POSITIVE
oresundstag.se,TXT,NOERROR,3,POSITIVE
oresundstag.se,NS,NOERROR,5,POSITIVE
oresundstag.se,SOA,NOERROR,1,POSITIVE
oresundstag.se,CAA,NOERROR,0,NODATA
oresundstag.se,HTTPS,NXDOMAIN,0,NXDOMAIN
ystad.se,A,NOERROR,1,POSITIVE
ystad.se,AAAA,NOERROR,1,POSITIVE
ystad.se,MX,NOERROR,1,POSITIVE
ystad.se,TXT,ERROR,0,OTHER
ystad.se,NS,NOERROR,4,POSITIVE
ystad.se,SOA,NOERROR,1,POSITIVE
ystad.se,CAA,NOERROR,0,NODATA
ystad.se,HTTPS,NXDOMAIN,0,NXDOMAIN
ntp.se,A,NOERROR,1,POSITIVE
ntp.se,AAAA,NOERROR,1,POSITIVE
ntp.se,MX,NOERROR,0,NODATA
ntp.se,TXT,NOERROR,2,POSITIVE
ntp.se,NS,NOERROR,4,POSITIVE
ntp.se,SOA,NOERROR,1,POSITIVE
ntp.se,CAA,NOERROR,3,POSITIVE
ntp.se,HTTPS,NXDOMAIN,0,NXDOMAIN
infiniteinnovations.se,A,NOERROR,2,POSITIVE
infiniteinnovations.se,AAAA,NOERROR,2,POSITIVE
infiniteinnovations.se,MX,NOERROR,0,NODATA
infiniteinnovations.se,TXT,NOERROR,0,NODATA
infiniteinnovations.se,NS,NOERROR,2,POSITIVE
infiniteinnovations.se,SOA,NOERROR,1,POSITIVE
infiniteinnovations.se,CAA,NOERROR,0,NODATA
infiniteinnovations.se,HTTPS,NXDOMAIN,0,NXDOMAIN
krisinformation.se,A,NOERROR,1,POSITIVE
krisinformation.se,AAAA,NOERROR,0,NODATA
krisinformation.se,MX,NOERROR,2,POSITIVE
krisinformation.se,TXT,ERROR,0,OTHER
krisinformation.se,NS,NOERROR,5,POSITIVE
krisinformation.se,SOA,NOERROR,1,POSITIVE
krisinformation.se,CAA,NOERROR,7,POSITIVE
krisinformation.se,HTTPS,NXDOMAIN,0,NXDOMAIN
frittord250.se,A,NOERROR,2,POSITIVE
frittord250.se,AAAA,NOERROR,2,POSITIVE
frittord250.se,MX,NOERROR,0,NODATA
frittord250.se,TXT,NOERROR,0,NODATA
frittord250.se,NS,NOERROR,2,POSITIVE
frittord250.se,SOA,NOERROR,1,POSITIVE
frittord250.se,CAA,NOERROR,0,NODATA
frittord250.se,HTTPS,NXDOMAIN,0,NXDOMAIN
lerouge.se,A,NOERROR,2,POSITIVE
lerouge.se,AAAA,NOERROR,2,POSITIVE
lerouge.se,MX,NOERROR,0,NODATA
lerouge.se,TXT,NOERROR,0,NODATA
lerouge.se,NS,NOERROR,2,POSITIVE
lerouge.se,SOA,NOERROR,1,POSITIVE
lerouge.se,CAA,NOERROR,0,NODATA
lerouge.se,HTTPS,NXDOMAIN,0,NXDOMAIN
welcomeapp.se,A,NOERROR,2,POSITIVE
welcomeapp.se,AAAA,NOERROR,2,POSITIVE
welcomeapp.se,MX,NOERROR,3,POSITIVE
welcomeapp.se,TXT,NOERROR,1,POSITIVE
welcomeapp.se,NS,NOERROR,2,POSITIVE
welcomeapp.se,SOA,NOERROR,1,POSITIVE
welcomeapp.se,CAA,NOERROR,0,NODATA
welcomeapp.se,HTTPS,NXDOMAIN,0,NXDOMAIN
helgon.se,A,NOERROR,1,POSITIVE
helgon.se,AAAA,NOERROR,0,NODATA
helgon.se,MX,NOERROR,1,POSITIVE
helgon.se,TXT,NOERROR,1,POSITIVE
helgon.se,NS,NOERROR,2,POSITIVE
helgon.se,SOA,NOERROR,1,POSITIVE
helgon.se,CAA,NOERROR,0,NODATA
helgon.se,HTTPS,NXDOMAIN,0,NXDOMAIN
fof.se,A,NOERROR,1,POSITIVE
fof.se,AAAA,NOERROR,0,NODATA
fof.se,MX,NOERROR,6,POSITIVE
fof.se,TXT,NOERROR,3,POSITIVE
fof.se,NS,NOERROR,2,POSITIVE
fof.se,SOA,NOERROR,1,POSITIVE
fof.se,CAA,NOERROR,0,NODATA
fof.se,HTTPS,NXDOMAIN,0,NXDOMAIN
artfakta.se,A,NOERROR,1,POSITIVE
artfakta.se,AAAA,NOERROR,0,NODATA
artfakta.se,MX,NOERROR,2,POSITIVE
artfakta.se,TXT,NOERROR,2,POSITIVE
artfakta.se,NS,NOERROR,4,POSITIVE
artfakta.se,SOA,NOERROR,1,POSITIVE
artfakta.se,CAA,NOERROR,0,NODATA
artfakta.se,HTTPS,NXDOMAIN,0,NXDOMAIN
riddermarkbil.se,A,NOERROR,1,POSITIVE
riddermarkbil.se,AAAA,NOERROR,1,POSITIVE
riddermarkbil.se,MX,NOERROR,1,POSITIVE
riddermarkbil.se,TXT,ERROR,0,OTHER
riddermarkbil.se,NS,NOERROR,2,POSITIVE
riddermarkbil.se,SOA,NOERROR,1,POSITIVE
riddermarkbil.se,CAA,NOERROR,0,NODATA
riddermarkbil.se,HTTPS,NXDOMAIN,0,NXDOMAIN
norrtalje.se,A,NOERROR,1,POSITIVE
norrtalje.se,AAAA,NOERROR,0,NODATA
norrtalje.se,MX,NOERROR,1,POSITIVE
norrtalje.se,TXT,ERROR,0,OTHER
norrtalje.se,NS,NOERROR,2,POSITIVE
norrtalje.se,SOA,NOERROR,1,POSITIVE
norrtalje.se,CAA,NOERROR,0,NODATA
norrtalje.se,HTTPS,NXDOMAIN,0,NXDOMAIN
kommersannons.se,A,NOERROR,1,POSITIVE
kommersannons.se,AAAA,NOERROR,0,NODATA
kommersannons.se,MX,NOERROR,1,POSITIVE
kommersannons.se,TXT,NOERROR,3,POSITIVE
kommersannons.se,NS,NOERROR,4,POSITIVE
kommersannons.se,SOA,NOERROR,1,POSITIVE
kommersannons.se,CAA,NOERROR,0,NODATA
kommersannons.se,HTTPS,NXDOMAIN,0,NXDOMAIN
vardagsstrategi.se,A,NOERROR,2,POSITIVE
vardagsstrategi.se,AAAA,NOERROR,2,POSITIVE
vardagsstrategi.se,MX,NOERROR,0,NODATA
vardagsstrategi.se,TXT,NOERROR,0,NODATA
vardagsstrategi.se,NS,NOERROR,2,POSITIVE
vardagsstrategi.se,SOA,NOERROR,1,POSITIVE
vardagsstrategi.se,CAA,NOERROR,0,NODATA
vardagsstrategi.se,HTTPS,NXDOMAIN,0,NXDOMAIN
massive.se,A,NOERROR,6,POSITIVE
massive.se,AAAA,NOERROR,0,NODATA
massive.se,MX,NOERROR,1,POSITIVE
massive.se,TXT,ERROR,0,OTHER
massive.se,NS,NOERROR,4,POSITIVE
massive.se,SOA,NOERROR,1,POSITIVE
massive.se,CAA,NOERROR,0,NODATA
massive.se,HTTPS,NXDOMAIN,0,NXDOMAIN
linkwi.se,A,NOERROR,1,POSITIVE
linkwi.se,AAAA,NOERROR,0,NODATA
linkwi.se,MX,NOERROR,1,POSITIVE
linkwi.se,TXT,NOERROR,3,POSITIVE
linkwi.se,NS,NOERROR,2,POSITIVE
linkwi.se,SOA,NOERROR,1,POSITIVE
linkwi.se,CAA,NOERROR,0,NODATA
linkwi.se,HTTPS,NXDOMAIN,0,NXDOMAIN
kidsbrandstore.se,A,NOERROR,3,POSITIVE
kidsbrandstore.se,AAAA,NOERROR,3,POSITIVE
kidsbrandstore.se,MX,NOERROR,5,POSITIVE
kidsbrandstore.se,TXT,ERROR,0,OTHER
kidsbrandstore.se,NS,NOERROR,2,POSITIVE
kidsbrandstore.se,SOA,NOERROR,1,POSITIVE
kidsbrandstore.se,CAA,NOERROR,0,NODATA
kidsbrandstore.se,HTTPS,NXDOMAIN,0,NXDOMAIN
ownit.se,A,NOERROR,1,POSITIVE
ownit.se,AAAA,NOERROR,1,POSITIVE
ownit.se,MX,NOERROR,1,POSITIVE
ownit.se,TXT,ERROR,0,OTHER
ownit.se,NS,NOERROR,5,POSITIVE
ownit.se,SOA,NOERROR,1,POSITIVE
ownit.se,CAA,NOERROR,0,NODATA
ownit.se,HTTPS,NXDOMAIN,0,NXDOMAIN
gratisspela.se,A,NOERROR,2,POSITIVE
gratisspela.se,AAAA,NOERROR,2,POSITIVE
gratisspela.se,MX,NOERROR,5,POSITIVE
gratisspela.se,TXT,NOERROR,2,POSITIVE
gratisspela.se,NS,NOERROR,2,POSITIVE
gratisspela.se,SOA,NOERROR,1,POSITIVE
gratisspela.se,CAA,NOERROR,0,NODATA
gratisspela.se,HTTPS,NXDOMAIN,0,NXDOMAIN
infostrategi.se,A,NOERROR,2,POSITIVE
infostrategi.se,AAAA,NOERROR,2,POSITIVE
infostrategi.se,MX,NOERROR,0,NODATA
infostrategi.se,TXT,NOERROR,0,NODATA
infostrategi.se,NS,NOERROR,2,POSITIVE
infostrategi.se,SOA,NOERROR,1,POSITIVE
infostrategi.se,CAA,NOERROR,0,NODATA
infostrategi.se,HTTPS,NXDOMAIN,0,NXDOMAIN
finanso.se,A,NOERROR,2,POSITIVE
finanso.se,AAAA,NOERROR,2,POSITIVE
finanso.se,MX,NOERROR,1,POSITIVE
finanso.se,TXT,NOERROR,4,POSITIVE
finanso.se,NS,NOERROR,2,POSITIVE
finanso.se,SOA,NOERROR,1,POSITIVE
finanso.se,CAA,NOERROR,0,NODATA
finanso.se,HTTPS,NXDOMAIN,0,NXDOMAIN
unibet.se,A,NOERROR,1,POSITIVE
unibet.se,AAAA,NOERROR,0,NODATA
unibet.se,MX,NOERROR,1,POSITIVE
unibet.se,TXT,NOERROR,7,POSITIVE
unibet.se,NS,NOERROR,6,POSITIVE
unibet.se,SOA,NOERROR,1,POSITIVE
unibet.se,CAA,NOERROR,7,POSITIVE
unibet.se,HTTPS,NXDOMAIN,0,NXDOMAIN
risetolead.se,A,NOERROR,2,POSITIVE
risetolead.se,AAAA,NOERROR,2,POSITIVE
risetolead.se,MX,NOERROR,0,NODATA
risetolead.se,TXT,NOERROR,0,NODATA
risetolead.se,NS,NOERROR,2,POSITIVE
risetolead.se,SOA,NOERROR,1,POSITIVE
risetolead.se,CAA,NOERROR,0,NODATA
risetolead.se,HTTPS,NXDOMAIN,0,NXDOMAIN
curl.se,A,NOERROR,4,POSITIVE
curl.se,AAAA,NOERROR,8,POSITIVE
curl.se,MX,NOERROR,1,POSITIVE
curl.se,TXT,NOERROR,2,POSITIVE
curl.se,NS,NOERROR,5,POSITIVE
curl.se,SOA,NOERROR,1,POSITIVE
curl.se,CAA,NOERROR,0,NODATA
curl.se,HTTPS,NXDOMAIN,0,NXDOMAIN
lo.se,A,NOERROR,1,POSITIVE
lo.se,AAAA,NOERROR,0,NODATA
lo.se,MX,NOERROR,1,POSITIVE
lo.se,TXT,NOERROR,5,POSITIVE
lo.se,NS,NOERROR,4,POSITIVE
lo.se,SOA,NOERROR,1,POSITIVE
lo.se,CAA,NOERROR,0,NODATA
lo.se,HTTPS,NXDOMAIN,0,NXDOMAIN
sveafastigheter.se,A,NOERROR,3,POSITIVE
sveafastigheter.se,AAAA,NOERROR,3,POSITIVE
sveafastigheter.se,MX,NOERROR,1,POSITIVE
sveafastigheter.se,TXT,NOERROR,6,POSITIVE
sveafastigheter.se,NS,NOERROR,2,POSITIVE
sveafastigheter.se,SOA,NOERROR,1,POSITIVE
sveafastigheter.se,CAA,NOERROR,0,NODATA
sveafastigheter.se,HTTPS,NXDOMAIN,0,NXDOMAIN
ergonomikliniken.se,A,NOERROR,1,POSITIVE
ergonomikliniken.se,AAAA,NOERROR,0,NODATA
ergonomikliniken.se,MX,NOERROR,4,POSITIVE
ergonomikliniken.se,TXT,NOERROR,4,POSITIVE
ergonomikliniken.se,NS,NOERROR,2,POSITIVE
ergonomikliniken.se,SOA,NOERROR,1,POSITIVE
ergonomikliniken.se,CAA,NOERROR,0,NODATA
ergonomikliniken.se,HTTPS,NXDOMAIN,0,NXDOMAIN
gsix.se,A,NOERROR,1,POSITIVE
gsix.se,AAAA,NOERROR,1,POSITIVE
gsix.se,MX,NOERROR,1,POSITIVE
gsix.se,TXT,NOERROR,1,POSITIVE
gsix.se,NS,NOERROR,3,POSITIVE
gsix.se,SOA,NOERROR,1,POSITIVE
gsix.se,CAA,NOERROR,0,NODATA
gsix.se,HTTPS,NXDOMAIN,0,NXDOMAIN
knatteplock.se,A,NOERROR,1,POSITIVE
knatteplock.se,AAAA,NOERROR,0,NODATA
knatteplock.se,MX,NOERROR,6,POSITIVE
knatteplock.se,TXT,NOERROR,4,POSITIVE
knatteplock.se,NS,NOERROR,2,POSITIVE
knatteplock.se,SOA,NOERROR,1,POSITIVE
knatteplock.se,CAA,NOERROR,0,NODATA
knatteplock.se,HTTPS,NXDOMAIN,0,NXDOMAIN
ettnet.se,A,NOERROR,1,POSITIVE
ettnet.se,AAAA,NOERROR,0,NODATA
ettnet.se,MX,NOERROR,1,POSITIVE
ettnet.se,TXT,NOERROR,2,POSITIVE
ettnet.se,NS,NOERROR,2,POSITIVE
ettnet.se,SOA,NOERROR,1,POSITIVE
ettnet.se,CAA,NOERROR,0,NODATA
ettnet.se,HTTPS,NXDOMAIN,0,NXDOMAIN
modernamuseet.se,A,NOERROR,1,POSITIVE
modernamuseet.se,AAAA,NOERROR,0,NODATA
modernamuseet.se,MX,NOERROR,4,POSITIVE
modernamuseet.se,TXT,ERROR,0,OTHER
modernamuseet.se,NS,NOERROR,2,POSITIVE
modernamuseet.se,SOA,NOERROR,1,POSITIVE
modernamuseet.se,CAA,NOERROR,0,NODATA
modernamuseet.se,HTTPS,NXDOMAIN,0,NXDOMAIN
bitdefender.se,A,NOERROR,2,POSITIVE
bitdefender.se,AAAA,NOERROR,2,POSITIVE
bitdefender.se,MX,NOERROR,2,POSITIVE
bitdefender.se,TXT,NOERROR,1,POSITIVE
bitdefender.se,NS,NOERROR,4,POSITIVE
bitdefender.se,SOA,NOERROR,1,POSITIVE
bitdefender.se,CAA,NOERROR,0,NODATA
bitdefender.se,HTTPS,NXDOMAIN,0,NXDOMAIN
foi.se,A,NOERROR,1,POSITIVE
foi.se,AAAA,NOERROR,1,POSITIVE
foi.se,MX,NOERROR,1,POSITIVE
foi.se,TXT,NOERROR,4,POSITIVE
foi.se,NS,NOERROR,4,POSITIVE
foi.se,SOA,NOERROR,1,POSITIVE
foi.se,CAA,NOERROR,0,NODATA
foi.se,HTTPS,NXDOMAIN,0,NXDOMAIN
aktiespararna.se,A,NOERROR,1,POSITIVE
aktiespararna.se,AAAA,NOERROR,0,NODATA
aktiespararna.se,MX,NOERROR,1,POSITIVE
aktiespararna.se,TXT,ERROR,0,OTHER
aktiespararna.se,NS,NOERROR,6,POSITIVE
aktiespararna.se,SOA,NOERROR,1,POSITIVE
aktiespararna.se,CAA,NOERROR,0,NODATA
aktiespararna.se,HTTPS,NXDOMAIN,0,NXDOMAIN
projackpotrush.se,A,NOERROR,2,POSITIVE
projackpotrush.se,AAAA,NOERROR,2,POSITIVE
projackpotrush.se,MX,NOERROR,0,NODATA
projackpotrush.se,TXT,NOERROR,0,NODATA
projackpotrush.se,NS,NOERROR,2,POSITIVE
projackpotrush.se,SOA,NOERROR,1,POSITIVE
projackpotrush.se,CAA,NOERROR,0,NODATA
projackpotrush.se,HTTPS,NXDOMAIN,0,NXDOMAIN
aktuellvy.se,A,NOERROR,2,POSITIVE
aktuellvy.se,AAAA,NOERROR,2,POSITIVE
aktuellvy.se,MX,NOERROR,0,NODATA
aktuellvy.se,TXT,NOERROR,0,NODATA
aktuellvy.se,NS,NOERROR,2,POSITIVE
aktuellvy.se,SOA,NOERROR,1,POSITIVE
aktuellvy.se,CAA,NOERROR,0,NODATA
aktuellvy.se,HTTPS,NXDOMAIN,0,NXDOMAIN
elpaorust.se,A,NOERROR,1,POSITIVE
elpaorust.se,AAAA,NOERROR,0,NODATA
elpaorust.se,MX,NOERROR,0,NODATA
elpaorust.se,TXT,NOERROR,0,NODATA
elpaorust.se,NS,NOERROR,2,POSITIVE
elpaorust.se,SOA,NOERROR,1,POSITIVE
elpaorust.se,CAA,NOERROR,0,NODATA
elpaorust.se,HTTPS,NXDOMAIN,0,NXDOMAIN
mjolby.se,A,NOERROR,1,POSITIVE
mjolby.se,AAAA,NOERROR,0,NODATA
mjolby.se,MX,NOERROR,4,POSITIVE
mjolby.se,TXT,ERROR,0,OTHER
mjolby.se,NS,NOERROR,2,POSITIVE
mjolby.se,SOA,NOERROR,1,POSITIVE
mjolby.se,CAA,NOERROR,0,NODATA
mjolby.se,HTTPS,NXDOMAIN,0,NXDOMAIN
abf.se,A,NOERROR,1,POSITIVE
abf.se,AAAA,NOERROR,0,NODATA
abf.se,MX,NOERROR,6,POSITIVE
abf.se,TXT,NOERROR,5,POSITIVE
abf.se,NS,NOERROR,4,POSITIVE
abf.se,SOA,NOERROR,1,POSITIVE
abf.se,CAA,NOERROR,0,NODATA
abf.se,HTTPS,NXDOMAIN,0,NXDOMAIN
idope.se,A,NOERROR,1,POSITIVE
idope.se,AAAA,NOERROR,0,NODATA
idope.se,MX,NOERROR,0,NODATA
idope.se,TXT,NOERROR,0,NODATA
idope.se,NS,NOERROR,3,POSITIVE
idope.se,SOA,NOERROR,1,POSITIVE
idope.se,CAA,NOERROR,0,NODATA
idope.se,HTTPS,NXDOMAIN,0,NXDOMAIN
uthyrningsportal.se,A,NOERROR,2,POSITIVE
uthyrningsportal.se,AAAA,NOERROR,2,POSITIVE
uthyrningsportal.se,MX,NOERROR,3,POSITIVE
uthyrningsportal.se,TXT,NOERROR,4,POSITIVE
uthyrningsportal.se,NS,NOERROR,2,POSITIVE
uthyrningsportal.se,SOA,NOERROR,1,POSITIVE
uthyrningsportal.se,CAA,NOERROR,0,NODATA
uthyrningsportal.se,HTTPS,NXDOMAIN,0,NXDOMAIN
perspektivkanalen.se,A,NOERROR,2,POSITIVE
perspektivkanalen.se,AAAA,NOERROR,2,POSITIVE
perspektivkanalen.se,MX,NOERROR,0,NODATA
perspektivkanalen.se,TXT,NOERROR,0,NODATA
perspektivkanalen.se,NS,NOERROR,2,POSITIVE
perspektivkanalen.se,SOA,NOERROR,1,POSITIVE
perspektivkanalen.se,CAA,NOERROR,0,NODATA
perspektivkanalen.se,HTTPS,NXDOMAIN,0,NXDOMAIN
notisum.se,A,NOERROR,1,POSITIVE
notisum.se,AAAA,NOERROR,0,NODATA
notisum.se,MX,NOERROR,1,POSITIVE
notisum.se,TXT,ERROR,0,OTHER
notisum.se,NS,NOERROR,3,POSITIVE
notisum.se,SOA,NOERROR,1,POSITIVE
notisum.se,CAA,NOERROR,0,NODATA
notisum.se,HTTPS,NXDOMAIN,0,NXDOMAIN
statskontoret.se,A,NOERROR,1,POSITIVE
statskontoret.se,AAAA,NOERROR,0,NODATA
statskontoret.se,MX,NOERROR,1,POSITIVE
statskontoret.se,TXT,NOERROR,5,POSITIVE
statskontoret.se,NS,NOERROR,2,POSITIVE
statskontoret.se,SOA,NOERROR,1,POSITIVE
statskontoret.se,CAA,NOERROR,0,NODATA
statskontoret.se,HTTPS,NXDOMAIN,0,NXDOMAIN
klassensval.se,A,NOERROR,1,POSITIVE
klassensval.se,AAAA,NOERROR,0,NODATA
klassensval.se,MX,NOERROR,4,POSITIVE
klassensval.se,TXT,NOERROR,1,POSITIVE
klassensval.se,NS,NOERROR,2,POSITIVE
klassensval.se,SOA,NOERROR,1,POSITIVE
klassensval.se,CAA,NOERROR,0,NODATA
klassensval.se,HTTPS,NXDOMAIN,0,NXDOMAIN
livsinslag.se,A,NOERROR,2,POSITIVE
livsinslag.se,AAAA,NOERROR,2,POSITIVE
livsinslag.se,MX,NOERROR,0,NODATA
livsinslag.se,TXT,NOERROR,0,NODATA
livsinslag.se,NS,NOERROR,2,POSITIVE
livsinslag.se,SOA,NOERROR,1,POSITIVE
livsinslag.se,CAA,NOERROR,0,NODATA
livsinslag.se,HTTPS,NXDOMAIN,0,NXDOMAIN
ludvig.se,A,NOERROR,1,POSITIVE
ludvig.se,AAAA,NOERROR,0,NODATA
ludvig.se,MX,NOERROR,1,POSITIVE
ludvig.se,TXT,ERROR,0,OTHER
ludvig.se,NS,NOERROR,4,POSITIVE
ludvig.se,SOA,NOERROR,1,POSITIVE
ludvig.se,CAA,NOERROR,0,NODATA
ludvig.se,HTTPS,NXDOMAIN,0,NXDOMAIN
kaplans.se,A,NOERROR,1,POSITIVE
kaplans.se,AAAA,NOERROR,0,NODATA
kaplans.se,MX,NOERROR,1,POSITIVE
kaplans.se,TXT,NOERROR,6,POSITIVE
kaplans.se,NS,NOERROR,4,POSITIVE
kaplans.se,SOA,NOERROR,1,POSITIVE
kaplans.se,CAA,NOERROR,0,NODATA
kaplans.se,HTTPS,NXDOMAIN,0,NXDOMAIN
flirtmatch.se,A,NOERROR,1,POSITIVE
flirtmatch.se,AAAA,NOERROR,0,NODATA
flirtmatch.se,MX,NOERROR,1,POSITIVE
flirtmatch.se,TXT,NOERROR,2,POSITIVE
flirtmatch.se,NS,NOERROR,4,POSITIVE
flirtmatch.se,SOA,NOERROR,1,POSITIVE
flirtmatch.se,CAA,NOERROR,0,NODATA
flirtmatch.se,HTTPS,NXDOMAIN,0,NXDOMAIN
teracom.se,A,NOERROR,1,POSITIVE
teracom.se,AAAA,NOERROR,0,NODATA
teracom.se,MX,NOERROR,1,POSITIVE
teracom.se,TXT,NOERROR,5,POSITIVE
teracom.se,NS,NOERROR,4,POSITIVE
teracom.se,SOA,NOERROR,1,POSITIVE
teracom.se,CAA,NOERROR,3,POSITIVE
teracom.se,HTTPS,NXDOMAIN,0,NXDOMAIN
pizzeriailcarpaccio.se,A,NOERROR,1,POSITIVE
pizzeriailcarpaccio.se,AAAA,NOERROR,1,POSITIVE
pizzeriailcarpaccio.se,MX,NOERROR,3,POSITIVE
pizzeriailcarpaccio.se,TXT,NOERROR,0,NODATA
pizzeriailcarpaccio.se,NS,NOERROR,2,POSITIVE
pizzeriailcarpaccio.se,SOA,NOERROR,1,POSITIVE
pizzeriailcarpaccio.se,CAA,NOERROR,0,NODATA
pizzeriailcarpaccio.se,HTTPS,NXDOMAIN,0,NXDOMAIN
tidningenridsport.se,A,NOERROR,1,POSITIVE
tidningenridsport.se,AAAA,NOERROR,1,POSITIVE
tidningenridsport.se,MX,NOERROR,3,POSITIVE
tidningenridsport.se,TXT,NOERROR,3,POSITIVE
tidningenridsport.se,NS,NOERROR,3,POSITIVE
tidningenridsport.se,SOA,NOERROR,1,POSITIVE
tidningenridsport.se,CAA,NOERROR,0,NODATA
tidningenridsport.se,HTTPS,NXDOMAIN,0,NXDOMAIN
vetlandaposten.se,A,NOERROR,1,POSITIVE
vetlandaposten.se,AAAA,NOERROR,0,NODATA
vetlandaposten.se,MX,NOERROR,5,POSITIVE
vetlandaposten.se,TXT,NOERROR,5,POSITIVE
vetlandaposten.se,NS,NOERROR,4,POSITIVE
vetlandaposten.se,SOA,NOERROR,1,POSITIVE
vetlandaposten.se,CAA,NOERROR,0,NODATA
vetlandaposten.se,HTTPS,NXDOMAIN,0,NXDOMAIN
dagensmedia.se,A,NOERROR,1,POSITIVE
dagensmedia.se,AAAA,NOERROR,0,NODATA
dagensmedia.se,MX,NOERROR,5,POSITIVE
dagensmedia.se,TXT,ERROR,0,OTHER
dagensmedia.se,NS,NOERROR,4,POSITIVE
dagensmedia.se,SOA,NOERROR,1,POSITIVE
dagensmedia.se,CAA,NOERROR,0,NODATA
dagensmedia.se,HTTPS,NXDOMAIN,0,NXDOMAIN
bostadsportal.se,A,NOERROR,2,POSITIVE
bostadsportal.se,AAAA,NOERROR,2,POSITIVE
bostadsportal.se,MX,NOERROR,2,POSITIVE
bostadsportal.se,TXT,ERROR,0,OTHER
bostadsportal.se,NS,NOERROR,2,POSITIVE
bostadsportal.se,SOA,NOERROR,1,POSITIVE
bostadsportal.se,CAA,NOERROR,0,NODATA
bostadsportal.se,HTTPS,NXDOMAIN,0,NXDOMAIN
medicaljournalssweden.se,A,NOERROR,1,POSITIVE
medicaljournalssweden.se,AAAA,NOERROR,0,NODATA
medicaljournalssweden.se,MX,NOERROR,1,POSITIVE
medicaljournalssweden.se,TXT,NOERROR,2,POSITIVE
medicaljournalssweden.se,NS,NOERROR,6,POSITIVE
medicaljournalssweden.se,SOA,NOERROR,1,POSITIVE
medicaljournalssweden.se,CAA,NOERROR,0,NODATA
medicaljournalssweden.se,HTTPS,NXDOMAIN,0,NXDOMAIN
bgonline.se,A,NOERROR,1,POSITIVE
bgonline.se,AAAA,NOERROR,0,NODATA
bgonline.se,MX,NOERROR,1,POSITIVE
bgonline.se,TXT,NOERROR,5,POSITIVE
bgonline.se,NS,NOERROR,5,POSITIVE
bgonline.se,SOA,NOERROR,1,POSITIVE
bgonline.se,CAA,NOERROR,0,NODATA
bgonline.se,HTTPS,NXDOMAIN,0,NXDOMAIN
novellsidan.se,A,NOERROR,2,POSITIVE
novellsidan.se,AAAA,NOERROR,2,POSITIVE
novellsidan.se,MX,NOERROR,2,POSITIVE
novellsidan.se,TXT,NOERROR,3,POSITIVE
novellsidan.se,NS,NOERROR,2,POSITIVE
novellsidan.se,SOA,NOERROR,1,POSITIVE
novellsidan.se,CAA,NOERROR,0,NODATA
novellsidan.se,HTTPS,NXDOMAIN,0,NXDOMAIN
driftkund.se,A,NOERROR,1,POSITIVE
driftkund.se,AAAA,NOERROR,0,NODATA
driftkund.se,MX,NOERROR,2,POSITIVE
driftkund.se,TXT,NOERROR,1,POSITIVE
driftkund.se,NS,NOERROR,4,POSITIVE
driftkund.se,SOA,NOERROR,1,POSITIVE
driftkund.se,CAA,NOERROR,0,NODATA
driftkund.se,HTTPS,NXDOMAIN,0,NXDOMAIN
sportadmin.se,A,NOERROR,1,POSITIVE
sportadmin.se,AAAA,NOERROR,0,NODATA
sportadmin.se,MX,NOERROR,1,POSITIVE
sportadmin.se,TXT,ERROR,0,OTHER
sportadmin.se,NS,NOERROR,5,POSITIVE
sportadmin.se,SOA,NOERROR,1,POSITIVE
sportadmin.se,CAA,NOERROR,6,POSITIVE
sportadmin.se,HTTPS,NXDOMAIN,0,NXDOMAIN
moondns.se,A,NOERROR,1,POSITIVE
moondns.se,AAAA,NOERROR,0,NODATA
moondns.se,MX,NOERROR,1,POSITIVE
moondns.se,TXT,NOERROR,1,POSITIVE
moondns.se,NS,NOERROR,6,POSITIVE
moondns.se,SOA,NOERROR,1,POSITIVE
moondns.se,CAA,NOERROR,0,NODATA
moondns.se,HTTPS,NXDOMAIN,0,NXDOMAIN
kleer.se,A,NOERROR,2,POSITIVE
kleer.se,AAAA,NOERROR,0,NODATA
kleer.se,MX,NOERROR,1,POSITIVE
kleer.se,TXT,ERROR,0,OTHER
kleer.se,NS,NOERROR,4,POSITIVE
kleer.se,SOA,NOERROR,1,POSITIVE
kleer.se,CAA,NOERROR,0,NODATA
kleer.se,HTTPS,NXDOMAIN,0,NXDOMAIN
systembolaget.se,A,NOERROR,1,POSITIVE
systembolaget.se,AAAA,NOERROR,0,NODATA
systembolaget.se,MX,NOERROR,1,POSITIVE
systembolaget.se,TXT,ERROR,0,OTHER
systembolaget.se,NS,NOERROR,4,POSITIVE
systembolaget.se,SOA,NOERROR,1,POSITIVE
systembolaget.se,CAA,NOERROR,0,NODATA
systembolaget.se,HTTPS,NXDOMAIN,0,NXDOMAIN
boden.se,A,NOERROR,1,POSITIVE
boden.se,AAAA,NOERROR,1,POSITIVE
boden.se,MX,NOERROR,2,POSITIVE
boden.se,TXT,ERROR,0,OTHER
boden.se,NS,NOERROR,6,POSITIVE
boden.se,SOA,NOERROR,1,POSITIVE
boden.se,CAA,NOERROR,0,NODATA
boden.se,HTTPS,NXDOMAIN,0,NXDOMAIN
bildelarexpert.se,A,NOERROR,2,POSITIVE
bildelarexpert.se,AAAA,NOERROR,2,POSITIVE
bildelarexpert.se,MX,NOERROR,4,POSITIVE
bildelarexpert.se,TXT,NOERROR,3,POSITIVE
bildelarexpert.se,NS,NOERROR,2,POSITIVE
bildelarexpert.se,SOA,NOERROR,1,POSITIVE
bildelarexpert.se,CAA,NOERROR,0,NODATA
bildelarexpert.se,HTTPS,NXDOMAIN,0,NXDOMAIN
riksrevisionen.se,A,NOERROR,1,POSITIVE
riksrevisionen.se,AAAA,NOERROR,0,NODATA
riksrevisionen.se,MX,NOERROR,1,POSITIVE
riksrevisionen.se,TXT,ERROR,0,OTHER
riksrevisionen.se,NS,NOERROR,7,POSITIVE
riksrevisionen.se,SOA,NOERROR,1,POSITIVE
riksrevisionen.se,CAA,NOERROR,0,NODATA
riksrevisionen.se,HTTPS,NXDOMAIN,0,NXDOMAIN
edukatus.se,A,NOERROR,2,POSITIVE
edukatus.se,AAAA,NOERROR,2,POSITIVE
edukatus.se,MX,NOERROR,1,POSITIVE
edukatus.se,TXT,NOERROR,4,POSITIVE
edukatus.se,NS,NOERROR,2,POSITIVE
edukatus.se,SOA,NOERROR,1,POSITIVE
edukatus.se,CAA,NOERROR,0,NODATA
edukatus.se,HTTPS,NXDOMAIN,0,NXDOMAIN
organicmakers.se,A,NOERROR,1,POSITIVE
organicmakers.se,AAAA,NOERROR,0,NODATA
organicmakers.se,MX,NOERROR,1,POSITIVE
organicmakers.se,TXT,NOERROR,3,POSITIVE
organicmakers.se,NS,NOERROR,2,POSITIVE
organicmakers.se,SOA,NOERROR,1,POSITIVE
organicmakers.se,CAA,NOERROR,0,NODATA
organicmakers.se,HTTPS,NXDOMAIN,0,NXDOMAIN
bahnhof.se,A,NOERROR,1,POSITIVE
bahnhof.se,AAAA,NOERROR,1,POSITIVE
bahnhof.se,MX,NOERROR,1,POSITIVE
bahnhof.se,TXT,NOERROR,5,POSITIVE
bahnhof.se,NS,NOERROR,2,POSITIVE
bahnhof.se,SOA,NOERROR,1,POSITIVE
bahnhof.se,CAA,NOERROR,0,NODATA
bahnhof.se,HTTPS,NXDOMAIN,0,NXDOMAIN
familjeliv.se,A,NOERROR,3,POSITIVE
familjeliv.se,AAAA,NOERROR,3,POSITIVE
familjeliv.se,MX,NOERROR,5,POSITIVE
familjeliv.se,TXT,NOERROR,5,POSITIVE
familjeliv.se,NS,NOERROR,2,POSITIVE
familjeliv.se,SOA,NOERROR,1,POSITIVE
familjeliv.se,CAA,ERROR,0,OTHER
familjeliv.se,HTTPS,NXDOMAIN,0,NXDOMAIN
allhosting.se,A,NOERROR,1,POSITIVE
allhosting.se,AAAA,NOERROR,0,NODATA
allhosting.se,MX,NOERROR,1,POSITIVE
allhosting.se,TXT,NOERROR,1,POSITIVE
allhosting.se,NS,NOERROR,4,POSITIVE
allhosting.se,SOA,NOERROR,1,POSITIVE
allhosting.se,CAA,NOERROR,0,NODATA
allhosting.se,HTTPS,NXDOMAIN,0,NXDOMAIN
ottocasino.se,A,NOERROR,1,POSITIVE
ottocasino.se,AAAA,NOERROR,0,NODATA
ottocasino.se,MX,NOERROR,1,POSITIVE
ottocasino.se,TXT,NOERROR,3,POSITIVE
ottocasino.se,NS,NOERROR,6,POSITIVE
ottocasino.se,SOA,NOERROR,1,POSITIVE
ottocasino.se,CAA,NOERROR,4,POSITIVE
ottocasino.se,HTTPS,NXDOMAIN,0,NXDOMAIN
vansterpartiet.se,A,NOERROR,3,POSITIVE
vansterpartiet.se,AAAA,NOERROR,3,POSITIVE
vansterpartiet.se,MX,NOERROR,1,POSITIVE
vansterpartiet.se,TXT,NOERROR,6,POSITIVE
vansterpartiet.se,NS,NOERROR,2,POSITIVE
vansterpartiet.se,SOA,NOERROR,1,POSITIVE
vansterpartiet.se,CAA,NOERROR,0,NODATA
vansterpartiet.se,HTTPS,NXDOMAIN,0,NXDOMAIN
e-identitet.se,A,NOERROR,2,POSITIVE
e-identitet.se,AAAA,NOERROR,0,NODATA
e-identitet.se,MX,NOERROR,5,POSITIVE
e-identitet.se,TXT,ERROR,0,OTHER
e-identitet.se,NS,NOERROR,6,POSITIVE
e-identitet.se,SOA,NOERROR,1,POSITIVE
e-identitet.se,CAA,NOERROR,0,NODATA
e-identitet.se,HTTPS,NXDOMAIN,0,NXDOMAIN
deteknik.se,A,NOERROR,1,POSITIVE
deteknik.se,AAAA,NOERROR,0,NODATA
deteknik.se,MX,NOERROR,1,POSITIVE
deteknik.se,TXT,NOERROR,5,POSITIVE
deteknik.se,NS,NOERROR,4,POSITIVE
deteknik.se,SOA,NOERROR,1,POSITIVE
deteknik.se,CAA,NOERROR,0,NODATA
deteknik.se,HTTPS,NXDOMAIN,0,NXDOMAIN
evenemangsbiljetter.se,A,NOERROR,2,POSITIVE
evenemangsbiljetter.se,AAAA,NOERROR,2,POSITIVE
evenemangsbiljetter.se,MX,NOERROR,5,POSITIVE
evenemangsbiljetter.se,TXT,NOERROR,6,POSITIVE
evenemangsbiljetter.se,NS,NOERROR,2,POSITIVE
evenemangsbiljetter.se,SOA,NOERROR,1,POSITIVE
evenemangsbiljetter.se,CAA,NOERROR,0,NODATA
evenemangsbiljetter.se,HTTPS,NXDOMAIN,0,NXDOMAIN
tn.se,A,NOERROR,1,POSITIVE
tn.se,AAAA,NOERROR,0,NODATA
tn.se,MX,NOERROR,1,POSITIVE
tn.se,TXT,NOERROR,5,POSITIVE
tn.se,NS,NOERROR,4,POSITIVE
tn.se,SOA,NOERROR,1,POSITIVE
tn.se,CAA,NOERROR,0,NODATA
tn.se,HTTPS,NXDOMAIN,0,NXDOMAIN
avis.se,A,NOERROR,2,POSITIVE
avis.se,AAAA,NOERROR,0,NODATA
avis.se,MX,NOERROR,1,POSITIVE
avis.se,TXT,NOERROR,8,POSITIVE
avis.se,NS,NOERROR,4,POSITIVE
avis.se,SOA,NOERROR,1,POSITIVE
avis.se,CAA,NOERROR,0,NODATA
avis.se,HTTPS,NXDOMAIN,0,NXDOMAIN
lineahemma.se,A,NOERROR,3,POSITIVE
lineahemma.se,AAAA,NOERROR,0,NODATA
lineahemma.se,MX,NOERROR,1,POSITIVE
lineahemma.se,TXT,ERROR,0,OTHER
lineahemma.se,NS,NOERROR,4,POSITIVE
lineahemma.se,SOA,NOERROR,1,POSITIVE
lineahemma.se,CAA,NOERROR,0,NODATA
lineahemma.se,HTTPS,NXDOMAIN,0,NXDOMAIN
bangladoot.se,A,NOERROR,2,POSITIVE
bangladoot.se,AAAA,NOERROR,2,POSITIVE
bangladoot.se,MX,NOERROR,3,POSITIVE
bangladoot.se,TXT,NOERROR,1,POSITIVE
bangladoot.se,NS,NOERROR,2,POSITIVE
bangladoot.se,SOA,NOERROR,1,POSITIVE
bangladoot.se,CAA,NOERROR,0,NODATA
bangladoot.se,HTTPS,NXDOMAIN,0,NXDOMAIN
ratsit.se,A,NOERROR,3,POSITIVE
ratsit.se,AAAA,NOERROR,0,NODATA
ratsit.se,MX,NOERROR,1,POSITIVE
ratsit.se,TXT,NOERROR,6,POSITIVE
ratsit.se,NS,NOERROR,2,POSITIVE
ratsit.se,SOA,NOERROR,1,POSITIVE
ratsit.se,CAA,NOERROR,0,NODATA
ratsit.se,HTTPS,NXDOMAIN,0,NXDOMAIN
1177.se,A,NOERROR,1,POSITIVE
1177.se,AAAA,NOERROR,0,NODATA
1177.se,MX,NOERROR,1,POSITIVE
1177.se,TXT,ERROR,0,OTHER
1177.se,NS,NOERROR,4,POSITIVE
1177.se,SOA,NOERROR,1,POSITIVE
1177.se,CAA,NOERROR,0,NODATA
1177.se,HTTPS,NXDOMAIN,0,NXDOMAIN
viivilla.se,A,NOERROR,2,POSITIVE
viivilla.se,AAAA,NOERROR,2,POSITIVE
viivilla.se,MX,NOERROR,1,POSITIVE
viivilla.se,TXT,ERROR,0,OTHER
viivilla.se,NS,NOERROR,2,POSITIVE
viivilla.se,SOA,NOERROR,1,POSITIVE
viivilla.se,CAA,NOERROR,0,NODATA
viivilla.se,HTTPS,NXDOMAIN,0,NXDOMAIN
ideon.se,A,NOERROR,1,POSITIVE
ideon.se,AAAA,NOERROR,0,NODATA
ideon.se,MX,NOERROR,1,POSITIVE
ideon.se,TXT,NOERROR,1,POSITIVE
ideon.se,NS,NOERROR,4,POSITIVE
ideon.se,SOA,NOERROR,1,POSITIVE
ideon.se,CAA,NOERROR,0,NODATA
ideon.se,HTTPS,NXDOMAIN,0,NXDOMAIN
hockeyallsvenskan.se,A,NOERROR,3,POSITIVE
hockeyallsvenskan.se,AAAA,NOERROR,3,POSITIVE
hockeyallsvenskan.se,MX,NOERROR,1,POSITIVE
hockeyallsvenskan.se,TXT,NOERROR,3,POSITIVE
hockeyallsvenskan.se,NS,NOERROR,2,POSITIVE
hockeyallsvenskan.se,SOA,NOERROR,1,POSITIVE
hockeyallsvenskan.se,CAA,NOERROR,0,NODATA
hockeyallsvenskan.se,HTTPS,NXDOMAIN,0,NXDOMAIN
svenssons.se,A,NOERROR,2,POSITIVE
svenssons.se,AAAA,NOERROR,2,POSITIVE
svenssons.se,MX,NOERROR,1,POSITIVE
svenssons.se,TXT,NOERROR,6,POSITIVE
svenssons.se,NS,NOERROR,2,POSITIVE
svenssons.se,SOA,NOERROR,1,POSITIVE
svenssons.se,CAA,NOERROR,0,NODATA
svenssons.se,HTTPS,NXDOMAIN,0,NXDOMAIN
kedschools.se,A,NOERROR,2,POSITIVE
kedschools.se,AAAA,NOERROR,0,NODATA
kedschools.se,MX,NOERROR,0,NODATA
kedschools.se,TXT,NOERROR,4,POSITIVE
kedschools.se,NS,NOERROR,4,POSITIVE
kedschools.se,SOA,NOERROR,1,POSITIVE
kedschools.se,CAA,NOERROR,0,NODATA
kedschools.se,HTTPS,NXDOMAIN,0,NXDOMAIN
omni.se,A,NOERROR,2,POSITIVE
omni.se,AAAA,NOERROR,0,NODATA
omni.se,MX,NOERROR,5,POSITIVE
omni.se,TXT,ERROR,0,OTHER
omni.se,NS,NOERROR,2,POSITIVE
omni.se,SOA,NOERROR,1,POSITIVE
omni.se,CAA,NOERROR,0,NODATA
omni.se,HTTPS,NXDOMAIN,0,NXDOMAIN
bonniernewslocal.se,A,NOERROR,1,POSITIVE
bonniernewslocal.se,AAAA,NOERROR,0,NODATA
bonniernewslocal.se,MX,NOERROR,5,POSITIVE
bonniernewslocal.se,TXT,NOERROR,2,POSITIVE
bonniernewslocal.se,NS,NOERROR,4,POSITIVE
bonniernewslocal.se,SOA,NOERROR,1,POSITIVE
bonniernewslocal.se,CAA,NOERROR,0,NODATA
bonniernewslocal.se,HTTPS,NXDOMAIN,0,NXDOMAIN
digitalbloggen.se,A,NOERROR,2,POSITIVE
digitalbloggen.se,AAAA,NOERROR,2,POSITIVE
digitalbloggen.se,MX,NOERROR,0,NODATA
digitalbloggen.se,TXT,NOERROR,0,NODATA
digitalbloggen.se,NS,NOERROR,2,POSITIVE
digitalbloggen.se,SOA,NOERROR,1,POSITIVE
digitalbloggen.se,CAA,NOERROR,0,NODATA
digitalbloggen.se,HTTPS,NXDOMAIN,0,NXDOMAIN
ehandelscertifiering.se,A,NOERROR,1,POSITIVE
ehandelscertifiering.se,AAAA,NOERROR,0,NODATA
ehandelscertifiering.se,MX,NOERROR,5,POSITIVE
ehandelscertifiering.se,TXT,NOERROR,1,POSITIVE
ehandelscertifiering.se,NS,NOERROR,4,POSITIVE
ehandelscertifiering.se,SOA,NOERROR,1,POSITIVE
ehandelscertifiering.se,CAA,NOERROR,0,NODATA
ehandelscertifiering.se,HTTPS,NXDOMAIN,0,NXDOMAIN
ccis.se,A,NOERROR,0,NODATA
ccis.se,AAAA,NOERROR,0,NODATA
ccis.se,MX,NOERROR,1,POSITIVE
ccis.se,TXT,NOERROR,3,POSITIVE
ccis.se,NS,NOERROR,5,POSITIVE
ccis.se,SOA,NOERROR,1,POSITIVE
ccis.se,CAA,NOERROR,0,NODATA
ccis.se,HTTPS,NXDOMAIN,0,NXDOMAIN
sulkysport.se,A,NOERROR,1,POSITIVE
sulkysport.se,AAAA,NOERROR,0,NODATA
sulkysport.se,MX,NOERROR,2,POSITIVE
sulkysport.se,TXT,NOERROR,1,POSITIVE
sulkysport.se,NS,NOERROR,2,POSITIVE
sulkysport.se,SOA,NOERROR,1,POSITIVE
sulkysport.se,CAA,NOERROR,0,NODATA
sulkysport.se,HTTPS,NXDOMAIN,0,NXDOMAIN
racing-planet.se,A,NOERROR,3,POSITIVE
racing-planet.se,AAAA,NOERROR,3,POSITIVE
racing-planet.se,MX,NOERROR,7,POSITIVE
racing-planet.se,TXT,NOERROR,3,POSITIVE
racing-planet.se,NS,NOERROR,2,POSITIVE
racing-planet.se,SOA,NOERROR,1,POSITIVE
racing-planet.se,CAA,NOERROR,0,NODATA
racing-planet.se,HTTPS,NXDOMAIN,0,NXDOMAIN
tujulietjattdi.se,A,NOERROR,1,POSITIVE
tujulietjattdi.se,AAAA,NOERROR,0,NODATA
tujulietjattdi.se,MX,NOERROR,1,POSITIVE
tujulietjattdi.se,TXT,NOERROR,1,POSITIVE
tujulietjattdi.se,NS,NOERROR,2,POSITIVE
tujulietjattdi.se,SOA,NOERROR,1,POSITIVE
tujulietjattdi.se,CAA,NOERROR,0,NODATA
tujulietjattdi.se,HTTPS,NXDOMAIN,0,NXDOMAIN
jdsports.se,A,NOERROR,1,POSITIVE
jdsports.se,AAAA,NOERROR,0,NODATA
jdsports.se,MX,NOERROR,1,POSITIVE
jdsports.se,TXT,NOERROR,5,POSITIVE
jdsports.se,NS,NOERROR,3,POSITIVE
jdsports.se,SOA,NOERROR,1,POSITIVE
jdsports.se,CAA,NOERROR,0,NODATA
jdsports.se,HTTPS,NXDOMAIN,0,NXDOMAIN
clickhou.se,A,NOERROR,2,POSITIVE
clickhou.se,AAAA,NOERROR,0,NODATA
clickhou.se,MX,NOERROR,0,NODATA
clickhou.se,TXT,NOERROR,0,NODATA
clickhou.se,NS,NOERROR,2,POSITIVE
clickhou.se,SOA,NOERROR,1,POSITIVE
clickhou.se,CAA,NOERROR,0,NODATA
clickhou.se,HTTPS,NXDOMAIN,0,NXDOMAIN
ifenix.se,A,NOERROR,1,POSITIVE
ifenix.se,AAAA,NOERROR,0,NODATA
ifenix.se,MX,NOERROR,1,POSITIVE
ifenix.se,TXT,NOERROR,7,POSITIVE
ifenix.se,NS,NOERROR,4,POSITIVE
ifenix.se,SOA,NOERROR,1,POSITIVE
ifenix.se,CAA,NOERROR,0,NODATA
ifenix.se,HTTPS,NXDOMAIN,0,NXDOMAIN
rofa.se,A,NOERROR,3,POSITIVE
rofa.se,AAAA,NOERROR,3,POSITIVE
rofa.se,MX,NOERROR,1,POSITIVE
rofa.se,TXT,NOERROR,6,POSITIVE
rofa.se,NS,NOERROR,2,POSITIVE
rofa.se,SOA,NOERROR,1,POSITIVE
rofa.se,CAA,NOERROR,0,NODATA
rofa.se,HTTPS,NXDOMAIN,0,NXDOMAIN
fz.se,A,NOERROR,3,POSITIVE
fz.se,AAAA,NOERROR,3,POSITIVE
fz.se,MX,NOERROR,7,POSITIVE
fz.se,TXT,NOERROR,3,POSITIVE
fz.se,NS,NOERROR,2,POSITIVE
fz.se,SOA,NOERROR,1,POSITIVE
fz.se,CAA,NOERROR,0,NODATA
fz.se,HTTPS,NXDOMAIN,0,NXDOMAIN
cykelkraft.se,A,NOERROR,2,POSITIVE
cykelkraft.se,AAAA,NOERROR,0,NODATA
cykelkraft.se,MX,NOERROR,5,POSITIVE
cykelkraft.se,TXT,NOERROR,2,POSITIVE
cykelkraft.se,NS,NOERROR,4,POSITIVE
cykelkraft.se,SOA,NOERROR,1,POSITIVE
cykelkraft.se,CAA,NOERROR,0,NODATA
cykelkraft.se,HTTPS,NXDOMAIN,0,NXDOMAIN
facebook.se,A,NOERROR,1,POSITIVE
facebook.se,AAAA,NOERROR,1,POSITIVE
facebook.se,MX,NOERROR,0,NODATA
facebook.se,TXT,NOERROR,1,POSITIVE
facebook.se,NS,NOERROR,4,POSITIVE
facebook.se,SOA,NOERROR,1,POSITIVE
facebook.se,CAA,NOERROR,0,NODATA
facebook.se,HTTPS,NXDOMAIN,0,NXDOMAIN
thansen.se,A,NOERROR,1,POSITIVE
thansen.se,AAAA,NOERROR,0,NODATA
thansen.se,MX,NOERROR,1,POSITIVE
thansen.se,TXT,ERROR,0,OTHER
thansen.se,NS,NOERROR,2,POSITIVE
thansen.se,SOA,NOERROR,1,POSITIVE
thansen.se,CAA,NOERROR,0,NODATA
thansen.se,HTTPS,NXDOMAIN,0,NXDOMAIN
sverigeledigajobb.se,A,NOERROR,1,POSITIVE
sverigeledigajobb.se,AAAA,NOERROR,1,POSITIVE
sverigeledigajobb.se,MX,NOERROR,1,POSITIVE
sverigeledigajobb.se,TXT,NOERROR,1,POSITIVE
sverigeledigajobb.se,NS,NOERROR,6,POSITIVE
sverigeledigajobb.se,SOA,NOERROR,1,POSITIVE
sverigeledigajobb.se,CAA,NOERROR,0,NODATA
sverigeledigajobb.se,HTTPS,NXDOMAIN,0,NXDOMAIN
hanseriksson.se,A,NOERROR,1,POSITIVE
hanseriksson.se,AAAA,NOERROR,1,POSITIVE
hanseriksson.se,MX,NOERROR,1,POSITIVE
hanseriksson.se,TXT,NOERROR,3,POSITIVE
hanseriksson.se,NS,NOERROR,3,POSITIVE
hanseriksson.se,SOA,NOERROR,1,POSITIVE
hanseriksson.se,CAA,NOERROR,0,NODATA
hanseriksson.se,HTTPS,NXDOMAIN,0,NXDOMAIN
lindbloms.se,A,NOERROR,1,POSITIVE
lindbloms.se,AAAA,NOERROR,0,NODATA
lindbloms.se,MX,NOERROR,1,POSITIVE
lindbloms.se,TXT,NOERROR,2,POSITIVE
lindbloms.se,NS,NOERROR,2,POSITIVE
lindbloms.se,SOA,NOERROR,1,POSITIVE
lindbloms.se,CAA,NOERROR,0,NODATA
lindbloms.se,HTTPS,NXDOMAIN,0,NXDOMAIN
energyinbalance.se,A,NOERROR,1,POSITIVE
energyinbalance.se,AAAA,NOERROR,1,POSITIVE
energyinbalance.se,MX,NOERROR,3,POSITIVE
energyinbalance.se,TXT,NOERROR,0,NODATA
energyinbalance.se,NS,NOERROR,2,POSITIVE
energyinbalance.se,SOA,NOERROR,1,POSITIVE
energyinbalance.se,CAA,NOERROR,0,NODATA
energyinbalance.se,HTTPS,NXDOMAIN,0,NXDOMAIN
ridsport.se,A,NOERROR,1,POSITIVE
ridsport.se,AAAA,NOERROR,1,POSITIVE
ridsport.se,MX,NOERROR,1,POSITIVE
ridsport.se,TXT,NOERROR,4,POSITIVE
ridsport.se,NS,NOERROR,4,POSITIVE
ridsport.se,SOA,NOERROR,1,POSITIVE
ridsport.se,CAA,NOERROR,0,NODATA
ridsport.se,HTTPS,NXDOMAIN,0,NXDOMAIN
gotland.se,A,NOERROR,1,POSITIVE
gotland.se,AAAA,NOERROR,0,NODATA
gotland.se,MX,NOERROR,2,POSITIVE
gotland.se,TXT,ERROR,0,OTHER
gotland.se,NS,NOERROR,3,POSITIVE
gotland.se,SOA,NOERROR,1,POSITIVE
gotland.se,CAA,NOERROR,0,NODATA
gotland.se,HTTPS,NXDOMAIN,0,NXDOMAIN
nvp.se,A,NOERROR,1,POSITIVE
nvp.se,AAAA,NOERROR,0,NODATA
nvp.se,MX,NOERROR,5,POSITIVE
nvp.se,TXT,NOERROR,4,POSITIVE
nvp.se,NS,NOERROR,4,POSITIVE
nvp.se,SOA,NOERROR,1,POSITIVE
nvp.se,CAA,NOERROR,0,NODATA
nvp.se,HTTPS,NXDOMAIN,0,NXDOMAIN
spadom.se,A,NOERROR,1,POSITIVE
spadom.se,AAAA,NOERROR,1,POSITIVE
spadom.se,MX,NOERROR,2,POSITIVE
spadom.se,TXT,NOERROR,1,POSITIVE
spadom.se,NS,NOERROR,2,POSITIVE
spadom.se,SOA,NOERROR,1,POSITIVE
spadom.se,CAA,NOERROR,0,NODATA
spadom.se,HTTPS,NXDOMAIN,0,NXDOMAIN
livsflode.se,A,NOERROR,2,POSITIVE
livsflode.se,AAAA,NOERROR,2,POSITIVE
livsflode.se,MX,NOERROR,0,NODATA
livsflode.se,TXT,NOERROR,0,NODATA
livsflode.se,NS,NOERROR,2,POSITIVE
livsflode.se,SOA,NOERROR,1,POSITIVE
livsflode.se,CAA,NOERROR,0,NODATA
livsflode.se,HTTPS,NXDOMAIN,0,NXDOMAIN
teknikfloden.se,A,NOERROR,2,POSITIVE
teknikfloden.se,AAAA,NOERROR,2,POSITIVE
teknikfloden.se,MX,NOERROR,0,NODATA
teknikfloden.se,TXT,NOERROR,0,NODATA
teknikfloden.se,NS,NOERROR,2,POSITIVE
teknikfloden.se,SOA,NOERROR,1,POSITIVE
teknikfloden.se,CAA,NOERROR,0,NODATA
teknikfloden.se,HTTPS,NXDOMAIN,0,NXDOMAIN
kkuriren.se,A,NOERROR,4,POSITIVE
kkuriren.se,AAAA,NOERROR,0,NODATA
kkuriren.se,MX,NOERROR,2,POSITIVE
kkuriren.se,TXT,ERROR,0,OTHER
kkuriren.se,NS,NOERROR,5,POSITIVE
kkuriren.se,SOA,NOERROR,1,POSITIVE
kkuriren.se,CAA,NOERROR,0,NODATA
kkuriren.se,HTTPS,NXDOMAIN,0,NXDOMAIN
restaurangjakarta.se,A,NOERROR,1,POSITIVE
restaurangjakarta.se,AAAA,NOERROR,0,NODATA
restaurangjakarta.se,MX,NOERROR,2,POSITIVE
restaurangjakarta.se,TXT,NOERROR,1,POSITIVE
restaurangjakarta.se,NS,NOERROR,3,POSITIVE
restaurangjakarta.se,SOA,NOERROR,1,POSITIVE
restaurangjakarta.se,CAA,NOERROR,0,NODATA
restaurangjakarta.se,HTTPS,NXDOMAIN,0,NXDOMAIN
uddevallahem.se,A,NOERROR,1,POSITIVE
uddevallahem.se,AAAA,NOERROR,0,NODATA
uddevallahem.se,MX,NOERROR,1,POSITIVE
uddevallahem.se,TXT,NOERROR,3,POSITIVE
uddevallahem.se,NS,NOERROR,4,POSITIVE
uddevallahem.se,SOA,NOERROR,1,POSITIVE
uddevallahem.se,CAA,NOERROR,0,NODATA
uddevallahem.se,HTTPS,NXDOMAIN,0,NXDOMAIN
coolshop.se,A,NOERROR,3,POSITIVE
coolshop.se,AAAA,NOERROR,3,POSITIVE
coolshop.se,MX,NOERROR,1,POSITIVE
coolshop.se,TXT,NOERROR,4,POSITIVE
coolshop.se,NS,NOERROR,2,POSITIVE
coolshop.se,SOA,NOERROR,1,POSITIVE
coolshop.se,CAA,ERROR,0,OTHER
coolshop.se,HTTPS,NXDOMAIN,0,NXDOMAIN
ninjacasino.se,A,NOERROR,2,POSITIVE
ninjacasino.se,AAAA,NOERROR,0,NODATA
ninjacasino.se,MX,NOERROR,5,POSITIVE
ninjacasino.se,TXT,NOERROR,3,POSITIVE
ninjacasino.se,NS,NOERROR,8,POSITIVE
ninjacasino.se,SOA,NOERROR,1,POSITIVE
ninjacasino.se,CAA,NOERROR,4,POSITIVE
ninjacasino.se,HTTPS,NXDOMAIN,0,NXDOMAIN
cambio.se,A,NOERROR,2,POSITIVE
cambio.se,AAAA,NOERROR,1,POSITIVE
cambio.se,MX,NOERROR,1,POSITIVE
cambio.se,TXT,ERROR,0,OTHER
cambio.se,NS,NOERROR,2,POSITIVE
cambio.se,SOA,NOERROR,1,POSITIVE
cambio.se,CAA,NOERROR,0,NODATA
cambio.se,HTTPS,NXDOMAIN,0,NXDOMAIN
gleerups.se,A,NOERROR,1,POSITIVE
gleerups.se,AAAA,NOERROR,0,NODATA
gleerups.se,MX,NOERROR,3,POSITIVE
gleerups.se,TXT,NOERROR,4,POSITIVE
gleerups.se,NS,NOERROR,6,POSITIVE
gleerups.se,SOA,NOERROR,1,POSITIVE
gleerups.se,CAA,NOERROR,3,POSITIVE
gleerups.se,HTTPS,NXDOMAIN,0,NXDOMAIN
hembiobutiken.se,A,NOERROR,2,POSITIVE
hembiobutiken.se,AAAA,NOERROR,2,POSITIVE
hembiobutiken.se,MX,NOERROR,1,POSITIVE
hembiobutiken.se,TXT,ERROR,0,OTHER
hembiobutiken.se,NS,NOERROR,2,POSITIVE
hembiobutiken.se,SOA,NOERROR,1,POSITIVE
hembiobutiken.se,CAA,NOERROR,0,NODATA
hembiobutiken.se,HTTPS,NXDOMAIN,0,NXDOMAIN
artportalen.se,A,NOERROR,1,POSITIVE
artportalen.se,AAAA,NOERROR,0,NODATA
artportalen.se,MX,NOERROR,1,POSITIVE
artportalen.se,TXT,NOERROR,3,POSITIVE
artportalen.se,NS,NOERROR,4,POSITIVE
artportalen.se,SOA,NOERROR,1,POSITIVE
artportalen.se,CAA,NOERROR,0,NODATA
artportalen.se,HTTPS,NXDOMAIN,0,NXDOMAIN
varldsinsikt.se,A,NOERROR,2,POSITIVE
varldsinsikt.se,AAAA,NOERROR,2,POSITIVE
varldsinsikt.se,MX,NOERROR,0,NODATA
varldsinsikt.se,TXT,NOERROR,0,NODATA
varldsinsikt.se,NS,NOERROR,2,POSITIVE
varldsinsikt.se,SOA,NOERROR,1,POSITIVE
varldsinsikt.se,CAA,NOERROR,0,NODATA
varldsinsikt.se,HTTPS,NXDOMAIN,0,NXDOMAIN
infoblick.se,A,NOERROR,2,POSITIVE
infoblick.se,AAAA,NOERROR,2,POSITIVE
infoblick.se,MX,NOERROR,0,NODATA
infoblick.se,TXT,NOERROR,0,NODATA
infoblick.se,NS,NOERROR,2,POSITIVE
infoblick.se,SOA,NOERROR,1,POSITIVE
infoblick.se,CAA,NOERROR,0,NODATA
infoblick.se,HTTPS,NXDOMAIN,0,NXDOMAIN
affarsriktning.se,A,NOERROR,2,POSITIVE
affarsriktning.se,AAAA,NOERROR,2,POSITIVE
affarsriktning.se,MX,NOERROR,0,NODATA
affarsriktning.se,TXT,NOERROR,0,NODATA
affarsriktning.se,NS,NOERROR,2,POSITIVE
affarsriktning.se,SOA,NOERROR,1,POSITIVE
affarsriktning.se,CAA,NOERROR,0,NODATA
affarsriktning.se,HTTPS,NXDOMAIN,0,NXDOMAIN
gleerupsportal.se,A,NOERROR,4,POSITIVE
gleerupsportal.se,AAAA,NOERROR,0,NODATA
gleerupsportal.se,MX,NOERROR,0,NODATA
gleerupsportal.se,TXT,NOERROR,0,NODATA
gleerupsportal.se,NS,NOERROR,4,POSITIVE
gleerupsportal.se,SOA,NOERROR,1,POSITIVE
gleerupsportal.se,CAA,NOERROR,0,NODATA
gleerupsportal.se,HTTPS,NXDOMAIN,0,NXDOMAIN
tillvaxtblick.se,A,NOERROR,2,POSITIVE
tillvaxtblick.se,AAAA,NOERROR,2,POSITIVE
tillvaxtblick.se,MX,NOERROR,0,NODATA
tillvaxtblick.se,TXT,NOERROR,0,NODATA
tillvaxtblick.se,NS,NOERROR,2,POSITIVE
tillvaxtblick.se,SOA,NOERROR,1,POSITIVE
tillvaxtblick.se,CAA,NOERROR,0,NODATA
tillvaxtblick.se,HTTPS,NXDOMAIN,0,NXDOMAIN
marknadsforum.se,A,NOERROR,2,POSITIVE
marknadsforum.se,AAAA,NOERROR,2,POSITIVE
marknadsforum.se,MX,NOERROR,0,NODATA
marknadsforum.se,TXT,NOERROR,0,NODATA
marknadsforum.se,NS,NOERROR,2,POSITIVE
marknadsforum.se,SOA,NOERROR,1,POSITIVE
marknadsforum.se,CAA,NOERROR,0,NODATA
marknadsforum.se,HTTPS,NXDOMAIN,0,NXDOMAIN
nackaenergi.se,A,NOERROR,1,POSITIVE
nackaenergi.se,AAAA,NOERROR,0,NODATA
nackaenergi.se,MX,NOERROR,4,POSITIVE
nackaenergi.se,TXT,ERROR,0,OTHER
nackaenergi.se,NS,NOERROR,2,POSITIVE
nackaenergi.se,SOA,NOERROR,1,POSITIVE
nackaenergi.se,CAA,NOERROR,5,POSITIVE
nackaenergi.se,HTTPS,NXDOMAIN,0,NXDOMAIN
eclub.se,A,NOERROR,1,POSITIVE
eclub.se,AAAA,NOERROR,0,NODATA
eclub.se,MX,NOERROR,1,POSITIVE
eclub.se,TXT,NOERROR,1,POSITIVE
eclub.se,NS,NOERROR,4,POSITIVE
eclub.se,SOA,NOERROR,1,POSITIVE
eclub.se,CAA,NOERROR,0,NODATA
eclub.se,HTTPS,NXDOMAIN,0,NXDOMAIN
sr.se,A,NOERROR,11,POSITIVE
sr.se,AAAA,NOERROR,11,POSITIVE
sr.se,MX,NOERROR,1,POSITIVE
sr.se,TXT,ERROR,0,OTHER
sr.se,NS,NOERROR,7,POSITIVE
sr.se,SOA,NOERROR,1,POSITIVE
sr.se,CAA,NOERROR,4,POSITIVE
sr.se,HTTPS,NXDOMAIN,0,NXDOMAIN
hallakonsument.se,A,NOERROR,1,POSITIVE
hallakonsument.se,AAAA,NOERROR,0,NODATA
hallakonsument.se,MX,NOERROR,0,NODATA
hallakonsument.se,TXT,NOERROR,0,NODATA
hallakonsument.se,NS,NOERROR,4,POSITIVE
hallakonsument.se,SOA,NOERROR,1,POSITIVE
hallakonsument.se,CAA,NOERROR,0,NODATA
hallakonsument.se,HTTPS,NXDOMAIN,0,NXDOMAIN
zs.se,A,NOERROR,1,POSITIVE
zs.se,AAAA,NOERROR,0,NODATA
zs.se,MX,NOERROR,0,NODATA
zs.se,TXT,NOERROR,0,NODATA
zs.se,NS,NOERROR,2,POSITIVE
zs.se,SOA,NOERROR,1,POSITIVE
zs.se,CAA,NOERROR,0,NODATA
zs.se,HTTPS,NXDOMAIN,0,NXDOMAIN
studentum.se,A,NOERROR,4,POSITIVE
studentum.se,AAAA,NOERROR,0,NODATA
studentum.se,MX,NOERROR,1,POSITIVE
studentum.se,TXT,ERROR,0,OTHER
studentum.se,NS,NOERROR,4,POSITIVE
studentum.se,SOA,NOERROR,1,POSITIVE
studentum.se,CAA,NOERROR,0,NODATA
studentum.se,HTTPS,NXDOMAIN,0,NXDOMAIN
regionostergotland.se,A,NOERROR,1,POSITIVE
regionostergotland.se,AAAA,NOERROR,1,POSITIVE
regionostergotland.se,MX,NOERROR,2,POSITIVE
regionostergotland.se,TXT,NOERROR,2,POSITIVE
regionostergotland.se,NS,NOERROR,2,POSITIVE
regionostergotland.se,SOA,NOERROR,1,POSITIVE
regionostergotland.se,CAA,NOERROR,0,NODATA
regionostergotland.se,HTTPS,NXDOMAIN,0,NXDOMAIN
lavendla.se,A,NOERROR,3,POSITIVE
lavendla.se,AAAA,NOERROR,3,POSITIVE
lavendla.se,MX,NOERROR,5,POSITIVE
lavendla.se,TXT,NOERROR,6,POSITIVE
lavendla.se,NS,NOERROR,2,POSITIVE
lavendla.se,SOA,NOERROR,1,POSITIVE
lavendla.se,CAA,NOERROR,0,NODATA
lavendla.se,HTTPS,NXDOMAIN,0,NXDOMAIN
funstuff.se,A,NOERROR,2,POSITIVE
funstuff.se,AAAA,NOERROR,2,POSITIVE
funstuff.se,MX,NOERROR,1,POSITIVE
funstuff.se,TXT,NOERROR,2,POSITIVE
funstuff.se,NS,NOERROR,2,POSITIVE
funstuff.se,SOA,NOERROR,1,POSITIVE
funstuff.se,CAA,NOERROR,0,NODATA
funstuff.se,HTTPS,NXDOMAIN,0,NXDOMAIN
vardagsnavet.se,A,NOERROR,2,POSITIVE
vardagsnavet.se,AAAA,NOERROR,2,POSITIVE
vardagsnavet.se,MX,NOERROR,0,NODATA
vardagsnavet.se,TXT,NOERROR,0,NODATA
vardagsnavet.se,NS,NOERROR,2,POSITIVE
vardagsnavet.se,SOA,NOERROR,1,POSITIVE
vardagsnavet.se,CAA,NOERROR,0,NODATA
vardagsnavet.se,HTTPS,NXDOMAIN,0,NXDOMAIN
expedia.se,A,NOERROR,2,POSITIVE
expedia.se,AAAA,NOERROR,2,POSITIVE
expedia.se,MX,NOERROR,1,POSITIVE
expedia.se,TXT,NOERROR,3,POSITIVE
expedia.se,NS,NOERROR,9,POSITIVE
expedia.se,SOA,NOERROR,1,POSITIVE
expedia.se,CAA,NOERROR,0,NODATA
expedia.se,HTTPS,NXDOMAIN,0,NXDOMAIN
cyberphoto.se,A,NOERROR,1,POSITIVE
cyberphoto.se,AAAA,NOERROR,0,NODATA
cyberphoto.se,MX,NOERROR,1,POSITIVE
cyberphoto.se,TXT,ERROR,0,OTHER
cyberphoto.se,NS,NOERROR,3,POSITIVE
cyberphoto.se,SOA,NOERROR,1,POSITIVE
cyberphoto.se,CAA,NOERROR,0,NODATA
cyberphoto.se,HTTPS,NXDOMAIN,0,NXDOMAIN
godare.se,A,NOERROR,4,POSITIVE
godare.se,AAAA,NOERROR,0,NODATA
godare.se,MX,NOERROR,5,POSITIVE
godare.se,TXT,NOERROR,4,POSITIVE
godare.se,NS,NOERROR,4,POSITIVE
godare.se,SOA,NOERROR,1,POSITIVE
godare.se,CAA,NOERROR,0,NODATA
godare.se,HTTPS,NXDOMAIN,0,NXDOMAIN
mountainhorse.se,A,NOERROR,1,POSITIVE
mountainhorse.se,AAAA,NOERROR,0,NODATA
mountainhorse.se,MX,NOERROR,1,POSITIVE
mountainhorse.se,TXT,NOERROR,1,POSITIVE
mountainhorse.se,NS,NOERROR,4,POSITIVE
mountainhorse.se,SOA,NOERROR,1,POSITIVE
mountainhorse.se,CAA,NOERROR,0,NODATA
mountainhorse.se,HTTPS,NXDOMAIN,0,NXDOMAIN
capture.se,A,NOERROR,1,POSITIVE
capture.se,AAAA,NOERROR,0,NODATA
capture.se,MX,NOERROR,5,POSITIVE
capture.se,TXT,NOERROR,4,POSITIVE
capture.se,NS,NOERROR,3,POSITIVE
capture.se,SOA,NOERROR,1,POSITIVE
capture.se,CAA,NOERROR,0,NODATA
capture.se,HTTPS,NXDOMAIN,0,NXDOMAIN
xxxlutz.se,A,NOERROR,2,POSITIVE
xxxlutz.se,AAAA,NOERROR,2,POSITIVE
xxxlutz.se,MX,NOERROR,2,POSITIVE
xxxlutz.se,TXT,ERROR,0,OTHER
xxxlutz.se,NS,NOERROR,2,POSITIVE
xxxlutz.se,SOA,NOERROR,1,POSITIVE
xxxlutz.se,CAA,NOERROR,0,NODATA
xxxlutz.se,HTTPS,NXDOMAIN,0,NXDOMAIN
tankevinklar.se,A,NOERROR,2,POSITIVE
tankevinklar.se,AAAA,NOERROR,2,POSITIVE
tankevinklar.se,MX,NOERROR,0,NODATA
tankevinklar.se,TXT,NOERROR,0,NODATA
tankevinklar.se,NS,NOERROR,2,POSITIVE
tankevinklar.se,SOA,NOERROR,1,POSITIVE
tankevinklar.se,CAA,NOERROR,0,NODATA
tankevinklar.se,HTTPS,NXDOMAIN,0,NXDOMAIN
varldenidag.se,A,NOERROR,2,POSITIVE
varldenidag.se,AAAA,NOERROR,0,NODATA
varldenidag.se,MX,NOERROR,1,POSITIVE
varldenidag.se,TXT,NOERROR,4,POSITIVE
varldenidag.se,NS,NOERROR,2,POSITIVE
varldenidag.se,SOA,NOERROR,1,POSITIVE
varldenidag.se,CAA,NOERROR,0,NODATA
varldenidag.se,HTTPS,NXDOMAIN,0,NXDOMAIN
lampan.se,A,NOERROR,1,POSITIVE
lampan.se,AAAA,NOERROR,0,NODATA
lampan.se,MX,NOERROR,6,POSITIVE
lampan.se,TXT,NOERROR,5,POSITIVE
lampan.se,NS,NOERROR,2,POSITIVE
lampan.se,SOA,NOERROR,1,POSITIVE
lampan.se,CAA,NOERROR,0,NODATA
lampan.se,HTTPS,NXDOMAIN,0,NXDOMAIN
hellotickets.se,A,NOERROR,2,POSITIVE
hellotickets.se,AAAA,NOERROR,2,POSITIVE
hellotickets.se,MX,NOERROR,1,POSITIVE
hellotickets.se,TXT,NOERROR,1,POSITIVE
hellotickets.se,NS,NOERROR,2,POSITIVE
hellotickets.se,SOA,NOERROR,1,POSITIVE
hellotickets.se,CAA,NOERROR,0,NODATA
hellotickets.se,HTTPS,NXDOMAIN,0,NXDOMAIN
affarsstrategi.se,A,NOERROR,2,POSITIVE
affarsstrategi.se,AAAA,NOERROR,2,POSITIVE
affarsstrategi.se,MX,NOERROR,0,NODATA
affarsstrategi.se,TXT,NOERROR,0,NODATA
affarsstrategi.se,NS,NOERROR,2,POSITIVE
affarsstrategi.se,SOA,NOERROR,1,POSITIVE
affarsstrategi.se,CAA,NOERROR,0,NODATA
affarsstrategi.se,HTTPS,NXDOMAIN,0,NXDOMAIN
speg.se,A,NOERROR,1,POSITIVE
speg.se,AAAA,NOERROR,0,NODATA
speg.se,MX,NOERROR,3,POSITIVE
speg.se,TXT,NOERROR,2,POSITIVE
speg.se,NS,NOERROR,2,POSITIVE
speg.se,SOA,NOERROR,1,POSITIVE
speg.se,CAA,NOERROR,0,NODATA
speg.se,HTTPS,NXDOMAIN,0,NXDOMAIN
aeromotors.se,A,NOERROR,2,POSITIVE
aeromotors.se,AAAA,NOERROR,2,POSITIVE
aeromotors.se,MX,NOERROR,1,POSITIVE
aeromotors.se,TXT,NOERROR,3,POSITIVE
aeromotors.se,NS,NOERROR,2,POSITIVE
aeromotors.se,SOA,NOERROR,1,POSITIVE
aeromotors.se,CAA,NOERROR,0,NODATA
aeromotors.se,HTTPS,NXDOMAIN,0,NXDOMAIN
contentflode.se,A,NOERROR,2,POSITIVE
contentflode.se,AAAA,NOERROR,2,POSITIVE
contentflode.se,MX,NOERROR,0,NODATA
contentflode.se,TXT,NOERROR,0,NODATA
contentflode.se,NS,NOERROR,2,POSITIVE
contentflode.se,SOA,NOERROR,1,POSITIVE
contentflode.se,CAA,NOERROR,0,NODATA
contentflode.se,HTTPS,NXDOMAIN,0,NXDOMAIN
amarilloresearch.se,A,NOERROR,0,NODATA
amarilloresearch.se,AAAA,NOERROR,0,NODATA
amarilloresearch.se,MX,NOERROR,1,POSITIVE
amarilloresearch.se,TXT,NOERROR,2,POSITIVE
amarilloresearch.se,NS,NOERROR,4,POSITIVE
amarilloresearch.se,SOA,NOERROR,1,POSITIVE
amarilloresearch.se,CAA,NOERROR,0,NODATA
amarilloresearch.se,HTTPS,NXDOMAIN,0,NXDOMAIN
glitter.se,A,NOERROR,1,POSITIVE
glitter.se,AAAA,NOERROR,0,NODATA
glitter.se,MX,NOERROR,1,POSITIVE
glitter.se,TXT,ERROR,0,OTHER
glitter.se,NS,NOERROR,3,POSITIVE
glitter.se,SOA,NOERROR,1,POSITIVE
glitter.se,CAA,NOERROR,0,NODATA
glitter.se,HTTPS,NXDOMAIN,0,NXDOMAIN
eslov.se,A,NOERROR,1,POSITIVE
eslov.se,AAAA,NOERROR,1,POSITIVE
eslov.se,MX,NOERROR,1,POSITIVE
eslov.se,TXT,ERROR,0,OTHER
eslov.se,NS,NOERROR,7,POSITIVE
eslov.se,SOA,NOERROR,1,POSITIVE
eslov.se,CAA,NOERROR,0,NODATA
eslov.se,HTTPS,NXDOMAIN,0,NXDOMAIN
ports.se,A,NOERROR,1,POSITIVE
ports.se,AAAA,NOERROR,0,NODATA
ports.se,MX,NOERROR,3,POSITIVE
ports.se,TXT,NOERROR,7,POSITIVE
ports.se,NS,NOERROR,4,POSITIVE
ports.se,SOA,NOERROR,1,POSITIVE
ports.se,CAA,NOERROR,0,NODATA
ports.se,HTTPS,NXDOMAIN,0,NXDOMAIN
p80.se,A,NOERROR,0,NODATA
p80.se,AAAA,NOERROR,0,NODATA
p80.se,MX,NOERROR,0,NODATA
p80.se,TXT,NOERROR,0,NODATA
p80.se,NS,NOERROR,2,POSITIVE
p80.se,SOA,NOERROR,1,POSITIVE
p80.se,CAA,NOERROR,0,NODATA
p80.se,HTTPS,NXDOMAIN,0,NXDOMAIN
tillvaxtnytt.se,A,NOERROR,2,POSITIVE
tillvaxtnytt.se,AAAA,NOERROR,2,POSITIVE
tillvaxtnytt.se,MX,NOERROR,0,NODATA
tillvaxtnytt.se,TXT,NOERROR,0,NODATA
tillvaxtnytt.se,NS,NOERROR,2,POSITIVE
tillvaxtnytt.se,SOA,NOERROR,1,POSITIVE
tillvaxtnytt.se,CAA,NOERROR,0,NODATA
tillvaxtnytt.se,HTTPS,NXDOMAIN,0,NXDOMAIN
bloggperspektiv.se,A,NOERROR,2,POSITIVE
bloggperspektiv.se,AAAA,NOERROR,2,POSITIVE
bloggperspektiv.se,MX,NOERROR,0,NODATA
bloggperspektiv.se,TXT,NOERROR,0,NODATA
bloggperspektiv.se,NS,NOERROR,2,POSITIVE
bloggperspektiv.se,SOA,NOERROR,1,POSITIVE
bloggperspektiv.se,CAA,NOERROR,0,NODATA
bloggperspektiv.se,HTTPS,NXDOMAIN,0,NXDOMAIN
wirtgen.se,A,NOERROR,1,POSITIVE
wirtgen.se,AAAA,NOERROR,0,NODATA
wirtgen.se,MX,NOERROR,0,NODATA
wirtgen.se,TXT,NOERROR,1,POSITIVE
wirtgen.se,NS,NOERROR,2,POSITIVE
wirtgen.se,SOA,NOERROR,1,POSITIVE
wirtgen.se,CAA,NOERROR,0,NODATA
wirtgen.se,HTTPS,NXDOMAIN,0,NXDOMAIN
officedepot.se,A,NOERROR,4,POSITIVE
officedepot.se,AAAA,NOERROR,0,NODATA
officedepot.se,MX,NOERROR,4,POSITIVE
officedepot.se,TXT,ERROR,0,OTHER
officedepot.se,NS,NOERROR,4,POSITIVE
officedepot.se,SOA,NOERROR,1,POSITIVE
officedepot.se,CAA,NOERROR,0,NODATA
officedepot.se,HTTPS,NXDOMAIN,0,NXDOMAIN
skno.se,A,NOERROR,0,NODATA
skno.se,AAAA,NOERROR,0,NODATA
skno.se,MX,NOERROR,0,NODATA
skno.se,TXT,NOERROR,2,POSITIVE
skno.se,NS,NOERROR,2,POSITIVE
skno.se,SOA,NOERROR,1,POSITIVE
skno.se,CAA,NOERROR,2,POSITIVE
skno.se,HTTPS,NXDOMAIN,0,NXDOMAIN
resursbank.se,A,NOERROR,3,POSITIVE
resursbank.se,AAAA,NOERROR,0,NODATA
resursbank.se,MX,NOERROR,1,POSITIVE
resursbank.se,TXT,ERROR,0,OTHER
resursbank.se,NS,NOERROR,4,POSITIVE
resursbank.se,SOA,NOERROR,1,POSITIVE
resursbank.se,CAA,NOERROR,6,POSITIVE
resursbank.se,HTTPS,NXDOMAIN,0,NXDOMAIN
soffadirekt.se,A,NOERROR,1,POSITIVE
soffadirekt.se,AAAA,NOERROR,0,NODATA
soffadirekt.se,MX,NOERROR,1,POSITIVE
soffadirekt.se,TXT,NOERROR,5,POSITIVE
soffadirekt.se,NS,NOERROR,3,POSITIVE
soffadirekt.se,SOA,NOERROR,1,POSITIVE
soffadirekt.se,CAA,NOERROR,0,NODATA
soffadirekt.se,HTTPS,NXDOMAIN,0,NXDOMAIN
qx.se,A,NOERROR,2,POSITIVE
qx.se,AAAA,NOERROR,2,POSITIVE
qx.se,MX,NOERROR,1,POSITIVE
qx.se,TXT,ERROR,0,OTHER
qx.se,NS,NOERROR,2,POSITIVE
qx.se,SOA,NOERROR,1,POSITIVE
qx.se,CAA,NOERROR,9,POSITIVE
qx.se,HTTPS,NXDOMAIN,0,NXDOMAIN
dnsserv.se,A,NOERROR,0,NODATA
dnsserv.se,AAAA,NOERROR,0,NODATA
dnsserv.se,MX,NOERROR,2,POSITIVE
dnsserv.se,TXT,NOERROR,1,POSITIVE
dnsserv.se,NS,NOERROR,5,POSITIVE
dnsserv.se,SOA,NOERROR,1,POSITIVE
dnsserv.se,CAA,NOERROR,0,NODATA
dnsserv.se,HTTPS,NXDOMAIN,0,NXDOMAIN
stff.se,A,NOERROR,1,POSITIVE
stff.se,AAAA,NOERROR,0,NODATA
stff.se,MX,NOERROR,1,POSITIVE
stff.se,TXT,NOERROR,2,POSITIVE
stff.se,NS,NOERROR,4,POSITIVE
stff.se,SOA,NOERROR,1,POSITIVE
stff.se,CAA,NOERROR,0,NODATA
stff.se,HTTPS,NXDOMAIN,0,NXDOMAIN
svenskhandel.se,A,NOERROR,1,POSITIVE
svenskhandel.se,AAAA,NOERROR,1,POSITIVE
svenskhandel.se,MX,NOERROR,1,POSITIVE
svenskhandel.se,TXT,ERROR,0,OTHER
svenskhandel.se,NS,NOERROR,2,POSITIVE
svenskhandel.se,SOA,NOERROR,1,POSITIVE
svenskhandel.se,CAA,NOERROR,0,NODATA
svenskhandel.se,HTTPS,NXDOMAIN,0,NXDOMAIN
svenskaspel.se,A,NOERROR,2,POSITIVE
svenskaspel.se,AAAA,NOERROR,0,NODATA
svenskaspel.se,MX,NOERROR,1,POSITIVE
svenskaspel.se,TXT,ERROR,0,OTHER
svenskaspel.se,NS,NOERROR,2,POSITIVE
svenskaspel.se,SOA,NOERROR,1,POSITIVE
svenskaspel.se,CAA,NOERROR,0,NODATA
svenskaspel.se,HTTPS,NXDOMAIN,0,NXDOMAIN
mebo.se,A,NOERROR,1,POSITIVE
mebo.se,AAAA,NOERROR,0,NODATA
mebo.se,MX,NOERROR,4,POSITIVE
mebo.se,TXT,NOERROR,1,POSITIVE
mebo.se,NS,NOERROR,2,POSITIVE
mebo.se,SOA,NOERROR,1,POSITIVE
mebo.se,CAA,NOERROR,0,NODATA
mebo.se,HTTPS,NXDOMAIN,0,NXDOMAIN
uddevalla.se,A,NOERROR,1,POSITIVE
uddevalla.se,AAAA,NOERROR,0,NODATA
uddevalla.se,MX,NOERROR,1,POSITIVE
uddevalla.se,TXT,ERROR,0,OTHER
uddevalla.se,NS,NOERROR,2,POSITIVE
uddevalla.se,SOA,NOERROR,1,POSITIVE
uddevalla.se,CAA,NOERROR,0,NODATA
uddevalla.se,HTTPS,NXDOMAIN,0,NXDOMAIN
ica.se,A,NOERROR,2,POSITIVE
ica.se,AAAA,NOERROR,2,POSITIVE
ica.se,MX,NOERROR,1,POSITIVE
ica.se,TXT,ERROR,0,OTHER
ica.se,NS,NOERROR,6,POSITIVE
ica.se,SOA,NOERROR,1,POSITIVE
ica.se,CAA,NOERROR,0,NODATA
ica.se,HTTPS,NXDOMAIN,0,NXDOMAIN
farghandlare-motala.se,A,NOERROR,1,POSITIVE
farghandlare-motala.se,AAAA,NOERROR,0,NODATA
farghandlare-motala.se,MX,NOERROR,0,NODATA
farghandlare-motala.se,TXT,NOERROR,0,NODATA
farghandlare-motala.se,NS,NOERROR,2,POSITIVE
farghandlare-motala.se,SOA,NOERROR,1,POSITIVE
farghandlare-motala.se,CAA,NOERROR,0,NODATA
farghandlare-motala.se,HTTPS,NXDOMAIN,0,NXDOMAIN
goteborgfilmfestival.se,A,NOERROR,1,POSITIVE
goteborgfilmfestival.se,AAAA,NOERROR,0,NODATA
goteborgfilmfestival.se,MX,NOERROR,1,POSITIVE
goteborgfilmfestival.se,TXT,NOERROR,2,POSITIVE
goteborgfilmfestival.se,NS,NOERROR,4,POSITIVE
goteborgfilmfestival.se,SOA,NOERROR,1,POSITIVE
goteborgfilmfestival.se,CAA,NOERROR,0,NODATA
goteborgfilmfestival.se,HTTPS,NXDOMAIN,0,NXDOMAIN
iasystemet.se,A,NOERROR,1,POSITIVE
iasystemet.se,AAAA,NOERROR,0,NODATA
iasystemet.se,MX,NOERROR,1,POSITIVE
iasystemet.se,TXT,NOERROR,3,POSITIVE
iasystemet.se,NS,NOERROR,2,POSITIVE
iasystemet.se,SOA,NOERROR,1,POSITIVE
iasystemet.se,CAA,NOERROR,0,NODATA
iasystemet.se,HTTPS,NXDOMAIN,0,NXDOMAIN
pi.se,A,NOERROR,1,POSITIVE
pi.se,AAAA,NOERROR,0,NODATA
pi.se,MX,NOERROR,0,NODATA
pi.se,TXT,ERROR,0,OTHER
pi.se,NS,NOERROR,3,POSITIVE
pi.se,SOA,NOERROR,1,POSITIVE
pi.se,CAA,NOERROR,0,NODATA
pi.se,HTTPS,NXDOMAIN,0,NXDOMAIN
folkbladet.se,A,NOERROR,3,POSITIVE
folkbladet.se,AAAA,NOERROR,0,NODATA
folkbladet.se,MX,NOERROR,2,POSITIVE
folkbladet.se,TXT,ERROR,0,OTHER
folkbladet.se,NS,NOERROR,5,POSITIVE
folkbladet.se,SOA,NOERROR,1,POSITIVE
folkbladet.se,CAA,NOERROR,0,NODATA
folkbladet.se,HTTPS,NXDOMAIN,0,NXDOMAIN
nybro.se,A,NOERROR,1,POSITIVE
nybro.se,AAAA,NOERROR,0,NODATA
nybro.se,MX,NOERROR,1,POSITIVE
nybro.se,TXT,NOERROR,4,POSITIVE
nybro.se,NS,NOERROR,3,POSITIVE
nybro.se,SOA,NOERROR,1,POSITIVE
nybro.se,CAA,NOERROR,0,NODATA
nybro.se,HTTPS,NXDOMAIN,0,NXDOMAIN
mitti.se,A,NOERROR,4,POSITIVE
mitti.se,AAAA,NOERROR,8,POSITIVE
mitti.se,MX,NOERROR,1,POSITIVE
mitti.se,TXT,ERROR,0,OTHER
mitti.se,NS,NOERROR,4,POSITIVE
mitti.se,SOA,NOERROR,1,POSITIVE
mitti.se,CAA,NOERROR,0,NODATA
mitti.se,HTTPS,NXDOMAIN,0,NXDOMAIN
surfcitywebbhotell.se,A,NOERROR,1,POSITIVE
surfcitywebbhotell.se,AAAA,NOERROR,1,POSITIVE
surfcitywebbhotell.se,MX,NOERROR,1,POSITIVE
surfcitywebbhotell.se,TXT,NOERROR,1,POSITIVE
surfcitywebbhotell.se,NS,NOERROR,7,POSITIVE
surfcitywebbhotell.se,SOA,NOERROR,1,POSITIVE
surfcitywebbhotell.se,CAA,NOERROR,0,NODATA
surfcitywebbhotell.se,HTTPS,NXDOMAIN,0,NXDOMAIN
fiskejournalen.se,A,NOERROR,1,POSITIVE
fiskejournalen.se,AAAA,NOERROR,0,NODATA
fiskejournalen.se,MX,NOERROR,1,POSITIVE
fiskejournalen.se,TXT,NOERROR,4,POSITIVE
fiskejournalen.se,NS,NOERROR,6,POSITIVE
fiskejournalen.se,SOA,NOERROR,1,POSITIVE
fiskejournalen.se,CAA,NOERROR,0,NODATA
fiskejournalen.se,HTTPS,NXDOMAIN,0,NXDOMAIN
puretechworld.se,A,NOERROR,2,POSITIVE
puretechworld.se,AAAA,NOERROR,2,POSITIVE
puretechworld.se,MX,NOERROR,0,NODATA
puretechworld.se,TXT,NOERROR,0,NODATA
puretechworld.se,NS,NOERROR,2,POSITIVE
puretechworld.se,SOA,NOERROR,1,POSITIVE
puretechworld.se,CAA,NOERROR,0,NODATA
puretechworld.se,HTTPS,NXDOMAIN,0,NXDOMAIN
hemtrevligt.se,A,NOERROR,2,POSITIVE
hemtrevligt.se,AAAA,NOERROR,0,NODATA
hemtrevligt.se,MX,NOERROR,1,POSITIVE
hemtrevligt.se,TXT,NOERROR,4,POSITIVE
hemtrevligt.se,NS,NOERROR,4,POSITIVE
hemtrevligt.se,SOA,NOERROR,1,POSITIVE
hemtrevligt.se,CAA,NOERROR,0,NODATA
hemtrevligt.se,HTTPS,NXDOMAIN,0,NXDOMAIN
skelleftea.se,A,NOERROR,1,POSITIVE
skelleftea.se,AAAA,NOERROR,0,NODATA
skelleftea.se,MX,NOERROR,1,POSITIVE
skelleftea.se,TXT,ERROR,0,OTHER
skelleftea.se,NS,NOERROR,2,POSITIVE
skelleftea.se,SOA,NOERROR,1,POSITIVE
skelleftea.se,CAA,NOERROR,2,POSITIVE
skelleftea.se,HTTPS,NXDOMAIN,0,NXDOMAIN
langd.se,A,NOERROR,2,POSITIVE
langd.se,AAAA,NOERROR,2,POSITIVE
langd.se,MX,NOERROR,1,POSITIVE
langd.se,TXT,NOERROR,1,POSITIVE
langd.se,NS,NOERROR,2,POSITIVE
langd.se,SOA,NOERROR,1,POSITIVE
langd.se,CAA,NOERROR,0,NODATA
langd.se,HTTPS,NXDOMAIN,0,NXDOMAIN
cafeboulevard.se,A,NOERROR,2,POSITIVE
cafeboulevard.se,AAAA,NOERROR,2,POSITIVE
cafeboulevard.se,MX,NOERROR,2,POSITIVE
cafeboulevard.se,TXT,NOERROR,2,POSITIVE
cafeboulevard.se,NS,NOERROR,2,POSITIVE
cafeboulevard.se,SOA,NOERROR,1,POSITIVE
cafeboulevard.se,CAA,NOERROR,0,NODATA
cafeboulevard.se,HTTPS,NXDOMAIN,0,NXDOMAIN
etanet.se,A,ERROR,0,OTHER
etanet.se,AAAA,ERROR,0,OTHER
etanet.se,MX,ERROR,0,OTHER
etanet.se,TXT,ERROR,0,OTHER
etanet.se,NS,ERROR,0,OTHER
etanet.se,SOA,ERROR,0,OTHER
etanet.se,CAA,ERROR,0,OTHER
etanet.se,HTTPS,NXDOMAIN,0,NXDOMAIN
norstedts.se,A,NOERROR,4,POSITIVE
norstedts.se,AAAA,NOERROR,8,POSITIVE
norstedts.se,MX,NOERROR,5,POSITIVE
norstedts.se,TXT,ERROR,0,OTHER
norstedts.se,NS,NOERROR,4,POSITIVE
norstedts.se,SOA,NOERROR,1,POSITIVE
norstedts.se,CAA,NOERROR,0,NODATA
norstedts.se,HTTPS,NXDOMAIN,0,NXDOMAIN
landskrona.se,A,NOERROR,1,POSITIVE
landskrona.se,AAAA,NOERROR,1,POSITIVE
landskrona.se,MX,NOERROR,1,POSITIVE
landskrona.se,TXT,ERROR,0,OTHER
landskrona.se,NS,NOERROR,2,POSITIVE
landskrona.se,SOA,NOERROR,1,POSITIVE
landskrona.se,CAA,NOERROR,0,NODATA
landskrona.se,HTTPS,NXDOMAIN,0,NXDOMAIN
aleris.se,A,NOERROR,1,POSITIVE
aleris.se,AAAA,NOERROR,0,NODATA
aleris.se,MX,NOERROR,1,POSITIVE
aleris.se,TXT,ERROR,0,OTHER
aleris.se,NS,NOERROR,4,POSITIVE
aleris.se,SOA,NOERROR,1,POSITIVE
aleris.se,CAA,NOERROR,0,NODATA
aleris.se,HTTPS,NXDOMAIN,0,NXDOMAIN
icagruppen.se,A,NOERROR,1,POSITIVE
icagruppen.se,AAAA,NOERROR,0,NODATA
icagruppen.se,MX,NOERROR,0,NODATA
icagruppen.se,TXT,ERROR,0,OTHER
icagruppen.se,NS,NOERROR,2,POSITIVE
icagruppen.se,SOA,NOERROR,1,POSITIVE
icagruppen.se,CAA,NOERROR,0,NODATA
icagruppen.se,HTTPS,NXDOMAIN,0,NXDOMAIN
fliflix.se,A,NOERROR,0,NODATA
fliflix.se,AAAA,NOERROR,0,NODATA
fliflix.se,MX,NOERROR,3,POSITIVE
fliflix.se,TXT,NOERROR,2,POSITIVE
fliflix.se,NS,NOERROR,2,POSITIVE
fliflix.se,SOA,NOERROR,1,POSITIVE
fliflix.se,CAA,NOERROR,0,NODATA
fliflix.se,HTTPS,NXDOMAIN,0,NXDOMAIN
teknikuppdatering.se,A,NOERROR,2,POSITIVE
teknikuppdatering.se,AAAA,NOERROR,2,POSITIVE
teknikuppdatering.se,MX,NOERROR,0,NODATA
teknikuppdatering.se,TXT,NOERROR,0,NODATA
teknikuppdatering.se,NS,NOERROR,2,POSITIVE
teknikuppdatering.se,SOA,NOERROR,1,POSITIVE
teknikuppdatering.se,CAA,NOERROR,0,NODATA
teknikuppdatering.se,HTTPS,NXDOMAIN,0,NXDOMAIN
metall.se,A,NOERROR,1,POSITIVE
metall.se,AAAA,NOERROR,0,NODATA
metall.se,MX,NOERROR,1,POSITIVE
metall.se,TXT,NOERROR,2,POSITIVE
metall.se,NS,NOERROR,4,POSITIVE
metall.se,SOA,NOERROR,1,POSITIVE
metall.se,CAA,NOERROR,0,NODATA
metall.se,HTTPS,NXDOMAIN,0,NXDOMAIN
sodertalje.se,A,NOERROR,1,POSITIVE
sodertalje.se,AAAA,NOERROR,1,POSITIVE
sodertalje.se,MX,NOERROR,1,POSITIVE
sodertalje.se,TXT,ERROR,0,OTHER
sodertalje.se,NS,NOERROR,2,POSITIVE
sodertalje.se,SOA,NOERROR,1,POSITIVE
sodertalje.se,CAA,NOERROR,0,NODATA
sodertalje.se,HTTPS,NXDOMAIN,0,NXDOMAIN
kalender.se,A,NOERROR,1,POSITIVE
kalender.se,AAAA,NOERROR,0,NODATA
kalender.se,MX,NOERROR,2,POSITIVE
kalender.se,TXT,NOERROR,5,POSITIVE
kalender.se,NS,NOERROR,2,POSITIVE
kalender.se,SOA,NOERROR,1,POSITIVE
kalender.se,CAA,NOERROR,0,NODATA
kalender.se,HTTPS,NXDOMAIN,0,NXDOMAIN
secondary.se,A,NOERROR,1,POSITIVE
secondary.se,AAAA,NOERROR,1,POSITIVE
secondary.se,MX,NOERROR,1,POSITIVE
secondary.se,TXT,NOERROR,2,POSITIVE
secondary.se,NS,NOERROR,3,POSITIVE
secondary.se,SOA,NOERROR,1,POSITIVE
secondary.se,CAA,NOERROR,0,NODATA
secondary.se,HTTPS,NXDOMAIN,0,NXDOMAIN
blinto.se,A,NOERROR,3,POSITIVE
blinto.se,AAAA,NOERROR,3,POSITIVE
blinto.se,MX,NOERROR,5,POSITIVE
blinto.se,TXT,ERROR,0,OTHER
blinto.se,NS,NOERROR,2,POSITIVE
blinto.se,SOA,NOERROR,1,POSITIVE
blinto.se,CAA,NOERROR,0,NODATA
blinto.se,HTTPS,NXDOMAIN,0,NXDOMAIN
vastgotabladet.se,A,NOERROR,1,POSITIVE
vastgotabladet.se,AAAA,NOERROR,0,NODATA
vastgotabladet.se,MX,NOERROR,5,POSITIVE
vastgotabladet.se,TXT,NOERROR,5,POSITIVE
vastgotabladet.se,NS,NOERROR,4,POSITIVE
vastgotabladet.se,SOA,NOERROR,1,POSITIVE
vastgotabladet.se,CAA,NOERROR,0,NODATA
vastgotabladet.se,HTTPS,NXDOMAIN,0,NXDOMAIN
tankeskaparen.se,A,NOERROR,2,POSITIVE
tankeskaparen.se,AAAA,NOERROR,2,POSITIVE
tankeskaparen.se,MX,NOERROR,0,NODATA
tankeskaparen.se,TXT,NOERROR,0,NODATA
tankeskaparen.se,NS,NOERROR,2,POSITIVE
tankeskaparen.se,SOA,NOERROR,1,POSITIVE
tankeskaparen.se,CAA,NOERROR,0,NODATA
tankeskaparen.se,HTTPS,NXDOMAIN,0,NXDOMAIN
aklagare.se,A,NOERROR,2,POSITIVE
aklagare.se,AAAA,NOERROR,2,POSITIVE
aklagare.se,MX,NOERROR,2,POSITIVE
aklagare.se,TXT,NOERROR,4,POSITIVE
aklagare.se,NS,NOERROR,2,POSITIVE
aklagare.se,SOA,NOERROR,1,POSITIVE
aklagare.se,CAA,ERROR,0,OTHER
aklagare.se,HTTPS,NXDOMAIN,0,NXDOMAIN
ekonominavet.se,A,NOERROR,2,POSITIVE
ekonominavet.se,AAAA,NOERROR,2,POSITIVE
ekonominavet.se,MX,NOERROR,0,NODATA
ekonominavet.se,TXT,NOERROR,0,NODATA
ekonominavet.se,NS,NOERROR,2,POSITIVE
ekonominavet.se,SOA,NOERROR,1,POSITIVE
ekonominavet.se,CAA,NOERROR,0,NODATA
ekonominavet.se,HTTPS,NXDOMAIN,0,NXDOMAIN
kt-kuriren.se,A,NOERROR,1,POSITIVE
kt-kuriren.se,AAAA,NOERROR,0,NODATA
kt-kuriren.se,MX,NOERROR,1,POSITIVE
kt-kuriren.se,TXT,NOERROR,6,POSITIVE
kt-kuriren.se,NS,NOERROR,2,POSITIVE
kt-kuriren.se,SOA,NOERROR,1,POSITIVE
kt-kuriren.se,CAA,NOERROR,0,NODATA
kt-kuriren.se,HTTPS,NXDOMAIN,0,NXDOMAIN
bitcom.se,A,NOERROR,1,POSITIVE
bitcom.se,AAAA,NOERROR,0,NODATA
bitcom.se,MX,NOERROR,4,POSITIVE
bitcom.se,TXT,NOERROR,7,POSITIVE
bitcom.se,NS,NOERROR,2,POSITIVE
bitcom.se,SOA,NOERROR,1,POSITIVE
bitcom.se,CAA,NOERROR,0,NODATA
bitcom.se,HTTPS,NXDOMAIN,0,NXDOMAIN
sac.se,A,NOERROR,1,POSITIVE
sac.se,AAAA,NOERROR,0,NODATA
sac.se,MX,NOERROR,1,POSITIVE
sac.se,TXT,NOERROR,1,POSITIVE
sac.se,NS,NOERROR,2,POSITIVE
sac.se,SOA,NOERROR,1,POSITIVE
sac.se,CAA,NOERROR,0,NODATA
sac.se,HTTPS,NXDOMAIN,0,NXDOMAIN
magnetevent.se,A,NOERROR,1,POSITIVE
magnetevent.se,AAAA,NOERROR,0,NODATA
magnetevent.se,MX,NOERROR,2,POSITIVE
magnetevent.se,TXT,NOERROR,4,POSITIVE
magnetevent.se,NS,NOERROR,4,POSITIVE
magnetevent.se,SOA,NOERROR,1,POSITIVE
magnetevent.se,CAA,NOERROR,0,NODATA
magnetevent.se,HTTPS,NXDOMAIN,0,NXDOMAIN
pro-net.se,A,NOERROR,1,POSITIVE
pro-net.se,AAAA,NOERROR,0,NODATA
pro-net.se,MX,NOERROR,0,NODATA
pro-net.se,TXT,NOERROR,0,NODATA
pro-net.se,NS,NOERROR,4,POSITIVE
pro-net.se,SOA,NOERROR,1,POSITIVE
pro-net.se,CAA,NOERROR,0,NODATA
pro-net.se,HTTPS,NXDOMAIN,0,NXDOMAIN
electrolux.se,A,NOERROR,2,POSITIVE
electrolux.se,AAAA,NOERROR,2,POSITIVE
electrolux.se,MX,NOERROR,2,POSITIVE
electrolux.se,TXT,ERROR,0,OTHER
electrolux.se,NS,NOERROR,6,POSITIVE
electrolux.se,SOA,NOERROR,1,POSITIVE
electrolux.se,CAA,NOERROR,0,NODATA
electrolux.se,HTTPS,NXDOMAIN,0,NXDOMAIN
daisygrace.se,A,NOERROR,3,POSITIVE
daisygrace.se,AAAA,NOERROR,3,POSITIVE
daisygrace.se,MX,NOERROR,0,NODATA
daisygrace.se,TXT,NOERROR,2,POSITIVE
daisygrace.se,NS,NOERROR,2,POSITIVE
daisygrace.se,SOA,NOERROR,1,POSITIVE
daisygrace.se,CAA,NOERROR,0,NODATA
daisygrace.se,HTTPS,NXDOMAIN,0,NXDOMAIN
optinet.se,A,NOERROR,1,POSITIVE
optinet.se,AAAA,NOERROR,0,NODATA
optinet.se,MX,NOERROR,3,POSITIVE
optinet.se,TXT,NOERROR,3,POSITIVE
optinet.se,NS,NOERROR,2,POSITIVE
optinet.se,SOA,NOERROR,1,POSITIVE
optinet.se,CAA,NOERROR,0,NODATA
optinet.se,HTTPS,NXDOMAIN,0,NXDOMAIN
smartgrowthlab.se,A,NOERROR,2,POSITIVE
smartgrowthlab.se,AAAA,NOERROR,2,POSITIVE
smartgrowthlab.se,MX,NOERROR,0,NODATA
smartgrowthlab.se,TXT,NOERROR,0,NODATA
smartgrowthlab.se,NS,NOERROR,2,POSITIVE
smartgrowthlab.se,SOA,NOERROR,1,POSITIVE
smartgrowthlab.se,CAA,NOERROR,0,NODATA
smartgrowthlab.se,HTTPS,NXDOMAIN,0,NXDOMAIN
dahl.se,A,NOERROR,2,POSITIVE
dahl.se,AAAA,NOERROR,0,NODATA
dahl.se,MX,NOERROR,2,POSITIVE
dahl.se,TXT,ERROR,0,OTHER
dahl.se,NS,NOERROR,2,POSITIVE
dahl.se,SOA,NOERROR,1,POSITIVE
dahl.se,CAA,NOERROR,0,NODATA
dahl.se,HTTPS,NXDOMAIN,0,NXDOMAIN
wurth.se,A,NOERROR,1,POSITIVE
wurth.se,AAAA,NOERROR,0,NODATA
wurth.se,MX,NOERROR,2,POSITIVE
wurth.se,TXT,NOERROR,4,POSITIVE
wurth.se,NS,NOERROR,2,POSITIVE
wurth.se,SOA,NOERROR,1,POSITIVE
wurth.se,CAA,NOERROR,4,POSITIVE
wurth.se,HTTPS,NXDOMAIN,0,NXDOMAIN
residencemagazine.se,A,NOERROR,2,POSITIVE
residencemagazine.se,AAAA,NOERROR,2,POSITIVE
residencemagazine.se,MX,NOERROR,1,POSITIVE
residencemagazine.se,TXT,NOERROR,4,POSITIVE
residencemagazine.se,NS,NOERROR,2,POSITIVE
residencemagazine.se,SOA,NOERROR,1,POSITIVE
residencemagazine.se,CAA,ERROR,0,OTHER
residencemagazine.se,HTTPS,NXDOMAIN,0,NXDOMAIN
mnt.se,A,NOERROR,0,NODATA
mnt.se,AAAA,NOERROR,0,NODATA
mnt.se,MX,NOERROR,7,POSITIVE
mnt.se,TXT,NOERROR,1,POSITIVE
mnt.se,NS,NOERROR,3,POSITIVE
mnt.se,SOA,NOERROR,1,POSITIVE
mnt.se,CAA,NOERROR,0,NODATA
mnt.se,HTTPS,NXDOMAIN,0,NXDOMAIN
bellasverige.se,A,NOERROR,1,POSITIVE
bellasverige.se,AAAA,NOERROR,1,POSITIVE
bellasverige.se,MX,NOERROR,1,POSITIVE
bellasverige.se,TXT,NOERROR,3,POSITIVE
bellasverige.se,NS,NOERROR,4,POSITIVE
bellasverige.se,SOA,NOERROR,1,POSITIVE
bellasverige.se,CAA,NOERROR,0,NODATA
bellasverige.se,HTTPS,NXDOMAIN,0,NXDOMAIN
lernia.se,A,NOERROR,1,POSITIVE
lernia.se,AAAA,NOERROR,0,NODATA
lernia.se,MX,NOERROR,1,POSITIVE
lernia.se,TXT,ERROR,0,OTHER
lernia.se,NS,NOERROR,4,POSITIVE
lernia.se,SOA,NOERROR,1,POSITIVE
lernia.se,CAA,NOERROR,0,NODATA
lernia.se,HTTPS,NXDOMAIN,0,NXDOMAIN
norrkoping.se,A,NOERROR,1,POSITIVE
norrkoping.se,AAAA,NOERROR,1,POSITIVE
norrkoping.se,MX,NOERROR,1,POSITIVE
norrkoping.se,TXT,ERROR,0,OTHER
norrkoping.se,NS,NOERROR,3,POSITIVE
norrkoping.se,SOA,NOERROR,1,POSITIVE
norrkoping.se,CAA,NOERROR,3,POSITIVE
norrkoping.se,HTTPS,NXDOMAIN,0,NXDOMAIN
liber.se,A,NOERROR,1,POSITIVE
liber.se,AAAA,NOERROR,0,NODATA
liber.se,MX,NOERROR,1,POSITIVE
liber.se,TXT,ERROR,0,OTHER
liber.se,NS,NOERROR,4,POSITIVE
liber.se,SOA,NOERROR,1,POSITIVE
liber.se,CAA,NOERROR,11,POSITIVE
liber.se,HTTPS,NXDOMAIN,0,NXDOMAIN
spelklubben.se,A,NOERROR,4,POSITIVE
spelklubben.se,AAAA,NOERROR,0,NODATA
spelklubben.se,MX,NOERROR,1,POSITIVE
spelklubben.se,TXT,NOERROR,4,POSITIVE
spelklubben.se,NS,NOERROR,2,POSITIVE
spelklubben.se,SOA,NOERROR,1,POSITIVE
spelklubben.se,CAA,NOERROR,0,NODATA
spelklubben.se,HTTPS,NXDOMAIN,0,NXDOMAIN
seniorlife.se,A,NOERROR,1,POSITIVE
seniorlife.se,AAAA,NOERROR,0,NODATA
seniorlife.se,MX,NOERROR,1,POSITIVE
seniorlife.se,TXT,NOERROR,3,POSITIVE
seniorlife.se,NS,NOERROR,2,POSITIVE
seniorlife.se,SOA,NOERROR,1,POSITIVE
seniorlife.se,CAA,NOERROR,0,NODATA
seniorlife.se,HTTPS,NXDOMAIN,0,NXDOMAIN
smart365.se,A,NOERROR,1,POSITIVE
smart365.se,AAAA,NOERROR,0,NODATA
smart365.se,MX,NOERROR,1,POSITIVE
smart365.se,TXT,NOERROR,6,POSITIVE
smart365.se,NS,NOERROR,2,POSITIVE
smart365.se,SOA,NOERROR,1,POSITIVE
smart365.se,CAA,NOERROR,0,NODATA
smart365.se,HTTPS,NXDOMAIN,0,NXDOMAIN
cyberzoo.se,A,NOERROR,1,POSITIVE
cyberzoo.se,AAAA,NOERROR,0,NODATA
cyberzoo.se,MX,NOERROR,1,POSITIVE
cyberzoo.se,TXT,ERROR,0,OTHER
cyberzoo.se,NS,NOERROR,3,POSITIVE
cyberzoo.se,SOA,NOERROR,1,POSITIVE
cyberzoo.se,CAA,NOERROR,0,NODATA
cyberzoo.se,HTTPS,NXDOMAIN,0,NXDOMAIN
nordiskafonster.se,A,NOERROR,1,POSITIVE
nordiskafonster.se,AAAA,NOERROR,0,NODATA
nordiskafonster.se,MX,NOERROR,1,POSITIVE
nordiskafonster.se,TXT,NOERROR,4,POSITIVE
nordiskafonster.se,NS,NOERROR,2,POSITIVE
nordiskafonster.se,SOA,NOERROR,1,POSITIVE
nordiskafonster.se,CAA,NOERROR,0,NODATA
nordiskafonster.se,HTTPS,NXDOMAIN,0,NXDOMAIN
sematic.se,A,NOERROR,4,POSITIVE
sematic.se,AAAA,NOERROR,0,NODATA
sematic.se,MX,NOERROR,5,POSITIVE
sematic.se,TXT,NOERROR,4,POSITIVE
sematic.se,NS,NOERROR,2,POSITIVE
sematic.se,SOA,NOERROR,1,POSITIVE
sematic.se,CAA,NOERROR,0,NODATA
sematic.se,HTTPS,NXDOMAIN,0,NXDOMAIN
digitalfloden.se,A,NOERROR,2,POSITIVE
digitalfloden.se,AAAA,NOERROR,2,POSITIVE
digitalfloden.se,MX,NOERROR,0,NODATA
digitalfloden.se,TXT,NOERROR,0,NODATA
digitalfloden.se,NS,NOERROR,2,POSITIVE
digitalfloden.se,SOA,NOERROR,1,POSITIVE
digitalfloden.se,CAA,NOERROR,0,NODATA
digitalfloden.se,HTTPS,NXDOMAIN,0,NXDOMAIN
footish.se,A,NOERROR,4,POSITIVE
footish.se,AAAA,NOERROR,0,NODATA
footish.se,MX,NOERROR,4,POSITIVE
footish.se,TXT,NOERROR,3,POSITIVE
footish.se,NS,NOERROR,2,POSITIVE
footish.se,SOA,NOERROR,1,POSITIVE
footish.se,CAA,NOERROR,0,NODATA
footish.se,HTTPS,NXDOMAIN,0,NXDOMAIN
bolagsverket.se,A,NOERROR,1,POSITIVE
bolagsverket.se,AAAA,NOERROR,1,POSITIVE
bolagsverket.se,MX,NOERROR,1,POSITIVE
bolagsverket.se,TXT,NOERROR,2,POSITIVE
bolagsverket.se,NS,NOERROR,4,POSITIVE
bolagsverket.se,SOA,NOERROR,1,POSITIVE
bolagsverket.se,CAA,NOERROR,0,NODATA
bolagsverket.se,HTTPS,NXDOMAIN,0,NXDOMAIN
pirots3-casino.se,A,NOERROR,2,POSITIVE
pirots3-casino.se,AAAA,NOERROR,2,POSITIVE
pirots3-casino.se,MX,NOERROR,0,NODATA
pirots3-casino.se,TXT,NOERROR,0,NODATA
pirots3-casino.se,NS,NOERROR,2,POSITIVE
pirots3-casino.se,SOA,NOERROR,1,POSITIVE
pirots3-casino.se,CAA,NOERROR,0,NODATA
pirots3-casino.se,HTTPS,NXDOMAIN,0,NXDOMAIN
vvsochbad.se,A,NOERROR,3,POSITIVE
vvsochbad.se,AAAA,NOERROR,3,POSITIVE
vvsochbad.se,MX,NOERROR,1,POSITIVE
vvsochbad.se,TXT,ERROR,0,OTHER
vvsochbad.se,NS,NOERROR,2,POSITIVE
vvsochbad.se,SOA,NOERROR,1,POSITIVE
vvsochbad.se,CAA,NOERROR,0,NODATA
vvsochbad.se,HTTPS,NXDOMAIN,0,NXDOMAIN
digitallinjen.se,A,NOERROR,2,POSITIVE
digitallinjen.se,AAAA,NOERROR,2,POSITIVE
digitallinjen.se,MX,NOERROR,0,NODATA
digitallinjen.se,TXT,NOERROR,0,NODATA
digitallinjen.se,NS,NOERROR,2,POSITIVE
digitallinjen.se,SOA,NOERROR,1,POSITIVE
digitallinjen.se,CAA,NOERROR,0,NODATA
digitallinjen.se,HTTPS,NXDOMAIN,0,NXDOMAIN
vinnova.se,A,NOERROR,1,POSITIVE
vinnova.se,AAAA,NOERROR,0,NODATA
vinnova.se,MX,NOERROR,2,POSITIVE
vinnova.se,TXT,ERROR,0,OTHER
vinnova.se,NS,NOERROR,3,POSITIVE
vinnova.se,SOA,NOERROR,1,POSITIVE
vinnova.se,CAA,NOERROR,4,POSITIVE
vinnova.se,HTTPS,NXDOMAIN,0,NXDOMAIN
quicksearch.se,A,NOERROR,1,POSITIVE
quicksearch.se,AAAA,NOERROR,0,NODATA
quicksearch.se,MX,NOERROR,1,POSITIVE
quicksearch.se,TXT,ERROR,0,OTHER
quicksearch.se,NS,NOERROR,2,POSITIVE
quicksearch.se,SOA,NOERROR,1,POSITIVE
quicksearch.se,CAA,NOERROR,0,NODATA
quicksearch.se,HTTPS,NXDOMAIN,0,NXDOMAIN
brightpathways.se,A,NOERROR,2,POSITIVE
brightpathways.se,AAAA,NOERROR,2,POSITIVE
brightpathways.se,MX,NOERROR,0,NODATA
brightpathways.se,TXT,NOERROR,0,NODATA
brightpathways.se,NS,NOERROR,2,POSITIVE
brightpathways.se,SOA,NOERROR,1,POSITIVE
brightpathways.se,CAA,NOERROR,0,NODATA
brightpathways.se,HTTPS,NXDOMAIN,0,NXDOMAIN
tillvaxtresurs.se,A,NOERROR,2,POSITIVE
tillvaxtresurs.se,AAAA,NOERROR,2,POSITIVE
tillvaxtresurs.se,MX,NOERROR,0,NODATA
tillvaxtresurs.se,TXT,NOERROR,0,NODATA
tillvaxtresurs.se,NS,NOERROR,2,POSITIVE
tillvaxtresurs.se,SOA,NOERROR,1,POSITIVE
tillvaxtresurs.se,CAA,NOERROR,0,NODATA
tillvaxtresurs.se,HTTPS,NXDOMAIN,0,NXDOMAIN
toolab.se,A,NOERROR,2,POSITIVE
toolab.se,AAAA,NOERROR,0,NODATA
toolab.se,MX,NOERROR,1,POSITIVE
toolab.se,TXT,NOERROR,4,POSITIVE
toolab.se,NS,NOERROR,2,POSITIVE
toolab.se,SOA,NOERROR,1,POSITIVE
toolab.se,CAA,NOERROR,0,NODATA
toolab.se,HTTPS,NXDOMAIN,0,NXDOMAIN
lastbryggan.se,A,NOERROR,3,POSITIVE
lastbryggan.se,AAAA,NOERROR,3,POSITIVE
lastbryggan.se,MX,NOERROR,2,POSITIVE
lastbryggan.se,TXT,NOERROR,4,POSITIVE
lastbryggan.se,NS,NOERROR,2,POSITIVE
lastbryggan.se,SOA,NOERROR,1,POSITIVE
lastbryggan.se,CAA,NOERROR,0,NODATA
lastbryggan.se,HTTPS,NXDOMAIN,0,NXDOMAIN
bloggagratis.se,A,NOERROR,1,POSITIVE
bloggagratis.se,AAAA,NOERROR,0,NODATA
bloggagratis.se,MX,NOERROR,5,POSITIVE
bloggagratis.se,TXT,NOERROR,3,POSITIVE
bloggagratis.se,NS,NOERROR,2,POSITIVE
bloggagratis.se,SOA,NOERROR,1,POSITIVE
bloggagratis.se,CAA,NOERROR,0,NODATA
bloggagratis.se,HTTPS,NXDOMAIN,0,NXDOMAIN
zetas.se,A,NOERROR,1,POSITIVE
zetas.se,AAAA,NOERROR,0,NODATA
zetas.se,MX,NOERROR,1,POSITIVE
zetas.se,TXT,NOERROR,6,POSITIVE
zetas.se,NS,NOERROR,2,POSITIVE
zetas.se,SOA,NOERROR,1,POSITIVE
zetas.se,CAA,NOERROR,0,NODATA
zetas.se,HTTPS,NXDOMAIN,0,NXDOMAIN
illvet.se,A,NOERROR,1,POSITIVE
illvet.se,AAAA,NOERROR,1,POSITIVE
illvet.se,MX,NOERROR,5,POSITIVE
illvet.se,TXT,NOERROR,6,POSITIVE
illvet.se,NS,NOERROR,2,POSITIVE
illvet.se,SOA,NOERROR,1,POSITIVE
illvet.se,CAA,NOERROR,0,NODATA
illvet.se,HTTPS,NXDOMAIN,0,NXDOMAIN
livsvalet.se,A,NOERROR,2,POSITIVE
livsvalet.se,AAAA,NOERROR,2,POSITIVE
livsvalet.se,MX,NOERROR,0,NODATA
livsvalet.se,TXT,NOERROR,0,NODATA
livsvalet.se,NS,NOERROR,2,POSITIVE
livsvalet.se,SOA,NOERROR,1,POSITIVE
livsvalet.se,CAA,NOERROR,0,NODATA
livsvalet.se,HTTPS,NXDOMAIN,0,NXDOMAIN
greenstepforward.se,A,NOERROR,2,POSITIVE
greenstepforward.se,AAAA,NOERROR,2,POSITIVE
greenstepforward.se,MX,NOERROR,0,NODATA
greenstepforward.se,TXT,NOERROR,0,NODATA
greenstepforward.se,NS,NOERROR,2,POSITIVE
greenstepforward.se,SOA,NOERROR,1,POSITIVE
greenstepforward.se,CAA,NOERROR,0,NODATA
greenstepforward.se,HTTPS,NXDOMAIN,0,NXDOMAIN
sics.se,A,NOERROR,0,NODATA
sics.se,AAAA,NOERROR,0,NODATA
sics.se,MX,NOERROR,1,POSITIVE
sics.se,TXT,NOERROR,5,POSITIVE
sics.se,NS,NOERROR,5,POSITIVE
sics.se,SOA,NOERROR,1,POSITIVE
sics.se,CAA,NOERROR,0,NODATA
sics.se,HTTPS,NXDOMAIN,0,NXDOMAIN
foretagsmedia.se,A,NOERROR,2,POSITIVE
foretagsmedia.se,AAAA,NOERROR,2,POSITIVE
foretagsmedia.se,MX,NOERROR,0,NODATA
foretagsmedia.se,TXT,NOERROR,0,NODATA
foretagsmedia.se,NS,NOERROR,2,POSITIVE
foretagsmedia.se,SOA,NOERROR,1,POSITIVE
foretagsmedia.se,CAA,NOERROR,0,NODATA
foretagsmedia.se,HTTPS,NXDOMAIN,0,NXDOMAIN
svemo.se,A,NOERROR,1,POSITIVE
svemo.se,AAAA,NOERROR,0,NODATA
svemo.se,MX,NOERROR,3,POSITIVE
svemo.se,TXT,ERROR,0,OTHER
svemo.se,NS,NOERROR,4,POSITIVE
svemo.se,SOA,NOERROR,1,POSITIVE
svemo.se,CAA,NOERROR,0,NODATA
svemo.se,HTTPS,NXDOMAIN,0,NXDOMAIN
swebowl.se,A,NOERROR,1,POSITIVE
swebowl.se,AAAA,NOERROR,0,NODATA
swebowl.se,MX,NOERROR,1,POSITIVE
swebowl.se,TXT,ERROR,0,OTHER
swebowl.se,NS,NOERROR,2,POSITIVE
swebowl.se,SOA,NOERROR,1,POSITIVE
swebowl.se,CAA,NOERROR,0,NODATA
swebowl.se,HTTPS,NXDOMAIN,0,NXDOMAIN
chickenroad.se,A,NOERROR,2,POSITIVE
chickenroad.se,AAAA,NOERROR,2,POSITIVE
chickenroad.se,MX,NOERROR,3,POSITIVE
chickenroad.se,TXT,NOERROR,1,POSITIVE
chickenroad.se,NS,NOERROR,2,POSITIVE
chickenroad.se,SOA,NOERROR,1,POSITIVE
chickenroad.se,CAA,NOERROR,0,NODATA
chickenroad.se,HTTPS,NXDOMAIN,0,NXDOMAIN
datahalland.se,A,NOERROR,1,POSITIVE
datahalland.se,AAAA,NOERROR,0,NODATA
datahalland.se,MX,NOERROR,1,POSITIVE
datahalland.se,TXT,NOERROR,1,POSITIVE
datahalland.se,NS,NOERROR,2,POSITIVE
datahalland.se,SOA,NOERROR,1,POSITIVE
datahalland.se,CAA,NOERROR,0,NODATA
datahalland.se,HTTPS,NXDOMAIN,0,NXDOMAIN
bring.se,A,NOERROR,1,POSITIVE
bring.se,AAAA,NOERROR,0,NODATA
bring.se,MX,NOERROR,0,NODATA
bring.se,TXT,NOERROR,2,POSITIVE
bring.se,NS,NOERROR,4,POSITIVE
bring.se,SOA,NOERROR,1,POSITIVE
bring.se,CAA,NOERROR,0,NODATA
bring.se,HTTPS,NXDOMAIN,0,NXDOMAIN
krimfup.se,A,NOERROR,2,POSITIVE
krimfup.se,AAAA,NOERROR,2,POSITIVE
krimfup.se,MX,NOERROR,4,POSITIVE
krimfup.se,TXT,NOERROR,2,POSITIVE
krimfup.se,NS,NOERROR,2,POSITIVE
krimfup.se,SOA,NOERROR,1,POSITIVE
krimfup.se,CAA,NOERROR,0,NODATA
krimfup.se,HTTPS,NXDOMAIN,0,NXDOMAIN
fonus.se,A,NOERROR,1,POSITIVE
fonus.se,AAAA,NOERROR,0,NODATA
fonus.se,MX,NOERROR,1,POSITIVE
fonus.se,TXT,ERROR,0,OTHER
fonus.se,NS,NOERROR,4,POSITIVE
fonus.se,SOA,NOERROR,1,POSITIVE
fonus.se,CAA,NOERROR,0,NODATA
fonus.se,HTTPS,NXDOMAIN,0,NXDOMAIN
lrf.se,A,NOERROR,1,POSITIVE
lrf.se,AAAA,NOERROR,0,NODATA
lrf.se,MX,NOERROR,1,POSITIVE
lrf.se,TXT,ERROR,0,OTHER
lrf.se,NS,NOERROR,4,POSITIVE
lrf.se,SOA,NOERROR,1,POSITIVE
lrf.se,CAA,NOERROR,0,NODATA
lrf.se,HTTPS,NXDOMAIN,0,NXDOMAIN
livsoversikt.se,A,NOERROR,2,POSITIVE
livsoversikt.se,AAAA,NOERROR,2,POSITIVE
livsoversikt.se,MX,NOERROR,0,NODATA
livsoversikt.se,TXT,NOERROR,0,NODATA
livsoversikt.se,NS,NOERROR,2,POSITIVE
livsoversikt.se,SOA,NOERROR,1,POSITIVE
livsoversikt.se,CAA,NOERROR,0,NODATA
livsoversikt.se,HTTPS,NXDOMAIN,0,NXDOMAIN
faktablick.se,A,NOERROR,2,POSITIVE
faktablick.se,AAAA,NOERROR,2,POSITIVE
faktablick.se,MX,NOERROR,0,NODATA
faktablick.se,TXT,NOERROR,0,NODATA
faktablick.se,NS,NOERROR,2,POSITIVE
faktablick.se,SOA,NOERROR,1,POSITIVE
faktablick.se,CAA,NOERROR,0,NODATA
faktablick.se,HTTPS,NXDOMAIN,0,NXDOMAIN
skopunkten.se,A,NOERROR,2,POSITIVE
skopunkten.se,AAAA,NOERROR,2,POSITIVE
skopunkten.se,MX,NOERROR,4,POSITIVE
skopunkten.se,TXT,NOERROR,3,POSITIVE
skopunkten.se,NS,NOERROR,4,POSITIVE
skopunkten.se,SOA,NOERROR,1,POSITIVE
skopunkten.se,CAA,NOERROR,0,NODATA
skopunkten.se,HTTPS,NXDOMAIN,0,NXDOMAIN
karlskrona.se,A,NOERROR,1,POSITIVE
karlskrona.se,AAAA,NOERROR,0,NODATA
karlskrona.se,MX,NOERROR,1,POSITIVE
karlskrona.se,TXT,ERROR,0,OTHER
karlskrona.se,NS,NOERROR,2,POSITIVE
karlskrona.se,SOA,NOERROR,1,POSITIVE
karlskrona.se,CAA,NOERROR,0,NODATA
karlskrona.se,HTTPS,NXDOMAIN,0,NXDOMAIN
elevspel.se,A,NOERROR,2,POSITIVE
elevspel.se,AAAA,NOERROR,2,POSITIVE
elevspel.se,MX,NOERROR,1,POSITIVE
elevspel.se,TXT,NOERROR,2,POSITIVE
elevspel.se,NS,NOERROR,2,POSITIVE
elevspel.se,SOA,NOERROR,1,POSITIVE
elevspel.se,CAA,NOERROR,0,NODATA
elevspel.se,HTTPS,NXDOMAIN,0,NXDOMAIN
devote.se,A,NOERROR,3,POSITIVE
devote.se,AAAA,NOERROR,3,POSITIVE
devote.se,MX,NOERROR,4,POSITIVE
devote.se,TXT,ERROR,0,OTHER
devote.se,NS,NOERROR,2,POSITIVE
devote.se,SOA,NOERROR,1,POSITIVE
devote.se,CAA,NOERROR,0,NODATA
devote.se,HTTPS,NXDOMAIN,0,NXDOMAIN
dfri.se,A,NOERROR,1,POSITIVE
dfri.se,AAAA,NOERROR,1,POSITIVE
dfri.se,MX,NOERROR,1,POSITIVE
dfri.se,TXT,NOERROR,1,POSITIVE
dfri.se,NS,NOERROR,4,POSITIVE
dfri.se,SOA,NOERROR,1,POSITIVE
dfri.se,CAA,NOERROR,3,POSITIVE
dfri.se,HTTPS,NXDOMAIN,0,NXDOMAIN
internetmedicin.se,A,NOERROR,1,POSITIVE
internetmedicin.se,AAAA,NOERROR,1,POSITIVE
internetmedicin.se,MX,NOERROR,5,POSITIVE
internetmedicin.se,TXT,NOERROR,4,POSITIVE
internetmedicin.se,NS,NOERROR,2,POSITIVE
internetmedicin.se,SOA,NOERROR,1,POSITIVE
internetmedicin.se,CAA,NOERROR,0,NODATA
internetmedicin.se,HTTPS,NXDOMAIN,0,NXDOMAIN
skydomains.se,A,NOERROR,1,POSITIVE
skydomains.se,AAAA,NOERROR,0,NODATA
skydomains.se,MX,NOERROR,1,POSITIVE
skydomains.se,TXT,NOERROR,0,NODATA
skydomains.se,NS,NOERROR,3,POSITIVE
skydomains.se,SOA,NOERROR,1,POSITIVE
skydomains.se,CAA,NOERROR,0,NODATA
skydomains.se,HTTPS,NXDOMAIN,0,NXDOMAIN
adtollo.se,A,NOERROR,1,POSITIVE
adtollo.se,AAAA,NOERROR,0,NODATA
adtollo.se,MX,NOERROR,1,POSITIVE
adtollo.se,TXT,NOERROR,3,POSITIVE
adtollo.se,NS,NOERROR,2,POSITIVE
adtollo.se,SOA,NOERROR,1,POSITIVE
adtollo.se,CAA,NOERROR,0,NODATA
adtollo.se,HTTPS,NXDOMAIN,0,NXDOMAIN
perspektivsvy.se,A,NOERROR,2,POSITIVE
perspektivsvy.se,AAAA,NOERROR,2,POSITIVE
perspektivsvy.se,MX,NOERROR,0,NODATA
perspektivsvy.se,TXT,NOERROR,0,NODATA
perspektivsvy.se,NS,NOERROR,2,POSITIVE
perspektivsvy.se,SOA,NOERROR,1,POSITIVE
perspektivsvy.se,CAA,NOERROR,0,NODATA
perspektivsvy.se,HTTPS,NXDOMAIN,0,NXDOMAIN
datatalks.se,A,NOERROR,1,POSITIVE
datatalks.se,AAAA,NOERROR,0,NODATA
datatalks.se,MX,NOERROR,5,POSITIVE
datatalks.se,TXT,ERROR,0,OTHER
datatalks.se,NS,NOERROR,4,POSITIVE
datatalks.se,SOA,NOERROR,1,POSITIVE
datatalks.se,CAA,NOERROR,0,NODATA
datatalks.se,HTTPS,NXDOMAIN,0,NXDOMAIN
gorymoon.se,A,NOERROR,1,POSITIVE
gorymoon.se,AAAA,NOERROR,1,POSITIVE
gorymoon.se,MX,NOERROR,3,POSITIVE
gorymoon.se,TXT,NOERROR,3,POSITIVE
gorymoon.se,NS,NOERROR,2,POSITIVE
gorymoon.se,SOA,NOERROR,1,POSITIVE
gorymoon.se,CAA,NOERROR,10,POSITIVE
gorymoon.se,HTTPS,NXDOMAIN,0,NXDOMAIN
perspektivarenan.se,A,NOERROR,2,POSITIVE
perspektivarenan.se,AAAA,NOERROR,2,POSITIVE
perspektivarenan.se,MX,NOERROR,0,NODATA
perspektivarenan.se,TXT,NOERROR,0,NODATA
perspektivarenan.se,NS,NOERROR,2,POSITIVE
perspektivarenan.se,SOA,NOERROR,1,POSITIVE
perspektivarenan.se,CAA,NOERROR,0,NODATA
perspektivarenan.se,HTTPS,NXDOMAIN,0,NXDOMAIN
zaccodigitaltrustlabs.se,A,NOERROR,0,NODATA
zaccodigitaltrustlabs.se,AAAA,NOERROR,0,NODATA
zaccodigitaltrustlabs.se,MX,NOERROR,0,NODATA
zaccodigitaltrustlabs.se,TXT,NOERROR,1,POSITIVE
zaccodigitaltrustlabs.se,NS,NOERROR,6,POSITIVE
zaccodigitaltrustlabs.se,SOA,NOERROR,1,POSITIVE
zaccodigitaltrustlabs.se,CAA,NOERROR,0,NODATA
zaccodigitaltrustlabs.se,HTTPS,NXDOMAIN,0,NXDOMAIN
apotea.se,A,NOERROR,2,POSITIVE
apotea.se,AAAA,NOERROR,2,POSITIVE
apotea.se,MX,NOERROR,5,POSITIVE
apotea.se,TXT,ERROR,0,OTHER
apotea.se,NS,NOERROR,2,POSITIVE
apotea.se,SOA,NOERROR,1,POSITIVE
apotea.se,CAA,NOERROR,0,NODATA
apotea.se,HTTPS,NXDOMAIN,0,NXDOMAIN
evikomp.se,A,NOERROR,1,POSITIVE
evikomp.se,AAAA,NOERROR,0,NODATA
evikomp.se,MX,NOERROR,3,POSITIVE
evikomp.se,TXT,NOERROR,2,POSITIVE
evikomp.se,NS,NOERROR,2,POSITIVE
evikomp.se,SOA,NOERROR,1,POSITIVE
evikomp.se,CAA,NOERROR,0,NODATA
evikomp.se,HTTPS,NXDOMAIN,0,NXDOMAIN
spelochsant.se,A,NOERROR,3,POSITIVE
spelochsant.se,AAAA,NOERROR,3,POSITIVE
spelochsant.se,MX,NOERROR,1,POSITIVE
spelochsant.se,TXT,NOERROR,2,POSITIVE
spelochsant.se,NS,NOERROR,2,POSITIVE
spelochsant.se,SOA,NOERROR,1,POSITIVE
spelochsant.se,CAA,NOERROR,0,NODATA
spelochsant.se,HTTPS,NXDOMAIN,0,NXDOMAIN
branas.se,A,NOERROR,3,POSITIVE
branas.se,AAAA,NOERROR,0,NODATA
branas.se,MX,NOERROR,1,POSITIVE
branas.se,TXT,ERROR,0,OTHER
branas.se,NS,NOERROR,4,POSITIVE
branas.se,SOA,NOERROR,1,POSITIVE
branas.se,CAA,NOERROR,0,NODATA
branas.se,HTTPS,NXDOMAIN,0,NXDOMAIN
svenska.se,A,NOERROR,2,POSITIVE
svenska.se,AAAA,NOERROR,2,POSITIVE
svenska.se,MX,NOERROR,3,POSITIVE
svenska.se,TXT,NOERROR,1,POSITIVE
svenska.se,NS,NOERROR,2,POSITIVE
svenska.se,SOA,NOERROR,1,POSITIVE
svenska.se,CAA,NOERROR,0,NODATA
svenska.se,HTTPS,NXDOMAIN,0,NXDOMAIN
diakonia.se,A,NOERROR,1,POSITIVE
diakonia.se,AAAA,NOERROR,0,NODATA
diakonia.se,MX,NOERROR,1,POSITIVE
diakonia.se,TXT,NOERROR,4,POSITIVE
diakonia.se,NS,NOERROR,2,POSITIVE
diakonia.se,SOA,NOERROR,1,POSITIVE
diakonia.se,CAA,NOERROR,0,NODATA
diakonia.se,HTTPS,NXDOMAIN,0,NXDOMAIN
dack365.se,A,NOERROR,2,POSITIVE
dack365.se,AAAA,NOERROR,0,NODATA
dack365.se,MX,NOERROR,1,POSITIVE
dack365.se,TXT,NOERROR,5,POSITIVE
dack365.se,NS,NOERROR,4,POSITIVE
dack365.se,SOA,NOERROR,1,POSITIVE
dack365.se,CAA,NOERROR,0,NODATA
dack365.se,HTTPS,NXDOMAIN,0,NXDOMAIN
infokanalen.se,A,NOERROR,2,POSITIVE
infokanalen.se,AAAA,NOERROR,2,POSITIVE
infokanalen.se,MX,NOERROR,0,NODATA
infokanalen.se,TXT,NOERROR,0,NODATA
infokanalen.se,NS,NOERROR,2,POSITIVE
infokanalen.se,SOA,NOERROR,1,POSITIVE
infokanalen.se,CAA,NOERROR,0,NODATA
infokanalen.se,HTTPS,NXDOMAIN,0,NXDOMAIN
riseedge.se,A,NOERROR,2,POSITIVE
riseedge.se,AAAA,NOERROR,2,POSITIVE
riseedge.se,MX,NOERROR,0,NODATA
riseedge.se,TXT,NOERROR,0,NODATA
riseedge.se,NS,NOERROR,2,POSITIVE
riseedge.se,SOA,NOERROR,1,POSITIVE
riseedge.se,CAA,NOERROR,0,NODATA
riseedge.se,HTTPS,NXDOMAIN,0,NXDOMAIN
unimaster.se,A,NOERROR,0,NODATA
unimaster.se,AAAA,NOERROR,0,NODATA
unimaster.se,MX,NOERROR,2,POSITIVE
unimaster.se,TXT,NOERROR,1,POSITIVE
unimaster.se,NS,NOERROR,4,POSITIVE
unimaster.se,SOA,NOERROR,1,POSITIVE
unimaster.se,CAA,NOERROR,0,NODATA
unimaster.se,HTTPS,NXDOMAIN,0,NXDOMAIN
ordarenan.se,A,NOERROR,2,POSITIVE
ordarenan.se,AAAA,NOERROR,2,POSITIVE
ordarenan.se,MX,NOERROR,0,NODATA
ordarenan.se,TXT,NOERROR,0,NODATA
ordarenan.se,NS,NOERROR,2,POSITIVE
ordarenan.se,SOA,NOERROR,1,POSITIVE
ordarenan.se,CAA,NOERROR,0,NODATA
ordarenan.se,HTTPS,NXDOMAIN,0,NXDOMAIN
spelsidor.se,A,NOERROR,3,POSITIVE
spelsidor.se,AAAA,NOERROR,3,POSITIVE
spelsidor.se,MX,NOERROR,5,POSITIVE
spelsidor.se,TXT,NOERROR,4,POSITIVE
spelsidor.se,NS,NOERROR,2,POSITIVE
spelsidor.se,SOA,NOERROR,1,POSITIVE
spelsidor.se,CAA,NOERROR,0,NODATA
spelsidor.se,HTTPS,NXDOMAIN,0,NXDOMAIN
telge.se,A,NOERROR,1,POSITIVE
telge.se,AAAA,NOERROR,0,NODATA
telge.se,MX,NOERROR,1,POSITIVE
telge.se,TXT,ERROR,0,OTHER
telge.se,NS,NOERROR,4,POSITIVE
telge.se,SOA,NOERROR,1,POSITIVE
telge.se,CAA,NOERROR,0,NODATA
telge.se,HTTPS,NXDOMAIN,0,NXDOMAIN
ivo.se,A,NOERROR,1,POSITIVE
ivo.se,AAAA,NOERROR,0,NODATA
ivo.se,MX,NOERROR,1,POSITIVE
ivo.se,TXT,ERROR,0,OTHER
ivo.se,NS,NOERROR,4,POSITIVE
ivo.se,SOA,NOERROR,1,POSITIVE
ivo.se,CAA,NOERROR,2,POSITIVE
ivo.se,HTTPS,NXDOMAIN,0,NXDOMAIN
dif.se,A,NOERROR,2,POSITIVE
dif.se,AAAA,NOERROR,2,POSITIVE
dif.se,MX,NOERROR,5,POSITIVE
dif.se,TXT,NOERROR,4,POSITIVE
dif.se,NS,NOERROR,2,POSITIVE
dif.se,SOA,NOERROR,1,POSITIVE
dif.se,CAA,NOERROR,0,NODATA
dif.se,HTTPS,NXDOMAIN,0,NXDOMAIN
vinochmatguiden.se,A,NOERROR,1,POSITIVE
vinochmatguiden.se,AAAA,NOERROR,0,NODATA
vinochmatguiden.se,MX,NOERROR,4,POSITIVE
vinochmatguiden.se,TXT,NOERROR,4,POSITIVE
vinochmatguiden.se,NS,NOERROR,4,POSITIVE
vinochmatguiden.se,SOA,NOERROR,1,POSITIVE
vinochmatguiden.se,CAA,NOERROR,0,NODATA
vinochmatguiden.se,HTTPS,NXDOMAIN,0,NXDOMAIN
sparbankensyd.se,A,NOERROR,1,POSITIVE
sparbankensyd.se,AAAA,NOERROR,0,NODATA
sparbankensyd.se,MX,NOERROR,1,POSITIVE
sparbankensyd.se,TXT,ERROR,0,OTHER
sparbankensyd.se,NS,NOERROR,4,POSITIVE
sparbankensyd.se,SOA,NOERROR,1,POSITIVE
sparbankensyd.se,CAA,NOERROR,0,NODATA
sparbankensyd.se,HTTPS,NXDOMAIN,0,NXDOMAIN
glesys.se,A,NOERROR,1,POSITIVE
glesys.se,AAAA,NOERROR,1,POSITIVE
glesys.se,MX,NOERROR,1,POSITIVE
glesys.se,TXT,ERROR,0,OTHER
glesys.se,NS,NOERROR,3,POSITIVE
glesys.se,SOA,NOERROR,1,POSITIVE
glesys.se,CAA,NOERROR,0,NODATA
glesys.se,HTTPS,NXDOMAIN,0,NXDOMAIN
freeride.se,A,NOERROR,1,POSITIVE
freeride.se,AAAA,NOERROR,0,NODATA
freeride.se,MX,NOERROR,7,POSITIVE
freeride.se,TXT,NOERROR,3,POSITIVE
freeride.se,NS,NOERROR,3,POSITIVE
freeride.se,SOA,NOERROR,1,POSITIVE
freeride.se,CAA,NOERROR,0,NODATA
freeride.se,HTTPS,NXDOMAIN,0,NXDOMAIN
fixmyphone.se,A,NOERROR,2,POSITIVE
fixmyphone.se,AAAA,NOERROR,0,NODATA
fixmyphone.se,MX,NOERROR,2,POSITIVE
fixmyphone.se,TXT,NOERROR,3,POSITIVE
fixmyphone.se,NS,NOERROR,2,POSITIVE
fixmyphone.se,SOA,NOERROR,1,POSITIVE
fixmyphone.se,CAA,NOERROR,0,NODATA
fixmyphone.se,HTTPS,NXDOMAIN,0,NXDOMAIN
lansfast.se,A,NOERROR,1,POSITIVE
lansfast.se,AAAA,NOERROR,0,NODATA
lansfast.se,MX,NOERROR,1,POSITIVE
lansfast.se,TXT,ERROR,0,OTHER
lansfast.se,NS,NOERROR,2,POSITIVE
lansfast.se,SOA,NOERROR,1,POSITIVE
lansfast.se,CAA,NOERROR,0,NODATA
lansfast.se,HTTPS,NXDOMAIN,0,NXDOMAIN
pathwayminds.se,A,NOERROR,2,POSITIVE
pathwayminds.se,AAAA,NOERROR,2,POSITIVE
pathwayminds.se,MX,NOERROR,0,NODATA
pathwayminds.se,TXT,NOERROR,0,NODATA
pathwayminds.se,NS,NOERROR,2,POSITIVE
pathwayminds.se,SOA,NOERROR,1,POSITIVE
pathwayminds.se,CAA,NOERROR,0,NODATA
pathwayminds.se,HTTPS,NXDOMAIN,0,NXDOMAIN
allcall.se,A,NOERROR,1,POSITIVE
allcall.se,AAAA,NOERROR,0,NODATA
allcall.se,MX,NOERROR,5,POSITIVE
allcall.se,TXT,NOERROR,2,POSITIVE
allcall.se,NS,NOERROR,2,POSITIVE
allcall.se,SOA,NOERROR,1,POSITIVE
allcall.se,CAA,NOERROR,0,NODATA
allcall.se,HTTPS,NXDOMAIN,0,NXDOMAIN
digitalvy.se,A,NOERROR,2,POSITIVE
digitalvy.se,AAAA,NOERROR,2,POSITIVE
digitalvy.se,MX,NOERROR,0,NODATA
digitalvy.se,TXT,NOERROR,0,NODATA
digitalvy.se,NS,NOERROR,2,POSITIVE
digitalvy.se,SOA,NOERROR,1,POSITIVE
digitalvy.se,CAA,NOERROR,0,NODATA
digitalvy.se,HTTPS,NXDOMAIN,0,NXDOMAIN
laget.se,A,NOERROR,1,POSITIVE
laget.se,AAAA,NOERROR,0,NODATA
laget.se,MX,NOERROR,1,POSITIVE
laget.se,TXT,ERROR,0,OTHER
laget.se,NS,NOERROR,4,POSITIVE
laget.se,SOA,NOERROR,1,POSITIVE
laget.se,CAA,NOERROR,0,NODATA
laget.se,HTTPS,NXDOMAIN,0,NXDOMAIN
arvikanyheter.se,A,NOERROR,1,POSITIVE
arvikanyheter.se,AAAA,NOERROR,0,NODATA
arvikanyheter.se,MX,NOERROR,1,POSITIVE
arvikanyheter.se,TXT,ERROR,0,OTHER
arvikanyheter.se,NS,NOERROR,2,POSITIVE
arvikanyheter.se,SOA,NOERROR,1,POSITIVE
arvikanyheter.se,CAA,NOERROR,0,NODATA
arvikanyheter.se,HTTPS,NXDOMAIN,0,NXDOMAIN
risskov.se,A,NOERROR,3,POSITIVE
risskov.se,AAAA,NOERROR,3,POSITIVE
risskov.se,MX,NOERROR,1,POSITIVE
risskov.se,TXT,NOERROR,5,POSITIVE
risskov.se,NS,NOERROR,2,POSITIVE
risskov.se,SOA,NOERROR,1,POSITIVE
risskov.se,CAA,NOERROR,0,NODATA
risskov.se,HTTPS,NXDOMAIN,0,NXDOMAIN
mirror.se,A,NOERROR,1,POSITIVE
mirror.se,AAAA,NOERROR,0,NODATA
mirror.se,MX,NOERROR,1,POSITIVE
mirror.se,TXT,NOERROR,5,POSITIVE
mirror.se,NS,NOERROR,2,POSITIVE
mirror.se,SOA,NOERROR,1,POSITIVE
mirror.se,CAA,NOERROR,0,NODATA
mirror.se,HTTPS,NXDOMAIN,0,NXDOMAIN
ekonomifarden.se,A,NOERROR,2,POSITIVE
ekonomifarden.se,AAAA,NOERROR,2,POSITIVE
ekonomifarden.se,MX,NOERROR,0,NODATA
ekonomifarden.se,TXT,NOERROR,0,NODATA
ekonomifarden.se,NS,NOERROR,2,POSITIVE
ekonomifarden.se,SOA,NOERROR,1,POSITIVE
ekonomifarden.se,CAA,NOERROR,0,NODATA
ekonomifarden.se,HTTPS,NXDOMAIN,0,NXDOMAIN
pandasecurity.se,A,NOERROR,2,POSITIVE
pandasecurity.se,AAAA,NOERROR,0,NODATA
pandasecurity.se,MX,NOERROR,0,NODATA
pandasecurity.se,TXT,NOERROR,0,NODATA
pandasecurity.se,NS,NOERROR,2,POSITIVE
pandasecurity.se,SOA,NOERROR,1,POSITIVE
pandasecurity.se,CAA,NOERROR,0,NODATA
pandasecurity.se,HTTPS,NXDOMAIN,0,NXDOMAIN
mgacasinoutansvensklicens.se,A,NOERROR,2,POSITIVE
mgacasinoutansvensklicens.se,AAAA,NOERROR,2,POSITIVE
mgacasinoutansvensklicens.se,MX,NOERROR,0,NODATA
mgacasinoutansvensklicens.se,TXT,NOERROR,1,POSITIVE
mgacasinoutansvensklicens.se,NS,NOERROR,2,POSITIVE
mgacasinoutansvensklicens.se,SOA,NOERROR,1,POSITIVE
mgacasinoutansvensklicens.se,CAA,NOERROR,0,NODATA
mgacasinoutansvensklicens.se,HTTPS,NXDOMAIN,0,NXDOMAIN
vardagsperspekt.se,A,NOERROR,2,POSITIVE
vardagsperspekt.se,AAAA,NOERROR,2,POSITIVE
vardagsperspekt.se,MX,NOERROR,0,NODATA
vardagsperspekt.se,TXT,NOERROR,0,NODATA
vardagsperspekt.se,NS,NOERROR,2,POSITIVE
vardagsperspekt.se,SOA,NOERROR,1,POSITIVE
vardagsperspekt.se,CAA,NOERROR,0,NODATA
vardagsperspekt.se,HTTPS,NXDOMAIN,0,NXDOMAIN
svenskafik.se,A,NXDOMAIN,0,NXDOMAIN
svenskafik.se,AAAA,NXDOMAIN,0,NXDOMAIN
svenskafik.se,MX,NXDOMAIN,0,NXDOMAIN
svenskafik.se,TXT,NXDOMAIN,0,NXDOMAIN
svenskafik.se,NS,NXDOMAIN,0,NXDOMAIN
svenskafik.se,SOA,NXDOMAIN,0,NXDOMAIN
svenskafik.se,CAA,NXDOMAIN,0,NXDOMAIN
svenskafik.se,HTTPS,NXDOMAIN,0,NXDOMAIN
freedomtravel.se,A,NOERROR,2,POSITIVE
freedomtravel.se,AAAA,NOERROR,2,POSITIVE
freedomtravel.se,MX,NOERROR,4,POSITIVE
freedomtravel.se,TXT,NOERROR,3,POSITIVE
freedomtravel.se,NS,NOERROR,2,POSITIVE
freedomtravel.se,SOA,NOERROR,1,POSITIVE
freedomtravel.se,CAA,NOERROR,0,NODATA
freedomtravel.se,HTTPS,NXDOMAIN,0,NXDOMAIN
affarsmediahub.se,A,NOERROR,2,POSITIVE
affarsmediahub.se,AAAA,NOERROR,2,POSITIVE
affarsmediahub.se,MX,NOERROR,0,NODATA
affarsmediahub.se,TXT,NOERROR,0,NODATA
affarsmediahub.se,NS,NOERROR,2,POSITIVE
affarsmediahub.se,SOA,NOERROR,1,POSITIVE
affarsmediahub.se,CAA,NOERROR,0,NODATA
affarsmediahub.se,HTTPS,NXDOMAIN,0,NXDOMAIN
namly.se,A,NOERROR,1,POSITIVE
namly.se,AAAA,NOERROR,0,NODATA
namly.se,MX,NOERROR,5,POSITIVE
namly.se,TXT,NOERROR,5,POSITIVE
namly.se,NS,NOERROR,3,POSITIVE
namly.se,SOA,NOERROR,1,POSITIVE
namly.se,CAA,NOERROR,0,NODATA
namly.se,HTTPS,NXDOMAIN,0,NXDOMAIN
digitalvardag.se,A,NOERROR,2,POSITIVE
digitalvardag.se,AAAA,NOERROR,2,POSITIVE
digitalvardag.se,MX,NOERROR,0,NODATA
digitalvardag.se,TXT,NOERROR,0,NODATA
digitalvardag.se,NS,NOERROR,2,POSITIVE
digitalvardag.se,SOA,NOERROR,1,POSITIVE
digitalvardag.se,CAA,NOERROR,0,NODATA
digitalvardag.se,HTTPS,NXDOMAIN,0,NXDOMAIN
webbzonen.se,A,NOERROR,1,POSITIVE
webbzonen.se,AAAA,NOERROR,0,NODATA
webbzonen.se,MX,NOERROR,1,POSITIVE
webbzonen.se,TXT,NOERROR,0,NODATA
webbzonen.se,NS,NOERROR,2,POSITIVE
webbzonen.se,SOA,NOERROR,1,POSITIVE
webbzonen.se,CAA,NOERROR,0,NODATA
webbzonen.se,HTTPS,NXDOMAIN,0,NXDOMAIN
liveagent.se,A,NOERROR,1,POSITIVE
liveagent.se,AAAA,NOERROR,0,NODATA
liveagent.se,MX,NOERROR,1,POSITIVE
liveagent.se,TXT,NOERROR,1,POSITIVE
liveagent.se,NS,NOERROR,4,POSITIVE
liveagent.se,SOA,NOERROR,1,POSITIVE
liveagent.se,CAA,NOERROR,2,POSITIVE
liveagent.se,HTTPS,NXDOMAIN,0,NXDOMAIN
ekonomivinklar.se,A,NOERROR,2,POSITIVE
ekonomivinklar.se,AAAA,NOERROR,2,POSITIVE
ekonomivinklar.se,MX,NOERROR,0,NODATA
ekonomivinklar.se,TXT,NOERROR,0,NODATA
ekonomivinklar.se,NS,NOERROR,2,POSITIVE
ekonomivinklar.se,SOA,NOERROR,1,POSITIVE
ekonomivinklar.se,CAA,NOERROR,0,NODATA
ekonomivinklar.se,HTTPS,NXDOMAIN,0,NXDOMAIN
visitgavle.se,A,NOERROR,2,POSITIVE
visitgavle.se,AAAA,NOERROR,2,POSITIVE
visitgavle.se,MX,NOERROR,1,POSITIVE
visitgavle.se,TXT,NOERROR,1,POSITIVE
visitgavle.se,NS,NOERROR,2,POSITIVE
visitgavle.se,SOA,NOERROR,1,POSITIVE
visitgavle.se,CAA,NOERROR,0,NODATA
visitgavle.se,HTTPS,NXDOMAIN,0,NXDOMAIN
tv24.se,A,NOERROR,1,POSITIVE
tv24.se,AAAA,NOERROR,0,NODATA
tv24.se,MX,NOERROR,5,POSITIVE
tv24.se,TXT,NOERROR,3,POSITIVE
tv24.se,NS,NOERROR,3,POSITIVE
tv24.se,SOA,NOERROR,1,POSITIVE
tv24.se,CAA,NOERROR,0,NODATA
tv24.se,HTTPS,NXDOMAIN,0,NXDOMAIN
ns03.se,A,NOERROR,1,POSITIVE
ns03.se,AAAA,NOERROR,0,NODATA
ns03.se,MX,NOERROR,0,NODATA
ns03.se,TXT,NOERROR,0,NODATA
ns03.se,NS,NOERROR,2,POSITIVE
ns03.se,SOA,NOERROR,1,POSITIVE
ns03.se,CAA,NOERROR,0,NODATA
ns03.se,HTTPS,NXDOMAIN,0,NXDOMAIN
jotex.se,A,NOERROR,1,POSITIVE
jotex.se,AAAA,NOERROR,0,NODATA
jotex.se,MX,NOERROR,1,POSITIVE
jotex.se,TXT,ERROR,0,OTHER
jotex.se,NS,NOERROR,6,POSITIVE
jotex.se,SOA,NOERROR,1,POSITIVE
jotex.se,CAA,NOERROR,7,POSITIVE
jotex.se,HTTPS,NXDOMAIN,0,NXDOMAIN
altinget.se,A,NOERROR,3,POSITIVE
altinget.se,AAAA,NOERROR,3,POSITIVE
altinget.se,MX,NOERROR,1,POSITIVE
altinget.se,TXT,NOERROR,5,POSITIVE
altinget.se,NS,NOERROR,2,POSITIVE
altinget.se,SOA,NOERROR,1,POSITIVE
altinget.se,CAA,NOERROR,0,NODATA
altinget.se,HTTPS,NXDOMAIN,0,NXDOMAIN
cygate.se,A,NOERROR,1,POSITIVE
cygate.se,AAAA,NOERROR,0,NODATA
cygate.se,MX,NOERROR,1,POSITIVE
cygate.se,TXT,ERROR,0,OTHER
cygate.se,NS,NOERROR,2,POSITIVE
cygate.se,SOA,NOERROR,1,POSITIVE
cygate.se,CAA,NOERROR,0,NODATA
cygate.se,HTTPS,NXDOMAIN,0,NXDOMAIN
nemoq.se,A,NOERROR,1,POSITIVE
nemoq.se,AAAA,NOERROR,0,NODATA
nemoq.se,MX,NOERROR,1,POSITIVE
nemoq.se,TXT,NOERROR,3,POSITIVE
nemoq.se,NS,NOERROR,2,POSITIVE
nemoq.se,SOA,NOERROR,1,POSITIVE
nemoq.se,CAA,NOERROR,0,NODATA
nemoq.se,HTTPS,NXDOMAIN,0,NXDOMAIN
momentum.se,A,NOERROR,1,POSITIVE
momentum.se,AAAA,NOERROR,0,NODATA
momentum.se,MX,NOERROR,1,POSITIVE
momentum.se,TXT,NOERROR,6,POSITIVE
momentum.se,NS,NOERROR,2,POSITIVE
momentum.se,SOA,NOERROR,1,POSITIVE
momentum.se,CAA,NOERROR,0,NODATA
momentum.se,HTTPS,NXDOMAIN,0,NXDOMAIN
abicart.se,A,NOERROR,1,POSITIVE
abicart.se,AAAA,NOERROR,0,NODATA
abicart.se,MX,NOERROR,5,POSITIVE
abicart.se,TXT,ERROR,0,OTHER
abicart.se,NS,NOERROR,3,POSITIVE
abicart.se,SOA,NOERROR,1,POSITIVE
abicart.se,CAA,NOERROR,0,NODATA
abicart.se,HTTPS,NXDOMAIN,0,NXDOMAIN
bildelsbasen.se,A,NOERROR,1,POSITIVE
bildelsbasen.se,AAAA,NOERROR,0,NODATA
bildelsbasen.se,MX,NOERROR,1,POSITIVE
bildelsbasen.se,TXT,NOERROR,2,POSITIVE
bildelsbasen.se,NS,NOERROR,2,POSITIVE
bildelsbasen.se,SOA,NOERROR,1,POSITIVE
bildelsbasen.se,CAA,NOERROR,1,POSITIVE
bildelsbasen.se,HTTPS,NXDOMAIN,0,NXDOMAIN
centralpark.se,A,NOERROR,1,POSITIVE
centralpark.se,AAAA,NOERROR,0,NODATA
centralpark.se,MX,NOERROR,1,POSITIVE
centralpark.se,TXT,NOERROR,0,NODATA
centralpark.se,NS,NOERROR,4,POSITIVE
centralpark.se,SOA,NOERROR,1,POSITIVE
centralpark.se,CAA,NOERROR,0,NODATA
centralpark.se,HTTPS,NXDOMAIN,0,NXDOMAIN
faktaoversikt.se,A,NOERROR,2,POSITIVE
faktaoversikt.se,AAAA,NOERROR,2,POSITIVE
faktaoversikt.se,MX,NOERROR,0,NODATA
faktaoversikt.se,TXT,NOERROR,0,NODATA
faktaoversikt.se,NS,NOERROR,2,POSITIVE
faktaoversikt.se,SOA,NOERROR,1,POSITIVE
faktaoversikt.se,CAA,NOERROR,0,NODATA
faktaoversikt.se,HTTPS,NXDOMAIN,0,NXDOMAIN
caiacosmetics.se,A,NOERROR,2,POSITIVE
caiacosmetics.se,AAAA,NOERROR,2,POSITIVE
caiacosmetics.se,MX,NOERROR,0,NODATA
caiacosmetics.se,TXT,NOERROR,3,POSITIVE
caiacosmetics.se,NS,NOERROR,2,POSITIVE
caiacosmetics.se,SOA,NOERROR,1,POSITIVE
caiacosmetics.se,CAA,NOERROR,0,NODATA
caiacosmetics.se,HTTPS,NXDOMAIN,0,NXDOMAIN
smhi.se,A,NOERROR,1,POSITIVE
smhi.se,AAAA,NOERROR,1,POSITIVE
smhi.se,MX,NOERROR,4,POSITIVE
smhi.se,TXT,ERROR,0,OTHER
smhi.se,NS,NOERROR,5,POSITIVE
smhi.se,SOA,NOERROR,1,POSITIVE
smhi.se,CAA,NOERROR,0,NODATA
smhi.se,HTTPS,NXDOMAIN,0,NXDOMAIN
cellbes.se,A,NOERROR,2,POSITIVE
cellbes.se,AAAA,NOERROR,2,POSITIVE
cellbes.se,MX,NOERROR,1,POSITIVE
cellbes.se,TXT,ERROR,0,OTHER
cellbes.se,NS,NOERROR,4,POSITIVE
cellbes.se,SOA,NOERROR,1,POSITIVE
cellbes.se,CAA,ERROR,0,OTHER
cellbes.se,HTTPS,NXDOMAIN,0,NXDOMAIN
risebeyond.se,A,NOERROR,2,POSITIVE
risebeyond.se,AAAA,NOERROR,2,POSITIVE
risebeyond.se,MX,NOERROR,0,NODATA
risebeyond.se,TXT,NOERROR,0,NODATA
risebeyond.se,NS,NOERROR,2,POSITIVE
risebeyond.se,SOA,NOERROR,1,POSITIVE
risebeyond.se,CAA,NOERROR,0,NODATA
risebeyond.se,HTTPS,NXDOMAIN,0,NXDOMAIN
thaisnack.se,A,NOERROR,1,POSITIVE
thaisnack.se,AAAA,NOERROR,0,NODATA
thaisnack.se,MX,NOERROR,1,POSITIVE
thaisnack.se,TXT,NOERROR,1,POSITIVE
thaisnack.se,NS,NOERROR,4,POSITIVE
thaisnack.se,SOA,NOERROR,1,POSITIVE
thaisnack.se,CAA,NOERROR,0,NODATA
thaisnack.se,HTTPS,NXDOMAIN,0,NXDOMAIN
onlineflode.se,A,NOERROR,2,POSITIVE
onlineflode.se,AAAA,NOERROR,2,POSITIVE
onlineflode.se,MX,NOERROR,0,NODATA
onlineflode.se,TXT,NOERROR,0,NODATA
onlineflode.se,NS,NOERROR,2,POSITIVE
onlineflode.se,SOA,NOERROR,1,POSITIVE
onlineflode.se,CAA,NOERROR,0,NODATA
onlineflode.se,HTTPS,NXDOMAIN,0,NXDOMAIN
svensktkott.se,A,NOERROR,1,POSITIVE
svensktkott.se,AAAA,NOERROR,0,NODATA
svensktkott.se,MX,NOERROR,1,POSITIVE
svensktkott.se,TXT,NOERROR,7,POSITIVE
svensktkott.se,NS,NOERROR,4,POSITIVE
svensktkott.se,SOA,NOERROR,1,POSITIVE
svensktkott.se,CAA,NOERROR,0,NODATA
svensktkott.se,HTTPS,NXDOMAIN,0,NXDOMAIN
pctidningen.se,A,NOERROR,1,POSITIVE
pctidningen.se,AAAA,NOERROR,0,NODATA
pctidningen.se,MX,NOERROR,6,POSITIVE
pctidningen.se,TXT,ERROR,0,OTHER
pctidningen.se,NS,NOERROR,2,POSITIVE
pctidningen.se,SOA,NOERROR,1,POSITIVE
pctidningen.se,CAA,NOERROR,0,NODATA
pctidningen.se,HTTPS,NXDOMAIN,0,NXDOMAIN
crisp.se,A,NOERROR,1,POSITIVE
crisp.se,AAAA,NOERROR,0,NODATA
crisp.se,MX,NOERROR,5,POSITIVE
crisp.se,TXT,NOERROR,1,POSITIVE
crisp.se,NS,NOERROR,4,POSITIVE
crisp.se,SOA,NOERROR,1,POSITIVE
crisp.se,CAA,NOERROR,0,NODATA
crisp.se,HTTPS,NXDOMAIN,0,NXDOMAIN
novus.se,A,NOERROR,1,POSITIVE
novus.se,AAAA,NOERROR,0,NODATA
novus.se,MX,NOERROR,1,POSITIVE
novus.se,TXT,NOERROR,4,POSITIVE
novus.se,NS,NOERROR,3,POSITIVE
novus.se,SOA,NOERROR,1,POSITIVE
novus.se,CAA,NOERROR,0,NODATA
novus.se,HTTPS,NXDOMAIN,0,NXDOMAIN
vanyavpn.se,A,NOERROR,3,POSITIVE
vanyavpn.se,AAAA,NOERROR,3,POSITIVE
vanyavpn.se,MX,NOERROR,1,POSITIVE
vanyavpn.se,TXT,NOERROR,3,POSITIVE
vanyavpn.se,NS,NOERROR,2,POSITIVE
vanyavpn.se,SOA,NOERROR,1,POSITIVE
vanyavpn.se,CAA,NOERROR,0,NODATA
vanyavpn.se,HTTPS,NXDOMAIN,0,NXDOMAIN
ongoingsystems.se,A,NOERROR,1,POSITIVE
ongoingsystems.se,AAAA,NOERROR,0,NODATA
ongoingsystems.se,MX,NOERROR,1,POSITIVE
ongoingsystems.se,TXT,NOERROR,4,POSITIVE
ongoingsystems.se,NS,NOERROR,7,POSITIVE
ongoingsystems.se,SOA,NOERROR,1,POSITIVE
ongoingsystems.se,CAA,NOERROR,0,NODATA
ongoingsystems.se,HTTPS,NXDOMAIN,0,NXDOMAIN
ptj.se,A,NOERROR,1,POSITIVE
ptj.se,AAAA,NOERROR,1,POSITIVE
ptj.se,MX,NOERROR,1,POSITIVE
ptj.se,TXT,ERROR,0,OTHER
ptj.se,NS,NOERROR,4,POSITIVE
ptj.se,SOA,NOERROR,1,POSITIVE
ptj.se,CAA,NOERROR,0,NODATA
ptj.se,HTTPS,NXDOMAIN,0,NXDOMAIN
eleven.se,A,NOERROR,4,POSITIVE
eleven.se,AAAA,NOERROR,0,NODATA
eleven.se,MX,NOERROR,5,POSITIVE
eleven.se,TXT,ERROR,0,OTHER
eleven.se,NS,NOERROR,2,POSITIVE
eleven.se,SOA,NOERROR,1,POSITIVE
eleven.se,CAA,NOERROR,0,NODATA
eleven.se,HTTPS,NXDOMAIN,0,NXDOMAIN
york.se,A,NOERROR,1,POSITIVE
york.se,AAAA,NOERROR,0,NODATA
york.se,MX,NOERROR,1,POSITIVE
york.se,TXT,NOERROR,1,POSITIVE
york.se,NS,NOERROR,0,NODATA
york.se,SOA,NOERROR,1,POSITIVE
york.se,CAA,NOERROR,0,NODATA
york.se,HTTPS,NXDOMAIN,0,NXDOMAIN
kenneldimmo.se,A,NOERROR,1,POSITIVE
kenneldimmo.se,AAAA,SERVFAIL,0,OTHER
kenneldimmo.se,MX,NOERROR,0,NODATA
kenneldimmo.se,TXT,NOERROR,1,POSITIVE
kenneldimmo.se,NS,NOERROR,2,POSITIVE
kenneldimmo.se,SOA,NOERROR,1,POSITIVE
kenneldimmo.se,CAA,NOERROR,0,NODATA
kenneldimmo.se,HTTPS,NXDOMAIN,0,NXDOMAIN
lumik.se,A,NOERROR,1,POSITIVE
lumik.se,AAAA,NOERROR,0,NODATA
lumik.se,MX,NOERROR,2,POSITIVE
lumik.se,TXT,NOERROR,1,POSITIVE
lumik.se,NS,NOERROR,4,POSITIVE
lumik.se,SOA,NOERROR,1,POSITIVE
lumik.se,CAA,NOERROR,0,NODATA
lumik.se,HTTPS,NXDOMAIN,0,NXDOMAIN
digitalvinklar.se,A,NOERROR,2,POSITIVE
digitalvinklar.se,AAAA,NOERROR,2,POSITIVE
digitalvinklar.se,MX,NOERROR,0,NODATA
digitalvinklar.se,TXT,NOERROR,0,NODATA
digitalvinklar.se,NS,NOERROR,2,POSITIVE
digitalvinklar.se,SOA,NOERROR,1,POSITIVE
digitalvinklar.se,CAA,NOERROR,0,NODATA
digitalvinklar.se,HTTPS,NXDOMAIN,0,NXDOMAIN
casinoguide.se,A,NOERROR,2,POSITIVE
casinoguide.se,AAAA,NOERROR,2,POSITIVE
casinoguide.se,MX,NOERROR,1,POSITIVE
casinoguide.se,TXT,NOERROR,3,POSITIVE
casinoguide.se,NS,NOERROR,2,POSITIVE
casinoguide.se,SOA,NOERROR,1,POSITIVE
casinoguide.se,CAA,NOERROR,0,NODATA
casinoguide.se,HTTPS,NXDOMAIN,0,NXDOMAIN
eskilstunaauktionsverk.se,A,NOERROR,1,POSITIVE
eskilstunaauktionsverk.se,AAAA,NOERROR,0,NODATA
eskilstunaauktionsverk.se,MX,NOERROR,1,POSITIVE
eskilstunaauktionsverk.se,TXT,NOERROR,2,POSITIVE
eskilstunaauktionsverk.se,NS,NOERROR,2,POSITIVE
eskilstunaauktionsverk.se,SOA,NOERROR,1,POSITIVE
eskilstunaauktionsverk.se,CAA,NOERROR,0,NODATA
eskilstunaauktionsverk.se,HTTPS,NXDOMAIN,0,NXDOMAIN
admax.se,A,NOERROR,1,POSITIVE
admax.se,AAAA,NOERROR,0,NODATA
admax.se,MX,NOERROR,1,POSITIVE
admax.se,TXT,ERROR,0,OTHER
admax.se,NS,NOERROR,4,POSITIVE
admax.se,SOA,NOERROR,1,POSITIVE
admax.se,CAA,NOERROR,0,NODATA
admax.se,HTTPS,NXDOMAIN,0,NXDOMAIN
namebrow.se,A,NOERROR,1,POSITIVE
namebrow.se,AAAA,NOERROR,0,NODATA
namebrow.se,MX,NOERROR,2,POSITIVE
namebrow.se,TXT,NOERROR,1,POSITIVE
namebrow.se,NS,NOERROR,3,POSITIVE
namebrow.se,SOA,NOERROR,1,POSITIVE
namebrow.se,CAA,NOERROR,0,NODATA
namebrow.se,HTTPS,NXDOMAIN,0,NXDOMAIN
klm.se,A,NOERROR,2,POSITIVE
klm.se,AAAA,NOERROR,2,POSITIVE
klm.se,MX,NOERROR,2,POSITIVE
klm.se,TXT,NOERROR,3,POSITIVE
klm.se,NS,NOERROR,6,POSITIVE
klm.se,SOA,NOERROR,1,POSITIVE
klm.se,CAA,NOERROR,0,NODATA
klm.se,HTTPS,NXDOMAIN,0,NXDOMAIN
tankenavet.se,A,NOERROR,2,POSITIVE
tankenavet.se,AAAA,NOERROR,2,POSITIVE
tankenavet.se,MX,NOERROR,0,NODATA
tankenavet.se,TXT,NOERROR,0,NODATA
tankenavet.se,NS,NOERROR,2,POSITIVE
tankenavet.se,SOA,NOERROR,1,POSITIVE
tankenavet.se,CAA,NOERROR,0,NODATA
tankenavet.se,HTTPS,NXDOMAIN,0,NXDOMAIN
hervar.se,A,NOERROR,1,POSITIVE
hervar.se,AAAA,NOERROR,0,NODATA
hervar.se,MX,NOERROR,1,POSITIVE
hervar.se,TXT,NOERROR,3,POSITIVE
hervar.se,NS,NOERROR,2,POSITIVE
hervar.se,SOA,NOERROR,1,POSITIVE
hervar.se,CAA,NOERROR,0,NODATA
hervar.se,HTTPS,NXDOMAIN,0,NXDOMAIN
gamereactor.se,A,NOERROR,2,POSITIVE
gamereactor.se,AAAA,NOERROR,2,POSITIVE
gamereactor.se,MX,NOERROR,3,POSITIVE
gamereactor.se,TXT,NOERROR,5,POSITIVE
gamereactor.se,NS,NOERROR,2,POSITIVE
gamereactor.se,SOA,NOERROR,1,POSITIVE
gamereactor.se,CAA,NOERROR,10,POSITIVE
gamereactor.se,HTTPS,NXDOMAIN,0,NXDOMAIN
lurecoursing.se,A,NOERROR,1,POSITIVE
lurecoursing.se,AAAA,NOERROR,1,POSITIVE
lurecoursing.se,MX,NOERROR,4,POSITIVE
lurecoursing.se,TXT,NOERROR,0,NODATA
lurecoursing.se,NS,NOERROR,2,POSITIVE
lurecoursing.se,SOA,NOERROR,1,POSITIVE
lurecoursing.se,CAA,NOERROR,0,NODATA
lurecoursing.se,HTTPS,NXDOMAIN,0,NXDOMAIN
evidensia.se,A,NOERROR,2,POSITIVE
evidensia.se,AAAA,NOERROR,0,NODATA
evidensia.se,MX,NOERROR,1,POSITIVE
evidensia.se,TXT,ERROR,0,OTHER
evidensia.se,NS,NOERROR,5,POSITIVE
evidensia.se,SOA,NOERROR,1,POSITIVE
evidensia.se,CAA,NOERROR,0,NODATA
evidensia.se,HTTPS,NXDOMAIN,0,NXDOMAIN
vivab.se,A,NOERROR,1,POSITIVE
vivab.se,AAAA,NOERROR,0,NODATA
vivab.se,MX,NOERROR,1,POSITIVE
vivab.se,TXT,ERROR,0,OTHER
vivab.se,NS,NOERROR,3,POSITIVE
vivab.se,SOA,NOERROR,1,POSITIVE
vivab.se,CAA,NOERROR,0,NODATA
vivab.se,HTTPS,NXDOMAIN,0,NXDOMAIN
nt.se,A,NOERROR,4,POSITIVE
nt.se,AAAA,NOERROR,0,NODATA
nt.se,MX,NOERROR,2,POSITIVE
nt.se,TXT,ERROR,0,OTHER
nt.se,NS,NOERROR,5,POSITIVE
nt.se,SOA,NOERROR,1,POSITIVE
nt.se,CAA,NOERROR,0,NODATA
nt.se,HTTPS,NXDOMAIN,0,NXDOMAIN
computersweden.se,A,NOERROR,1,POSITIVE
computersweden.se,AAAA,NOERROR,0,NODATA
computersweden.se,MX,NOERROR,0,NODATA
computersweden.se,TXT,NOERROR,1,POSITIVE
computersweden.se,NS,NOERROR,2,POSITIVE
computersweden.se,SOA,NOERROR,1,POSITIVE
computersweden.se,CAA,NOERROR,0,NODATA
computersweden.se,HTTPS,NXDOMAIN,0,NXDOMAIN
bettingsidor.se,A,NOERROR,2,POSITIVE
bettingsidor.se,AAAA,NOERROR,2,POSITIVE
bettingsidor.se,MX,NOERROR,5,POSITIVE
bettingsidor.se,TXT,NOERROR,3,POSITIVE
bettingsidor.se,NS,NOERROR,2,POSITIVE
bettingsidor.se,SOA,NOERROR,1,POSITIVE
bettingsidor.se,CAA,NOERROR,0,NODATA
bettingsidor.se,HTTPS,NXDOMAIN,0,NXDOMAIN
fruugo.se,A,NOERROR,2,POSITIVE
fruugo.se,AAAA,NOERROR,0,NODATA
fruugo.se,MX,NOERROR,1,POSITIVE
fruugo.se,TXT,NOERROR,5,POSITIVE
fruugo.se,NS,NOERROR,5,POSITIVE
fruugo.se,SOA,NOERROR,1,POSITIVE
fruugo.se,CAA,NOERROR,0,NODATA
fruugo.se,HTTPS,NXDOMAIN,0,NXDOMAIN
svenskaturistforeningen.se,A,NOERROR,1,POSITIVE
svenskaturistforeningen.se,AAAA,NOERROR,0,NODATA
svenskaturistforeningen.se,MX,NOERROR,2,POSITIVE
svenskaturistforeningen.se,TXT,NOERROR,3,POSITIVE
svenskaturistforeningen.se,NS,NOERROR,4,POSITIVE
svenskaturistforeningen.se,SOA,NOERROR,1,POSITIVE
svenskaturistforeningen.se,CAA,NOERROR,0,NODATA
svenskaturistforeningen.se,HTTPS,NXDOMAIN,0,NXDOMAIN
gravar.se,A,NOERROR,1,POSITIVE
gravar.se,AAAA,NOERROR,0,NODATA
gravar.se,MX,NOERROR,0,NODATA
gravar.se,TXT,NOERROR,2,POSITIVE
gravar.se,NS,NOERROR,4,POSITIVE
gravar.se,SOA,NOERROR,1,POSITIVE
gravar.se,CAA,NOERROR,0,NODATA
gravar.se,HTTPS,NXDOMAIN,0,NXDOMAIN
dagligvarunytt.se,A,NOERROR,1,POSITIVE
dagligvarunytt.se,AAAA,NOERROR,0,NODATA
dagligvarunytt.se,MX,NOERROR,5,POSITIVE
dagligvarunytt.se,TXT,ERROR,0,OTHER
dagligvarunytt.se,NS,NOERROR,4,POSITIVE
dagligvarunytt.se,SOA,NOERROR,1,POSITIVE
dagligvarunytt.se,CAA,NOERROR,0,NODATA
dagligvarunytt.se,HTTPS,NXDOMAIN,0,NXDOMAIN
optimalprint.se,A,NOERROR,3,POSITIVE
optimalprint.se,AAAA,NOERROR,0,NODATA
optimalprint.se,MX,NOERROR,5,POSITIVE
optimalprint.se,TXT,ERROR,0,OTHER
optimalprint.se,NS,NOERROR,4,POSITIVE
optimalprint.se,SOA,NOERROR,1,POSITIVE
optimalprint.se,CAA,NOERROR,10,POSITIVE
optimalprint.se,HTTPS,NXDOMAIN,0,NXDOMAIN
propensionaren.se,A,NOERROR,1,POSITIVE
propensionaren.se,AAAA,NOERROR,0,NODATA
propensionaren.se,MX,NOERROR,0,NODATA
propensionaren.se,TXT,NOERROR,1,POSITIVE
propensionaren.se,NS,NOERROR,4,POSITIVE
propensionaren.se,SOA,NOERROR,1,POSITIVE
propensionaren.se,CAA,NOERROR,0,NODATA
propensionaren.se,HTTPS,NXDOMAIN,0,NXDOMAIN
peekaboo.se,A,NOERROR,1,POSITIVE
peekaboo.se,AAAA,NOERROR,0,NODATA
peekaboo.se,MX,NOERROR,1,POSITIVE
peekaboo.se,TXT,NOERROR,2,POSITIVE
peekaboo.se,NS,NOERROR,2,POSITIVE
peekaboo.se,SOA,NOERROR,1,POSITIVE
peekaboo.se,CAA,NOERROR,0,NODATA
peekaboo.se,HTTPS,NXDOMAIN,0,NXDOMAIN
industritorget.se,A,NOERROR,3,POSITIVE
industritorget.se,AAAA,NOERROR,3,POSITIVE
industritorget.se,MX,NOERROR,1,POSITIVE
industritorget.se,TXT,NOERROR,2,POSITIVE
industritorget.se,NS,NOERROR,2,POSITIVE
industritorget.se,SOA,NOERROR,1,POSITIVE
industritorget.se,CAA,NOERROR,0,NODATA
industritorget.se,HTTPS,NXDOMAIN,0,NXDOMAIN
nettoparts.se,A,NOERROR,1,POSITIVE
nettoparts.se,AAAA,NOERROR,0,NODATA
nettoparts.se,MX,NOERROR,1,POSITIVE
nettoparts.se,TXT,NOERROR,2,POSITIVE
nettoparts.se,NS,NOERROR,3,POSITIVE
nettoparts.se,SOA,NOERROR,1,POSITIVE
nettoparts.se,CAA,NOERROR,0,NODATA
nettoparts.se,HTTPS,NXDOMAIN,0,NXDOMAIN
uguu.se,A,NOERROR,1,POSITIVE
uguu.se,AAAA,NOERROR,1,POSITIVE
uguu.se,MX,NOERROR,1,POSITIVE
uguu.se,TXT,NOERROR,4,POSITIVE
uguu.se,NS,NOERROR,4,POSITIVE
uguu.se,SOA,NOERROR,1,POSITIVE
uguu.se,CAA,NOERROR,6,POSITIVE
uguu.se,HTTPS,NXDOMAIN,0,NXDOMAIN
resrobot.se,A,NOERROR,1,POSITIVE
resrobot.se,AAAA,NOERROR,0,NODATA
resrobot.se,MX,NOERROR,1,POSITIVE
resrobot.se,TXT,NOERROR,6,POSITIVE
resrobot.se,NS,NOERROR,2,POSITIVE
resrobot.se,SOA,NOERROR,1,POSITIVE
resrobot.se,CAA,NOERROR,0,NODATA
resrobot.se,HTTPS,NXDOMAIN,0,NXDOMAIN
medborgarskolan.se,A,NOERROR,1,POSITIVE
medborgarskolan.se,AAAA,NOERROR,0,NODATA
medborgarskolan.se,MX,NOERROR,1,POSITIVE
medborgarskolan.se,TXT,ERROR,0,OTHER
medborgarskolan.se,NS,NOERROR,3,POSITIVE
medborgarskolan.se,SOA,NOERROR,1,POSITIVE
medborgarskolan.se,CAA,NOERROR,0,NODATA
medborgarskolan.se,HTTPS,NXDOMAIN,0,NXDOMAIN
aktuellportalen.se,A,NOERROR,2,POSITIVE
aktuellportalen.se,AAAA,NOERROR,2,POSITIVE
aktuellportalen.se,MX,NOERROR,0,NODATA
aktuellportalen.se,TXT,NOERROR,0,NODATA
aktuellportalen.se,NS,NOERROR,2,POSITIVE
aktuellportalen.se,SOA,NOERROR,1,POSITIVE
aktuellportalen.se,CAA,NOERROR,0,NODATA
aktuellportalen.se,HTTPS,NXDOMAIN,0,NXDOMAIN
birkagotland.se,A,NOERROR,2,POSITIVE
birkagotland.se,AAAA,NOERROR,0,NODATA
birkagotland.se,MX,NOERROR,1,POSITIVE
birkagotland.se,TXT,NOERROR,5,POSITIVE
birkagotland.se,NS,NOERROR,6,POSITIVE
birkagotland.se,SOA,NOERROR,1,POSITIVE
birkagotland.se,CAA,NOERROR,0,NODATA
birkagotland.se,HTTPS,NXDOMAIN,0,NXDOMAIN
vasterastidning.se,A,NOERROR,2,POSITIVE
vasterastidning.se,AAAA,NOERROR,0,NODATA
vasterastidning.se,MX,NOERROR,1,POSITIVE
vasterastidning.se,TXT,NOERROR,3,POSITIVE
vasterastidning.se,NS,NOERROR,6,POSITIVE
vasterastidning.se,SOA,NOERROR,1,POSITIVE
vasterastidning.se,CAA,NOERROR,0,NODATA
vasterastidning.se,HTTPS,NXDOMAIN,0,NXDOMAIN
spelinspektionen.se,A,NOERROR,1,POSITIVE
spelinspektionen.se,AAAA,NOERROR,0,NODATA
spelinspektionen.se,MX,NOERROR,4,POSITIVE
spelinspektionen.se,TXT,NOERROR,4,POSITIVE
spelinspektionen.se,NS,NOERROR,4,POSITIVE
spelinspektionen.se,SOA,NOERROR,1,POSITIVE
spelinspektionen.se,CAA,NOERROR,0,NODATA
spelinspektionen.se,HTTPS,NXDOMAIN,0,NXDOMAIN
bloggvarden.se,A,NOERROR,2,POSITIVE
bloggvarden.se,AAAA,NOERROR,2,POSITIVE
bloggvarden.se,MX,NOERROR,0,NODATA
bloggvarden.se,TXT,NOERROR,0,NODATA
bloggvarden.se,NS,NOERROR,2,POSITIVE
bloggvarden.se,SOA,NOERROR,1,POSITIVE
bloggvarden.se,CAA,NOERROR,0,NODATA
bloggvarden.se,HTTPS,NXDOMAIN,0,NXDOMAIN
qt-systems.se,A,NOERROR,1,POSITIVE
qt-systems.se,AAAA,NOERROR,0,NODATA
qt-systems.se,MX,NOERROR,1,POSITIVE
qt-systems.se,TXT,NOERROR,0,NODATA
qt-systems.se,NS,NOERROR,2,POSITIVE
qt-systems.se,SOA,NOERROR,1,POSITIVE
qt-systems.se,CAA,NOERROR,0,NODATA
qt-systems.se,HTTPS,NXDOMAIN,0,NXDOMAIN
dackpartner.se,A,NOERROR,1,POSITIVE
dackpartner.se,AAAA,NOERROR,1,POSITIVE
dackpartner.se,MX,NOERROR,1,POSITIVE
dackpartner.se,TXT,NOERROR,5,POSITIVE
dackpartner.se,NS,NOERROR,2,POSITIVE
dackpartner.se,SOA,NOERROR,1,POSITIVE
dackpartner.se,CAA,NOERROR,0,NODATA
dackpartner.se,HTTPS,NXDOMAIN,0,NXDOMAIN
samhallsperspektiv.se,A,NOERROR,2,POSITIVE
samhallsperspektiv.se,AAAA,NOERROR,2,POSITIVE
samhallsperspektiv.se,MX,NOERROR,0,NODATA
samhallsperspektiv.se,TXT,NOERROR,0,NODATA
samhallsperspektiv.se,NS,NOERROR,2,POSITIVE
samhallsperspektiv.se,SOA,NOERROR,1,POSITIVE
samhallsperspektiv.se,CAA,NOERROR,0,NODATA
samhallsperspektiv.se,HTTPS,NXDOMAIN,0,NXDOMAIN
wgrremote.se,A,NOERROR,3,POSITIVE
wgrremote.se,AAAA,NOERROR,3,POSITIVE
wgrremote.se,MX,NOERROR,1,POSITIVE
wgrremote.se,TXT,NOERROR,1,POSITIVE
wgrremote.se,NS,NOERROR,2,POSITIVE
wgrremote.se,SOA,NOERROR,1,POSITIVE
wgrremote.se,CAA,NOERROR,0,NODATA
wgrremote.se,HTTPS,NXDOMAIN,0,NXDOMAIN
artikelflode.se,A,NOERROR,2,POSITIVE
artikelflode.se,AAAA,NOERROR,2,POSITIVE
artikelflode.se,MX,NOERROR,0,NODATA
artikelflode.se,TXT,NOERROR,0,NODATA
artikelflode.se,NS,NOERROR,2,POSITIVE
artikelflode.se,SOA,NOERROR,1,POSITIVE
artikelflode.se,CAA,NOERROR,0,NODATA
artikelflode.se,HTTPS,NXDOMAIN,0,NXDOMAIN
betting.se,A,NOERROR,3,POSITIVE
betting.se,AAAA,NOERROR,3,POSITIVE
betting.se,MX,NOERROR,1,POSITIVE
betting.se,TXT,NOERROR,4,POSITIVE
betting.se,NS,NOERROR,2,POSITIVE
betting.se,SOA,NOERROR,1,POSITIVE
betting.se,CAA,NOERROR,0,NODATA
betting.se,HTTPS,NXDOMAIN,0,NXDOMAIN
vardvaskan.se,A,NOERROR,1,POSITIVE
vardvaskan.se,AAAA,NOERROR,0,NODATA
vardvaskan.se,MX,NOERROR,1,POSITIVE
vardvaskan.se,TXT,NOERROR,4,POSITIVE
vardvaskan.se,NS,NOERROR,6,POSITIVE
vardvaskan.se,SOA,NOERROR,1,POSITIVE
vardvaskan.se,CAA,NOERROR,0,NODATA
vardvaskan.se,HTTPS,NXDOMAIN,0,NXDOMAIN
av.se,A,NOERROR,1,POSITIVE
av.se,AAAA,NOERROR,0,NODATA
av.se,MX,NOERROR,2,POSITIVE
av.se,TXT,NOERROR,4,POSITIVE
av.se,NS,NOERROR,2,POSITIVE
av.se,SOA,NOERROR,1,POSITIVE
av.se,CAA,NOERROR,0,NODATA
av.se,HTTPS,NXDOMAIN,0,NXDOMAIN
bibblo.se,A,NOERROR,1,POSITIVE
bibblo.se,AAAA,NOERROR,0,NODATA
bibblo.se,MX,NOERROR,5,POSITIVE
bibblo.se,TXT,NOERROR,0,NODATA
bibblo.se,NS,NOERROR,4,POSITIVE
bibblo.se,SOA,NOERROR,1,POSITIVE
bibblo.se,CAA,NOERROR,0,NODATA
bibblo.se,HTTPS,NXDOMAIN,0,NXDOMAIN
next.se,A,NOERROR,2,POSITIVE
next.se,AAAA,NOERROR,2,POSITIVE
next.se,MX,NOERROR,1,POSITIVE
next.se,TXT,NOERROR,5,POSITIVE
next.se,NS,NOERROR,2,POSITIVE
next.se,SOA,NOERROR,1,POSITIVE
next.se,CAA,NOERROR,0,NODATA
next.se,HTTPS,NXDOMAIN,0,NXDOMAIN
kulturhusetstadsteatern.se,A,NOERROR,1,POSITIVE
kulturhusetstadsteatern.se,AAAA,NOERROR,0,NODATA
kulturhusetstadsteatern.se,MX,NOERROR,2,POSITIVE
kulturhusetstadsteatern.se,TXT,NOERROR,3,POSITIVE
kulturhusetstadsteatern.se,NS,NOERROR,5,POSITIVE
kulturhusetstadsteatern.se,SOA,NOERROR,1,POSITIVE
kulturhusetstadsteatern.se,CAA,NOERROR,0,NODATA
kulturhusetstadsteatern.se,HTTPS,NXDOMAIN,0,NXDOMAIN
wn.se,A,NOERROR,2,POSITIVE
wn.se,AAAA,NOERROR,2,POSITIVE
wn.se,MX,NOERROR,2,POSITIVE
wn.se,TXT,NOERROR,3,POSITIVE
wn.se,NS,NOERROR,2,POSITIVE
wn.se,SOA,NOERROR,1,POSITIVE
wn.se,CAA,NOERROR,0,NODATA
wn.se,HTTPS,NXDOMAIN,0,NXDOMAIN
codigo.se,A,NOERROR,1,POSITIVE
codigo.se,AAAA,NOERROR,0,NODATA
codigo.se,MX,NOERROR,1,POSITIVE
codigo.se,TXT,NOERROR,3,POSITIVE
codigo.se,NS,NOERROR,2,POSITIVE
codigo.se,SOA,NOERROR,1,POSITIVE
codigo.se,CAA,NOERROR,0,NODATA
codigo.se,HTTPS,NXDOMAIN,0,NXDOMAIN
bonprix.se,A,NOERROR,1,POSITIVE
bonprix.se,AAAA,NOERROR,0,NODATA
bonprix.se,MX,NOERROR,1,POSITIVE
bonprix.se,TXT,NOERROR,3,POSITIVE
bonprix.se,NS,NOERROR,6,POSITIVE
bonprix.se,SOA,NOERROR,1,POSITIVE
bonprix.se,CAA,NOERROR,0,NODATA
bonprix.se,HTTPS,NXDOMAIN,0,NXDOMAIN
hockeyettan.se,A,NOERROR,2,POSITIVE
hockeyettan.se,AAAA,NOERROR,2,POSITIVE
hockeyettan.se,MX,NOERROR,1,POSITIVE
hockeyettan.se,TXT,NOERROR,2,POSITIVE
hockeyettan.se,NS,NOERROR,2,POSITIVE
hockeyettan.se,SOA,NOERROR,1,POSITIVE
hockeyettan.se,CAA,NOERROR,0,NODATA
hockeyettan.se,HTTPS,NXDOMAIN,0,NXDOMAIN
activegrowth.se,A,NOERROR,2,POSITIVE
activegrowth.se,AAAA,NOERROR,2,POSITIVE
activegrowth.se,MX,NOERROR,0,NODATA
activegrowth.se,TXT,NOERROR,0,NODATA
activegrowth.se,NS,NOERROR,2,POSITIVE
activegrowth.se,SOA,NOERROR,1,POSITIVE
activegrowth.se,CAA,NOERROR,0,NODATA
activegrowth.se,HTTPS,NXDOMAIN,0,NXDOMAIN
inspirationsmedia.se,A,NOERROR,2,POSITIVE
inspirationsmedia.se,AAAA,NOERROR,2,POSITIVE
inspirationsmedia.se,MX,NOERROR,0,NODATA
inspirationsmedia.se,TXT,NOERROR,0,NODATA
inspirationsmedia.se,NS,NOERROR,2,POSITIVE
inspirationsmedia.se,SOA,NOERROR,1,POSITIVE
inspirationsmedia.se,CAA,NOERROR,0,NODATA
inspirationsmedia.se,HTTPS,NXDOMAIN,0,NXDOMAIN
lasselindgren.se,A,NOERROR,2,POSITIVE
lasselindgren.se,AAAA,NOERROR,2,POSITIVE
lasselindgren.se,MX,NOERROR,0,NODATA
lasselindgren.se,TXT,NOERROR,1,POSITIVE
lasselindgren.se,NS,NOERROR,2,POSITIVE
lasselindgren.se,SOA,NOERROR,1,POSITIVE
lasselindgren.se,CAA,NOERROR,0,NODATA
lasselindgren.se,HTTPS,NXDOMAIN,0,NXDOMAIN
ekonomiblickar.se,A,NOERROR,2,POSITIVE
ekonomiblickar.se,AAAA,NOERROR,2,POSITIVE
ekonomiblickar.se,MX,NOERROR,0,NODATA
ekonomiblickar.se,TXT,NOERROR,0,NODATA
ekonomiblickar.se,NS,NOERROR,2,POSITIVE
ekonomiblickar.se,SOA,NOERROR,1,POSITIVE
ekonomiblickar.se,CAA,NOERROR,0,NODATA
ekonomiblickar.se,HTTPS,NXDOMAIN,0,NXDOMAIN
modohockey.se,A,NOERROR,1,POSITIVE
modohockey.se,AAAA,NOERROR,0,NODATA
modohockey.se,MX,NOERROR,2,POSITIVE
modohockey.se,TXT,ERROR,0,OTHER
modohockey.se,NS,NOERROR,3,POSITIVE
modohockey.se,SOA,NOERROR,1,POSITIVE
modohockey.se,CAA,NOERROR,0,NODATA
modohockey.se,HTTPS,NXDOMAIN,0,NXDOMAIN
khz.se,A,NOERROR,0,NODATA
khz.se,AAAA,NOERROR,0,NODATA
khz.se,MX,NOERROR,2,POSITIVE
khz.se,TXT,ERROR,0,OTHER
khz.se,NS,NOERROR,2,POSITIVE
khz.se,SOA,NOERROR,1,POSITIVE
khz.se,CAA,NOERROR,0,NODATA
khz.se,HTTPS,NXDOMAIN,0,NXDOMAIN
nordiskatradgardar.se,A,NOERROR,1,POSITIVE
nordiskatradgardar.se,AAAA,NOERROR,0,NODATA
nordiskatradgardar.se,MX,NOERROR,0,NODATA
nordiskatradgardar.se,TXT,NOERROR,2,POSITIVE
nordiskatradgardar.se,NS,NOERROR,4,POSITIVE
nordiskatradgardar.se,SOA,NOERROR,1,POSITIVE
nordiskatradgardar.se,CAA,NOERROR,0,NODATA
nordiskatradgardar.se,HTTPS,NXDOMAIN,0,NXDOMAIN
vp-autoparts.se,A,NOERROR,1,POSITIVE
vp-autoparts.se,AAAA,NOERROR,0,NODATA
vp-autoparts.se,MX,NOERROR,1,POSITIVE
vp-autoparts.se,TXT,NOERROR,3,POSITIVE
vp-autoparts.se,NS,NOERROR,3,POSITIVE
vp-autoparts.se,SOA,NOERROR,1,POSITIVE
vp-autoparts.se,CAA,NOERROR,0,NODATA
vp-autoparts.se,HTTPS,NXDOMAIN,0,NXDOMAIN
poker.se,A,NOERROR,2,POSITIVE
poker.se,AAAA,NOERROR,2,POSITIVE
poker.se,MX,NOERROR,1,POSITIVE
poker.se,TXT,NOERROR,5,POSITIVE
poker.se,NS,NOERROR,2,POSITIVE
poker.se,SOA,NOERROR,1,POSITIVE
poker.se,CAA,NOERROR,0,NODATA
poker.se,HTTPS,NXDOMAIN,0,NXDOMAIN
iplace.se,A,NOERROR,0,NODATA
iplace.se,AAAA,NOERROR,0,NODATA
iplace.se,MX,NOERROR,2,POSITIVE
iplace.se,TXT,ERROR,0,OTHER
iplace.se,NS,NOERROR,4,POSITIVE
iplace.se,SOA,NOERROR,1,POSITIVE
iplace.se,CAA,NOERROR,0,NODATA
iplace.se,HTTPS,NXDOMAIN,0,NXDOMAIN
trelleborgsallehanda.se,A,NOERROR,1,POSITIVE
trelleborgsallehanda.se,AAAA,NOERROR,0,NODATA
trelleborgsallehanda.se,MX,NOERROR,1,POSITIVE
trelleborgsallehanda.se,TXT,ERROR,0,OTHER
trelleborgsallehanda.se,NS,NOERROR,4,POSITIVE
trelleborgsallehanda.se,SOA,NOERROR,1,POSITIVE
trelleborgsallehanda.se,CAA,NOERROR,0,NODATA
trelleborgsallehanda.se,HTTPS,NXDOMAIN,0,NXDOMAIN
swedol.se,A,NOERROR,4,POSITIVE
swedol.se,AAAA,NOERROR,0,NODATA
swedol.se,MX,NOERROR,1,POSITIVE
swedol.se,TXT,ERROR,0,OTHER
swedol.se,NS,NOERROR,2,POSITIVE
swedol.se,SOA,NOERROR,1,POSITIVE
swedol.se,CAA,NOERROR,0,NODATA
swedol.se,HTTPS,NXDOMAIN,0,NXDOMAIN
playstar.se,A,NOERROR,1,POSITIVE
playstar.se,AAAA,NOERROR,0,NODATA
playstar.se,MX,NOERROR,3,POSITIVE
playstar.se,TXT,NOERROR,2,POSITIVE
playstar.se,NS,NOERROR,3,POSITIVE
playstar.se,SOA,NOERROR,1,POSITIVE
playstar.se,CAA,ERROR,0,OTHER
playstar.se,HTTPS,NXDOMAIN,0,NXDOMAIN
sgit.se,A,NOERROR,1,POSITIVE
sgit.se,AAAA,NOERROR,0,NODATA
sgit.se,MX,NOERROR,2,POSITIVE
sgit.se,TXT,NOERROR,2,POSITIVE
sgit.se,NS,NOERROR,7,POSITIVE
sgit.se,SOA,NOERROR,1,POSITIVE
sgit.se,CAA,NOERROR,0,NODATA
sgit.se,HTTPS,NXDOMAIN,0,NXDOMAIN
lnu.se,A,NOERROR,1,POSITIVE
lnu.se,AAAA,NOERROR,1,POSITIVE
lnu.se,MX,NOERROR,1,POSITIVE
lnu.se,TXT,ERROR,0,OTHER
lnu.se,NS,NOERROR,4,POSITIVE
lnu.se,SOA,NOERROR,1,POSITIVE
lnu.se,CAA,NOERROR,0,NODATA
lnu.se,HTTPS,NXDOMAIN,0,NXDOMAIN
livsperspektivet.se,A,NOERROR,2,POSITIVE
livsperspektivet.se,AAAA,NOERROR,2,POSITIVE
livsperspektivet.se,MX,NOERROR,0,NODATA
livsperspektivet.se,TXT,NOERROR,0,NODATA
livsperspektivet.se,NS,NOERROR,2,POSITIVE
livsperspektivet.se,SOA,NOERROR,1,POSITIVE
livsperspektivet.se,CAA,NOERROR,0,NODATA
livsperspektivet.se,HTTPS,NXDOMAIN,0,NXDOMAIN
syd.se,A,NOERROR,2,POSITIVE
syd.se,AAAA,NOERROR,2,POSITIVE
syd.se,MX,NOERROR,2,POSITIVE
syd.se,TXT,NOERROR,3,POSITIVE
syd.se,NS,NOERROR,2,POSITIVE
syd.se,SOA,NOERROR,1,POSITIVE
syd.se,CAA,NOERROR,0,NODATA
syd.se,HTTPS,NXDOMAIN,0,NXDOMAIN
pathwayinnovations.se,A,NOERROR,2,POSITIVE
pathwayinnovations.se,AAAA,NOERROR,2,POSITIVE
pathwayinnovations.se,MX,NOERROR,0,NODATA
pathwayinnovations.se,TXT,NOERROR,0,NODATA
pathwayinnovations.se,NS,NOERROR,2,POSITIVE
pathwayinnovations.se,SOA,NOERROR,1,POSITIVE
pathwayinnovations.se,CAA,NOERROR,0,NODATA
pathwayinnovations.se,HTTPS,NXDOMAIN,0,NXDOMAIN
willhem.se,A,NOERROR,1,POSITIVE
willhem.se,AAAA,NOERROR,0,NODATA
willhem.se,MX,NOERROR,1,POSITIVE
willhem.se,TXT,ERROR,0,OTHER
willhem.se,NS,NOERROR,2,POSITIVE
willhem.se,SOA,NOERROR,1,POSITIVE
willhem.se,CAA,NOERROR,0,NODATA
willhem.se,HTTPS,NXDOMAIN,0,NXDOMAIN
starwebb.se,A,NOERROR,0,NODATA
starwebb.se,AAAA,NOERROR,0,NODATA
starwebb.se,MX,NOERROR,1,POSITIVE
starwebb.se,TXT,NOERROR,0,NODATA
starwebb.se,NS,NOERROR,4,POSITIVE
starwebb.se,SOA,NOERROR,1,POSITIVE
starwebb.se,CAA,NOERROR,0,NODATA
starwebb.se,HTTPS,NXDOMAIN,0,NXDOMAIN
ivl.se,A,NOERROR,1,POSITIVE
ivl.se,AAAA,NOERROR,1,POSITIVE
ivl.se,MX,NOERROR,1,POSITIVE
ivl.se,TXT,ERROR,0,OTHER
ivl.se,NS,NOERROR,2,POSITIVE
ivl.se,SOA,NOERROR,1,POSITIVE
ivl.se,CAA,NOERROR,0,NODATA
ivl.se,HTTPS,NXDOMAIN,0,NXDOMAIN
shopping4net.se,A,NOERROR,1,POSITIVE
shopping4net.se,AAAA,NOERROR,0,NODATA
shopping4net.se,MX,NOERROR,1,POSITIVE
shopping4net.se,TXT,NOERROR,0,NODATA
shopping4net.se,NS,NOERROR,2,POSITIVE
shopping4net.se,SOA,NOERROR,1,POSITIVE
shopping4net.se,CAA,NOERROR,0,NODATA
shopping4net.se,HTTPS,NXDOMAIN,0,NXDOMAIN
bilreg.se,A,NOERROR,1,POSITIVE
bilreg.se,AAAA,NOERROR,0,NODATA
bilreg.se,MX,NOERROR,2,POSITIVE
bilreg.se,TXT,NOERROR,1,POSITIVE
bilreg.se,NS,NOERROR,3,POSITIVE
bilreg.se,SOA,NOERROR,1,POSITIVE
bilreg.se,CAA,NOERROR,0,NODATA
bilreg.se,HTTPS,NXDOMAIN,0,NXDOMAIN
hippson.se,A,NOERROR,2,POSITIVE
hippson.se,AAAA,NOERROR,2,POSITIVE
hippson.se,MX,NOERROR,5,POSITIVE
hippson.se,TXT,NOERROR,5,POSITIVE
hippson.se,NS,NOERROR,2,POSITIVE
hippson.se,SOA,NOERROR,1,POSITIVE
hippson.se,CAA,NOERROR,0,NODATA
hippson.se,HTTPS,NXDOMAIN,0,NXDOMAIN
photowall.se,A,NOERROR,3,POSITIVE
photowall.se,AAAA,NOERROR,0,NODATA
photowall.se,MX,NOERROR,1,POSITIVE
photowall.se,TXT,ERROR,0,OTHER
photowall.se,NS,NOERROR,2,POSITIVE
photowall.se,SOA,NOERROR,1,POSITIVE
photowall.se,CAA,NOERROR,0,NODATA
photowall.se,HTTPS,NXDOMAIN,0,NXDOMAIN
anticimex.se,A,NOERROR,1,POSITIVE
anticimex.se,AAAA,NOERROR,0,NODATA
anticimex.se,MX,NOERROR,1,POSITIVE
anticimex.se,TXT,ERROR,0,OTHER
anticimex.se,NS,NOERROR,4,POSITIVE
anticimex.se,SOA,NOERROR,1,POSITIVE
anticimex.se,CAA,NOERROR,0,NODATA
anticimex.se,HTTPS,NXDOMAIN,0,NXDOMAIN
paloma.se,A,NOERROR,1,POSITIVE
paloma.se,AAAA,NOERROR,0,NODATA
paloma.se,MX,NOERROR,1,POSITIVE
paloma.se,TXT,ERROR,0,OTHER
paloma.se,NS,NOERROR,4,POSITIVE
paloma.se,SOA,NOERROR,1,POSITIVE
paloma.se,CAA,NOERROR,0,NODATA
paloma.se,HTTPS,NXDOMAIN,0,NXDOMAIN
thermia.se,A,NOERROR,1,POSITIVE
thermia.se,AAAA,NOERROR,0,NODATA
thermia.se,MX,NOERROR,1,POSITIVE
thermia.se,TXT,NOERROR,6,POSITIVE
thermia.se,NS,NOERROR,3,POSITIVE
thermia.se,SOA,NOERROR,1,POSITIVE
thermia.se,CAA,NOERROR,0,NODATA
thermia.se,HTTPS,NXDOMAIN,0,NXDOMAIN
ordfloden.se,A,NOERROR,2,POSITIVE
ordfloden.se,AAAA,NOERROR,2,POSITIVE
ordfloden.se,MX,NOERROR,0,NODATA
ordfloden.se,TXT,NOERROR,0,NODATA
ordfloden.se,NS,NOERROR,2,POSITIVE
ordfloden.se,SOA,NOERROR,1,POSITIVE
ordfloden.se,CAA,NOERROR,0,NODATA
ordfloden.se,HTTPS,NXDOMAIN,0,NXDOMAIN
vente-unique.se,A,NOERROR,4,POSITIVE
vente-unique.se,AAAA,NOERROR,0,NODATA
vente-unique.se,MX,NOERROR,5,POSITIVE
vente-unique.se,TXT,NOERROR,3,POSITIVE
vente-unique.se,NS,NOERROR,4,POSITIVE
vente-unique.se,SOA,NOERROR,1,POSITIVE
vente-unique.se,CAA,NOERROR,0,NODATA
vente-unique.se,HTTPS,NXDOMAIN,0,NXDOMAIN
brfnet.se,A,NOERROR,1,POSITIVE
brfnet.se,AAAA,NOERROR,0,NODATA
brfnet.se,MX,NOERROR,7,POSITIVE
brfnet.se,TXT,NOERROR,1,POSITIVE
brfnet.se,NS,NOERROR,2,POSITIVE
brfnet.se,SOA,NOERROR,1,POSITIVE
brfnet.se,CAA,NOERROR,0,NODATA
brfnet.se,HTTPS,NXDOMAIN,0,NXDOMAIN
nekover.se,A,NOERROR,1,POSITIVE
nekover.se,AAAA,NOERROR,1,POSITIVE
nekover.se,MX,NOERROR,2,POSITIVE
nekover.se,TXT,NOERROR,1,POSITIVE
nekover.se,NS,NOERROR,2,POSITIVE
nekover.se,SOA,NOERROR,1,POSITIVE
nekover.se,CAA,NOERROR,11,POSITIVE
nekover.se,HTTPS,NXDOMAIN,0,NXDOMAIN
risebeyondtech.se,A,NOERROR,2,POSITIVE
risebeyondtech.se,AAAA,NOERROR,2,POSITIVE
risebeyondtech.se,MX,NOERROR,0,NODATA
risebeyondtech.se,TXT,NOERROR,0,NODATA
risebeyondtech.se,NS,NOERROR,2,POSITIVE
risebeyondtech.se,SOA,NOERROR,1,POSITIVE
risebeyondtech.se,CAA,NOERROR,0,NODATA
risebeyondtech.se,HTTPS,NXDOMAIN,0,NXDOMAIN
vardagsblickar.se,A,NOERROR,2,POSITIVE
vardagsblickar.se,AAAA,NOERROR,2,POSITIVE
vardagsblickar.se,MX,NOERROR,0,NODATA
vardagsblickar.se,TXT,NOERROR,0,NODATA
vardagsblickar.se,NS,NOERROR,2,POSITIVE
vardagsblickar.se,SOA,NOERROR,1,POSITIVE
vardagsblickar.se,CAA,NOERROR,0,NODATA
vardagsblickar.se,HTTPS,NXDOMAIN,0,NXDOMAIN
mp.se,A,NOERROR,3,POSITIVE
mp.se,AAAA,NOERROR,3,POSITIVE
mp.se,MX,NOERROR,5,POSITIVE
mp.se,TXT,NOERROR,6,POSITIVE
mp.se,NS,NOERROR,2,POSITIVE
mp.se,SOA,NOERROR,1,POSITIVE
mp.se,CAA,NOERROR,0,NODATA
mp.se,HTTPS,NXDOMAIN,0,NXDOMAIN
riksdagen.se,A,NOERROR,1,POSITIVE
riksdagen.se,AAAA,NOERROR,1,POSITIVE
riksdagen.se,MX,NOERROR,3,POSITIVE
riksdagen.se,TXT,NOERROR,6,POSITIVE
riksdagen.se,NS,NOERROR,2,POSITIVE
riksdagen.se,SOA,NOERROR,1,POSITIVE
riksdagen.se,CAA,NOERROR,5,POSITIVE
riksdagen.se,HTTPS,NXDOMAIN,0,NXDOMAIN
kvd.se,A,NOERROR,1,POSITIVE
kvd.se,AAAA,NOERROR,0,NODATA
kvd.se,MX,NOERROR,1,POSITIVE
kvd.se,TXT,ERROR,0,OTHER
kvd.se,NS,NOERROR,5,POSITIVE
kvd.se,SOA,NOERROR,1,POSITIVE
kvd.se,CAA,NOERROR,0,NODATA
kvd.se,HTTPS,NXDOMAIN,0,NXDOMAIN
parfumdreams.se,A,NOERROR,1,POSITIVE
parfumdreams.se,AAAA,NOERROR,0,NODATA
parfumdreams.se,MX,NOERROR,1,POSITIVE
parfumdreams.se,TXT,NOERROR,3,POSITIVE
parfumdreams.se,NS,NOERROR,3,POSITIVE
parfumdreams.se,SOA,NOERROR,1,POSITIVE
parfumdreams.se,CAA,NOERROR,0,NODATA
parfumdreams.se,HTTPS,NXDOMAIN,0,NXDOMAIN
willys.se,A,NOERROR,4,POSITIVE
willys.se,AAAA,NOERROR,0,NODATA
willys.se,MX,NOERROR,1,POSITIVE
willys.se,TXT,ERROR,0,OTHER
willys.se,NS,NOERROR,4,POSITIVE
willys.se,SOA,NOERROR,1,POSITIVE
willys.se,CAA,NOERROR,0,NODATA
willys.se,HTTPS,NXDOMAIN,0,NXDOMAIN
alcosystems.se,A,NOERROR,2,POSITIVE
alcosystems.se,AAAA,NOERROR,2,POSITIVE
alcosystems.se,MX,NOERROR,5,POSITIVE
alcosystems.se,TXT,NOERROR,4,POSITIVE
alcosystems.se,NS,NOERROR,2,POSITIVE
alcosystems.se,SOA,NOERROR,1,POSITIVE
alcosystems.se,CAA,NOERROR,0,NODATA
alcosystems.se,HTTPS,NXDOMAIN,0,NXDOMAIN
nortic.se,A,NOERROR,1,POSITIVE
nortic.se,AAAA,NOERROR,0,NODATA
nortic.se,MX,NOERROR,5,POSITIVE
nortic.se,TXT,ERROR,0,OTHER
nortic.se,NS,NOERROR,2,POSITIVE
nortic.se,SOA,NOERROR,1,POSITIVE
nortic.se,CAA,NOERROR,0,NODATA
nortic.se,HTTPS,NXDOMAIN,0,NXDOMAIN
caspeco.se,A,NOERROR,1,POSITIVE
caspeco.se,AAAA,NOERROR,1,POSITIVE
caspeco.se,MX,NOERROR,1,POSITIVE
caspeco.se,TXT,ERROR,0,OTHER
caspeco.se,NS,NOERROR,4,POSITIVE
caspeco.se,SOA,NOERROR,1,POSITIVE
caspeco.se,CAA,NOERROR,3,POSITIVE
caspeco.se,HTTPS,NXDOMAIN,0,NXDOMAIN
moln-net.se,A,NOERROR,0,NODATA
moln-net.se,AAAA,NOERROR,0,NODATA
moln-net.se,MX,NOERROR,1,POSITIVE
moln-net.se,TXT,NOERROR,4,POSITIVE
moln-net.se,NS,NOERROR,3,POSITIVE
moln-net.se,SOA,NOERROR,1,POSITIVE
moln-net.se,CAA,NOERROR,0,NODATA
moln-net.se,HTTPS,NXDOMAIN,0,NXDOMAIN
frobbit.se,A,NOERROR,1,POSITIVE
frobbit.se,AAAA,NOERROR,1,POSITIVE
frobbit.se,MX,NOERROR,1,POSITIVE
frobbit.se,TXT,NOERROR,2,POSITIVE
frobbit.se,NS,NOERROR,4,POSITIVE
frobbit.se,SOA,NOERROR,1,POSITIVE
frobbit.se,CAA,NOERROR,1,POSITIVE
frobbit.se,HTTPS,NXDOMAIN,0,NXDOMAIN
prenumerera.se,A,NOERROR,2,POSITIVE
prenumerera.se,AAAA,NOERROR,2,POSITIVE
prenumerera.se,MX,NOERROR,1,POSITIVE
prenumerera.se,TXT,ERROR,0,OTHER
prenumerera.se,NS,NOERROR,2,POSITIVE
prenumerera.se,SOA,NOERROR,1,POSITIVE
prenumerera.se,CAA,NOERROR,0,NODATA
prenumerera.se,HTTPS,NXDOMAIN,0,NXDOMAIN
tidningensyre.se,A,NOERROR,1,POSITIVE
tidningensyre.se,AAAA,NOERROR,0,NODATA
tidningensyre.se,MX,NOERROR,5,POSITIVE
tidningensyre.se,TXT,NOERROR,4,POSITIVE
tidningensyre.se,NS,NOERROR,2,POSITIVE
tidningensyre.se,SOA,NOERROR,1,POSITIVE
tidningensyre.se,CAA,NOERROR,0,NODATA
tidningensyre.se,HTTPS,NXDOMAIN,0,NXDOMAIN
snusbolaget.se,A,NOERROR,2,POSITIVE
snusbolaget.se,AAAA,NOERROR,2,POSITIVE
snusbolaget.se,MX,NOERROR,1,POSITIVE
snusbolaget.se,TXT,ERROR,0,OTHER
snusbolaget.se,NS,NOERROR,2,POSITIVE
snusbolaget.se,SOA,NOERROR,1,POSITIVE
snusbolaget.se,CAA,NOERROR,0,NODATA
snusbolaget.se,HTTPS,NXDOMAIN,0,NXDOMAIN
samhallsrapport.se,A,NOERROR,2,POSITIVE
samhallsrapport.se,AAAA,NOERROR,2,POSITIVE
samhallsrapport.se,MX,NOERROR,0,NODATA
samhallsrapport.se,TXT,NOERROR,0,NODATA
samhallsrapport.se,NS,NOERROR,2,POSITIVE
samhallsrapport.se,SOA,NOERROR,1,POSITIVE
samhallsrapport.se,CAA,NOERROR,0,NODATA
samhallsrapport.se,HTTPS,NXDOMAIN,0,NXDOMAIN
diagonal.se,A,NOERROR,1,POSITIVE
diagonal.se,AAAA,NOERROR,0,NODATA
diagonal.se,MX,NOERROR,1,POSITIVE
diagonal.se,TXT,NOERROR,2,POSITIVE
diagonal.se,NS,NOERROR,2,POSITIVE
diagonal.se,SOA,NOERROR,1,POSITIVE
diagonal.se,CAA,NOERROR,0,NODATA
diagonal.se,HTTPS,NXDOMAIN,0,NXDOMAIN
datakultur.se,A,NOERROR,1,POSITIVE
datakultur.se,AAAA,NOERROR,0,NODATA
datakultur.se,MX,NOERROR,1,POSITIVE
datakultur.se,TXT,NOERROR,1,POSITIVE
datakultur.se,NS,NOERROR,2,POSITIVE
datakultur.se,SOA,NOERROR,1,POSITIVE
datakultur.se,CAA,NOERROR,0,NODATA
datakultur.se,HTTPS,NXDOMAIN,0,NXDOMAIN
nischblick.se,A,NOERROR,2,POSITIVE
nischblick.se,AAAA,NOERROR,2,POSITIVE
nischblick.se,MX,NOERROR,0,NODATA
nischblick.se,TXT,NOERROR,0,NODATA
nischblick.se,NS,NOERROR,2,POSITIVE
nischblick.se,SOA,NOERROR,1,POSITIVE
nischblick.se,CAA,NOERROR,0,NODATA
nischblick.se,HTTPS,NXDOMAIN,0,NXDOMAIN
kitchenlab.se,A,NOERROR,1,POSITIVE
kitchenlab.se,AAAA,NOERROR,0,NODATA
kitchenlab.se,MX,NOERROR,5,POSITIVE
kitchenlab.se,TXT,NOERROR,4,POSITIVE
kitchenlab.se,NS,NOERROR,3,POSITIVE
kitchenlab.se,SOA,NOERROR,1,POSITIVE
kitchenlab.se,CAA,NOERROR,0,NODATA
kitchenlab.se,HTTPS,NXDOMAIN,0,NXDOMAIN
tillvaxtkommentar.se,A,NOERROR,2,POSITIVE
tillvaxtkommentar.se,AAAA,NOERROR,2,POSITIVE
tillvaxtkommentar.se,MX,NOERROR,0,NODATA
tillvaxtkommentar.se,TXT,NOERROR,0,NODATA
tillvaxtkommentar.se,NS,NOERROR,2,POSITIVE
tillvaxtkommentar.se,SOA,NOERROR,1,POSITIVE
tillvaxtkommentar.se,CAA,NOERROR,0,NODATA
tillvaxtkommentar.se,HTTPS,NXDOMAIN,0,NXDOMAIN
hallon.se,A,NOERROR,1,POSITIVE
hallon.se,AAAA,NOERROR,0,NODATA
hallon.se,MX,NOERROR,1,POSITIVE
hallon.se,TXT,ERROR,0,OTHER
hallon.se,NS,NOERROR,5,POSITIVE
hallon.se,SOA,NOERROR,1,POSITIVE
hallon.se,CAA,NOERROR,0,NODATA
hallon.se,HTTPS,NXDOMAIN,0,NXDOMAIN
mff.se,A,NOERROR,1,POSITIVE
mff.se,AAAA,NOERROR,0,NODATA
mff.se,MX,NOERROR,1,POSITIVE
mff.se,TXT,NOERROR,2,POSITIVE
mff.se,NS,NOERROR,4,POSITIVE
mff.se,SOA,NOERROR,1,POSITIVE
mff.se,CAA,NOERROR,0,NODATA
mff.se,HTTPS,NXDOMAIN,0,NXDOMAIN
ncc.se,A,NOERROR,1,POSITIVE
ncc.se,AAAA,NOERROR,0,NODATA
ncc.se,MX,NOERROR,1,POSITIVE
ncc.se,TXT,ERROR,0,OTHER
ncc.se,NS,NOERROR,2,POSITIVE
ncc.se,SOA,NOERROR,1,POSITIVE
ncc.se,CAA,NOERROR,0,NODATA
ncc.se,HTTPS,NXDOMAIN,0,NXDOMAIN
bookoutlet.se,A,NOERROR,3,POSITIVE
bookoutlet.se,AAAA,NOERROR,3,POSITIVE
bookoutlet.se,MX,NOERROR,2,POSITIVE
bookoutlet.se,TXT,NOERROR,5,POSITIVE
bookoutlet.se,NS,NOERROR,2,POSITIVE
bookoutlet.se,SOA,NOERROR,1,POSITIVE
bookoutlet.se,CAA,NOERROR,10,POSITIVE
bookoutlet.se,HTTPS,NXDOMAIN,0,NXDOMAIN
appland.se,A,SERVFAIL,0,OTHER
appland.se,AAAA,SERVFAIL,0,OTHER
appland.se,MX,SERVFAIL,0,OTHER
appland.se,TXT,SERVFAIL,0,OTHER
appland.se,NS,SERVFAIL,0,OTHER
appland.se,SOA,SERVFAIL,0,OTHER
appland.se,CAA,SERVFAIL,0,OTHER
appland.se,HTTPS,NXDOMAIN,0,NXDOMAIN
mobilestories.se,A,NOERROR,0,NODATA
mobilestories.se,AAAA,NOERROR,0,NODATA
mobilestories.se,MX,NOERROR,2,POSITIVE
mobilestories.se,TXT,NOERROR,3,POSITIVE
mobilestories.se,NS,NOERROR,2,POSITIVE
mobilestories.se,SOA,NOERROR,1,POSITIVE
mobilestories.se,CAA,NOERROR,0,NODATA
mobilestories.se,HTTPS,NXDOMAIN,0,NXDOMAIN
bukefalos.se,A,NOERROR,1,POSITIVE
bukefalos.se,AAAA,NOERROR,0,NODATA
bukefalos.se,MX,NOERROR,1,POSITIVE
bukefalos.se,TXT,NOERROR,1,POSITIVE
bukefalos.se,NS,NOERROR,6,POSITIVE
bukefalos.se,SOA,NOERROR,1,POSITIVE
bukefalos.se,CAA,NOERROR,0,NODATA
bukefalos.se,HTTPS,NXDOMAIN,0,NXDOMAIN
red-baron.se,A,NOERROR,2,POSITIVE
red-baron.se,AAAA,NOERROR,2,POSITIVE
red-baron.se,MX,NOERROR,0,NODATA
red-baron.se,TXT,NOERROR,0,NODATA
red-baron.se,NS,NOERROR,2,POSITIVE
red-baron.se,SOA,NOERROR,1,POSITIVE
red-baron.se,CAA,NOERROR,0,NODATA
red-baron.se,HTTPS,NXDOMAIN,0,NXDOMAIN
sendpul.se,A,NOERROR,1,POSITIVE
sendpul.se,AAAA,NOERROR,0,NODATA
sendpul.se,MX,NOERROR,0,NODATA
sendpul.se,TXT,NOERROR,2,POSITIVE
sendpul.se,NS,NOERROR,4,POSITIVE
sendpul.se,SOA,NOERROR,1,POSITIVE
sendpul.se,CAA,NOERROR,0,NODATA
sendpul.se,HTTPS,NXDOMAIN,0,NXDOMAIN
zisson.se,A,NOERROR,1,POSITIVE
zisson.se,AAAA,NOERROR,1,POSITIVE
zisson.se,MX,NOERROR,0,NODATA
zisson.se,TXT,NOERROR,1,POSITIVE
zisson.se,NS,NOERROR,2,POSITIVE
zisson.se,SOA,NOERROR,1,POSITIVE
zisson.se,CAA,NOERROR,0,NODATA
zisson.se,HTTPS,NXDOMAIN,0,NXDOMAIN
sva.se,A,NOERROR,2,POSITIVE
sva.se,AAAA,NOERROR,3,POSITIVE
sva.se,MX,NOERROR,1,POSITIVE
sva.se,TXT,ERROR,0,OTHER
sva.se,NS,NOERROR,4,POSITIVE
sva.se,SOA,NOERROR,1,POSITIVE
sva.se,CAA,NOERROR,0,NODATA
sva.se,HTTPS,NXDOMAIN,0,NXDOMAIN
afaforsakring.se,A,NOERROR,1,POSITIVE
afaforsakring.se,AAAA,NOERROR,0,NODATA
afaforsakring.se,MX,NOERROR,1,POSITIVE
afaforsakring.se,TXT,ERROR,0,OTHER
afaforsakring.se,NS,NOERROR,4,POSITIVE
afaforsakring.se,SOA,NOERROR,1,POSITIVE
afaforsakring.se,CAA,NOERROR,0,NODATA
afaforsakring.se,HTTPS,NXDOMAIN,0,NXDOMAIN
jarnvagsnyheter.se,A,NOERROR,2,POSITIVE
jarnvagsnyheter.se,AAAA,NOERROR,2,POSITIVE
jarnvagsnyheter.se,MX,NOERROR,0,NODATA
jarnvagsnyheter.se,TXT,NOERROR,0,NODATA
jarnvagsnyheter.se,NS,NOERROR,2,POSITIVE
jarnvagsnyheter.se,SOA,NOERROR,1,POSITIVE
jarnvagsnyheter.se,CAA,NOERROR,0,NODATA
jarnvagsnyheter.se,HTTPS,NXDOMAIN,0,NXDOMAIN
comhem.se,A,NOERROR,1,POSITIVE
comhem.se,AAAA,NOERROR,0,NODATA
comhem.se,MX,NOERROR,1,POSITIVE
comhem.se,TXT,ERROR,0,OTHER
comhem.se,NS,NOERROR,3,POSITIVE
comhem.se,SOA,NOERROR,1,POSITIVE
comhem.se,CAA,NOERROR,3,POSITIVE
comhem.se,HTTPS,NXDOMAIN,0,NXDOMAIN
nsd.se,A,NOERROR,4,POSITIVE
nsd.se,AAAA,NOERROR,0,NODATA
nsd.se,MX,NOERROR,2,POSITIVE
nsd.se,TXT,ERROR,0,OTHER
nsd.se,NS,NOERROR,5,POSITIVE
nsd.se,SOA,NOERROR,1,POSITIVE
nsd.se,CAA,NOERROR,0,NODATA
nsd.se,HTTPS,NXDOMAIN,0,NXDOMAIN
evenemangskalender.se,A,NOERROR,1,POSITIVE
evenemangskalender.se,AAAA,NOERROR,0,NODATA
evenemangskalender.se,MX,NOERROR,1,POSITIVE
evenemangskalender.se,TXT,NOERROR,2,POSITIVE
evenemangskalender.se,NS,NOERROR,4,POSITIVE
evenemangskalender.se,SOA,NOERROR,1,POSITIVE
evenemangskalender.se,CAA,NOERROR,0,NODATA
evenemangskalender.se,HTTPS,NXDOMAIN,0,NXDOMAIN
icefishinggame.se,A,NOERROR,2,POSITIVE
icefishinggame.se,AAAA,NOERROR,2,POSITIVE
icefishinggame.se,MX,NOERROR,0,NODATA
icefishinggame.se,TXT,NOERROR,0,NODATA
icefishinggame.se,NS,NOERROR,2,POSITIVE
icefishinggame.se,SOA,NOERROR,1,POSITIVE
icefishinggame.se,CAA,NOERROR,0,NODATA
icefishinggame.se,HTTPS,NXDOMAIN,0,NXDOMAIN
bokat.se,A,NOERROR,1,POSITIVE
bokat.se,AAAA,NOERROR,0,NODATA
bokat.se,MX,NOERROR,2,POSITIVE
bokat.se,TXT,NOERROR,2,POSITIVE
bokat.se,NS,NOERROR,2,POSITIVE
bokat.se,SOA,NOERROR,1,POSITIVE
bokat.se,CAA,NOERROR,0,NODATA
bokat.se,HTTPS,NXDOMAIN,0,NXDOMAIN
relaxt.se,A,NOERROR,1,POSITIVE
relaxt.se,AAAA,NOERROR,0,NODATA
relaxt.se,MX,NOERROR,1,POSITIVE
relaxt.se,TXT,NOERROR,1,POSITIVE
relaxt.se,NS,NOERROR,3,POSITIVE
relaxt.se,SOA,NOERROR,1,POSITIVE
relaxt.se,CAA,NOERROR,0,NODATA
relaxt.se,HTTPS,NXDOMAIN,0,NXDOMAIN
nyhetsinsikt.se,A,NOERROR,2,POSITIVE
nyhetsinsikt.se,AAAA,NOERROR,2,POSITIVE
nyhetsinsikt.se,MX,NOERROR,0,NODATA
nyhetsinsikt.se,TXT,NOERROR,0,NODATA
nyhetsinsikt.se,NS,NOERROR,2,POSITIVE
nyhetsinsikt.se,SOA,NOERROR,1,POSITIVE
nyhetsinsikt.se,CAA,NOERROR,0,NODATA
nyhetsinsikt.se,HTTPS,NXDOMAIN,0,NXDOMAIN
stoppapressarna.se,A,NOERROR,3,POSITIVE
stoppapressarna.se,AAAA,NOERROR,3,POSITIVE
stoppapressarna.se,MX,NOERROR,3,POSITIVE
stoppapressarna.se,TXT,NOERROR,4,POSITIVE
stoppapressarna.se,NS,NOERROR,2,POSITIVE
stoppapressarna.se,SOA,NOERROR,1,POSITIVE
stoppapressarna.se,CAA,NOERROR,10,POSITIVE
stoppapressarna.se,HTTPS,NXDOMAIN,0,NXDOMAIN
tankeriktning.se,A,NOERROR,2,POSITIVE
tankeriktning.se,AAAA,NOERROR,2,POSITIVE
tankeriktning.se,MX,NOERROR,0,NODATA
tankeriktning.se,TXT,NOERROR,0,NODATA
tankeriktning.se,NS,NOERROR,2,POSITIVE
tankeriktning.se,SOA,NOERROR,1,POSITIVE
tankeriktning.se,CAA,NOERROR,0,NODATA
tankeriktning.se,HTTPS,NXDOMAIN,0,NXDOMAIN
swm.pp.se,A,NOERROR,1,POSITIVE
swm.pp.se,AAAA,NOERROR,1,POSITIVE
swm.pp.se,MX,NOERROR,1,POSITIVE
swm.pp.se,TXT,NOERROR,2,POSITIVE
swm.pp.se,NS,NOERROR,5,POSITIVE
swm.pp.se,SOA,NOERROR,1,POSITIVE
swm.pp.se,CAA,NOERROR,2,POSITIVE
swm.pp.se,HTTPS,NXDOMAIN,0,NXDOMAIN
testbed.se,A,NOERROR,1,POSITIVE
testbed.se,AAAA,NOERROR,0,NODATA
testbed.se,MX,NOERROR,1,POSITIVE
testbed.se,TXT,NOERROR,1,POSITIVE
testbed.se,NS,NOERROR,2,POSITIVE
testbed.se,SOA,NOERROR,1,POSITIVE
testbed.se,CAA,NOERROR,0,NODATA
testbed.se,HTTPS,NXDOMAIN,0,NXDOMAIN
esky.se,A,NOERROR,2,POSITIVE
esky.se,AAAA,NOERROR,0,NODATA
esky.se,MX,NOERROR,1,POSITIVE
esky.se,TXT,NOERROR,4,POSITIVE
esky.se,NS,NOERROR,6,POSITIVE
esky.se,SOA,NOERROR,1,POSITIVE
esky.se,CAA,NOERROR,0,NODATA
esky.se,HTTPS,NXDOMAIN,0,NXDOMAIN
delitea.se,A,NOERROR,3,POSITIVE
delitea.se,AAAA,NOERROR,3,POSITIVE
delitea.se,MX,NOERROR,5,POSITIVE
delitea.se,TXT,ERROR,0,OTHER
delitea.se,NS,NOERROR,2,POSITIVE
delitea.se,SOA,NOERROR,1,POSITIVE
delitea.se,CAA,NOERROR,0,NODATA
delitea.se,HTTPS,NXDOMAIN,0,NXDOMAIN
bus4you.se,A,NOERROR,4,POSITIVE
bus4you.se,AAAA,NOERROR,0,NODATA
bus4you.se,MX,NOERROR,1,POSITIVE
bus4you.se,TXT,ERROR,0,OTHER
bus4you.se,NS,NOERROR,4,POSITIVE
bus4you.se,SOA,NOERROR,1,POSITIVE
bus4you.se,CAA,NOERROR,0,NODATA
bus4you.se,HTTPS,NXDOMAIN,0,NXDOMAIN
autoscout24.se,A,NOERROR,4,POSITIVE
autoscout24.se,AAAA,NOERROR,0,NODATA
autoscout24.se,MX,NOERROR,1,POSITIVE
autoscout24.se,TXT,NOERROR,3,POSITIVE
autoscout24.se,NS,NOERROR,4,POSITIVE
autoscout24.se,SOA,NOERROR,1,POSITIVE
autoscout24.se,CAA,NOERROR,0,NODATA
autoscout24.se,HTTPS,NXDOMAIN,0,NXDOMAIN
visa.se,A,NOERROR,2,POSITIVE
visa.se,AAAA,NOERROR,0,NODATA
visa.se,MX,NOERROR,0,NODATA
visa.se,TXT,NOERROR,7,POSITIVE
visa.se,NS,NOERROR,3,POSITIVE
visa.se,SOA,NOERROR,1,POSITIVE
visa.se,CAA,NOERROR,1,POSITIVE
visa.se,HTTPS,NXDOMAIN,0,NXDOMAIN
mrjet.se,A,NOERROR,2,POSITIVE
mrjet.se,AAAA,NOERROR,2,POSITIVE
mrjet.se,MX,NOERROR,2,POSITIVE
mrjet.se,TXT,NOERROR,7,POSITIVE
mrjet.se,NS,NOERROR,10,POSITIVE
mrjet.se,SOA,NOERROR,1,POSITIVE
mrjet.se,CAA,NOERROR,0,NODATA
mrjet.se,HTTPS,NXDOMAIN,0,NXDOMAIN
nyaludvikatidning.se,A,NOERROR,1,POSITIVE
nyaludvikatidning.se,AAAA,NOERROR,0,NODATA
nyaludvikatidning.se,MX,NOERROR,5,POSITIVE
nyaludvikatidning.se,TXT,NOERROR,3,POSITIVE
nyaludvikatidning.se,NS,NOERROR,4,POSITIVE
nyaludvikatidning.se,SOA,NOERROR,1,POSITIVE
nyaludvikatidning.se,CAA,NOERROR,0,NODATA
nyaludvikatidning.se,HTTPS,NXDOMAIN,0,NXDOMAIN
homeq.se,A,NOERROR,1,POSITIVE
homeq.se,AAAA,NOERROR,0,NODATA
homeq.se,MX,NOERROR,5,POSITIVE
homeq.se,TXT,NOERROR,6,POSITIVE
homeq.se,NS,NOERROR,2,POSITIVE
homeq.se,SOA,NOERROR,1,POSITIVE
homeq.se,CAA,NOERROR,0,NODATA
homeq.se,HTTPS,NXDOMAIN,0,NXDOMAIN
datahou.se,A,NOERROR,0,NODATA
datahou.se,AAAA,NOERROR,0,NODATA
datahou.se,MX,NOERROR,0,NODATA
datahou.se,TXT,NOERROR,0,NODATA
datahou.se,NS,NOERROR,4,POSITIVE
datahou.se,SOA,NOERROR,1,POSITIVE
datahou.se,CAA,NOERROR,0,NODATA
datahou.se,HTTPS,NXDOMAIN,0,NXDOMAIN
pts.se,A,NOERROR,1,POSITIVE
pts.se,AAAA,NOERROR,1,POSITIVE
pts.se,MX,NOERROR,1,POSITIVE
pts.se,TXT,ERROR,0,OTHER
pts.se,NS,NOERROR,4,POSITIVE
pts.se,SOA,NOERROR,1,POSITIVE
pts.se,CAA,NOERROR,2,POSITIVE
pts.se,HTTPS,NXDOMAIN,0,NXDOMAIN
vardagsrapport.se,A,NOERROR,2,POSITIVE
vardagsrapport.se,AAAA,NOERROR,2,POSITIVE
vardagsrapport.se,MX,NOERROR,0,NODATA
vardagsrapport.se,TXT,NOERROR,0,NODATA
vardagsrapport.se,NS,NOERROR,2,POSITIVE
vardagsrapport.se,SOA,NOERROR,1,POSITIVE
vardagsrapport.se,CAA,NOERROR,0,NODATA
vardagsrapport.se,HTTPS,NXDOMAIN,0,NXDOMAIN
shl.se,A,NOERROR,2,POSITIVE
shl.se,AAAA,NOERROR,2,POSITIVE
shl.se,MX,NOERROR,1,POSITIVE
shl.se,TXT,ERROR,0,OTHER
shl.se,NS,NOERROR,2,POSITIVE
shl.se,SOA,NOERROR,1,POSITIVE
shl.se,CAA,NOERROR,0,NODATA
shl.se,HTTPS,NXDOMAIN,0,NXDOMAIN
pensionsmyndigheten.se,A,NOERROR,1,POSITIVE
pensionsmyndigheten.se,AAAA,NOERROR,1,POSITIVE
pensionsmyndigheten.se,MX,NOERROR,2,POSITIVE
pensionsmyndigheten.se,TXT,NOERROR,5,POSITIVE
pensionsmyndigheten.se,NS,NOERROR,6,POSITIVE
pensionsmyndigheten.se,SOA,NOERROR,1,POSITIVE
pensionsmyndigheten.se,CAA,NOERROR,3,POSITIVE
pensionsmyndigheten.se,HTTPS,NXDOMAIN,0,NXDOMAIN
1o.se,A,NOERROR,1,POSITIVE
1o.se,AAAA,NOERROR,0,NODATA
1o.se,MX,NOERROR,1,POSITIVE
1o.se,TXT,NOERROR,3,POSITIVE
1o.se,NS,NOERROR,3,POSITIVE
1o.se,SOA,NOERROR,1,POSITIVE
1o.se,CAA,NOERROR,0,NODATA
1o.se,HTTPS,NXDOMAIN,0,NXDOMAIN
kortea.se,A,NOERROR,1,POSITIVE
kortea.se,AAAA,NOERROR,0,NODATA
kortea.se,MX,NOERROR,1,POSITIVE
kortea.se,TXT,NOERROR,0,NODATA
kortea.se,NS,NOERROR,2,POSITIVE
kortea.se,SOA,NOERROR,1,POSITIVE
kortea.se,CAA,NOERROR,0,NODATA
kortea.se,HTTPS,NXDOMAIN,0,NXDOMAIN
teknikkompassen.se,A,NOERROR,2,POSITIVE
teknikkompassen.se,AAAA,NOERROR,2,POSITIVE
teknikkompassen.se,MX,NOERROR,0,NODATA
teknikkompassen.se,TXT,NOERROR,0,NODATA
teknikkompassen.se,NS,NOERROR,2,POSITIVE
teknikkompassen.se,SOA,NOERROR,1,POSITIVE
teknikkompassen.se,CAA,NOERROR,0,NODATA
teknikkompassen.se,HTTPS,NXDOMAIN,0,NXDOMAIN
zafena.se,A,NOERROR,1,POSITIVE
zafena.se,AAAA,NOERROR,0,NODATA
zafena.se,MX,NOERROR,2,POSITIVE
zafena.se,TXT,NOERROR,1,POSITIVE
zafena.se,NS,NOERROR,2,POSITIVE
zafena.se,SOA,NOERROR,1,POSITIVE
zafena.se,CAA,NOERROR,0,NODATA
zafena.se,HTTPS,NXDOMAIN,0,NXDOMAIN
teoricentralen.se,A,NOERROR,2,POSITIVE
teoricentralen.se,AAAA,NOERROR,2,POSITIVE
teoricentralen.se,MX,NOERROR,5,POSITIVE
teoricentralen.se,TXT,NOERROR,2,POSITIVE
teoricentralen.se,NS,NOERROR,2,POSITIVE
teoricentralen.se,SOA,NOERROR,1,POSITIVE
teoricentralen.se,CAA,NOERROR,0,NODATA
teoricentralen.se,HTTPS,NXDOMAIN,0,NXDOMAIN
kumlagk.se,A,NOERROR,1,POSITIVE
kumlagk.se,AAAA,NOERROR,0,NODATA
kumlagk.se,MX,NOERROR,1,POSITIVE
kumlagk.se,TXT,NOERROR,2,POSITIVE
kumlagk.se,NS,NOERROR,6,POSITIVE
kumlagk.se,SOA,NOERROR,1,POSITIVE
kumlagk.se,CAA,NOERROR,0,NODATA
kumlagk.se,HTTPS,NXDOMAIN,0,NXDOMAIN
nextwavetech.se,A,NOERROR,2,POSITIVE
nextwavetech.se,AAAA,NOERROR,2,POSITIVE
nextwavetech.se,MX,NOERROR,0,NODATA
nextwavetech.se,TXT,NOERROR,0,NODATA
nextwavetech.se,NS,NOERROR,2,POSITIVE
nextwavetech.se,SOA,NOERROR,1,POSITIVE
nextwavetech.se,CAA,NOERROR,0,NODATA
nextwavetech.se,HTTPS,NXDOMAIN,0,NXDOMAIN
silva.se,A,NOERROR,1,POSITIVE
silva.se,AAAA,NOERROR,0,NODATA
silva.se,MX,NOERROR,1,POSITIVE
silva.se,TXT,NOERROR,6,POSITIVE
silva.se,NS,NOERROR,2,POSITIVE
silva.se,SOA,NOERROR,1,POSITIVE
silva.se,CAA,NOERROR,0,NODATA
silva.se,HTTPS,NXDOMAIN,0,NXDOMAIN
nearcloud.se,A,NOERROR,2,POSITIVE
nearcloud.se,AAAA,NOERROR,2,POSITIVE
nearcloud.se,MX,NOERROR,1,POSITIVE
nearcloud.se,TXT,NOERROR,3,POSITIVE
nearcloud.se,NS,NOERROR,2,POSITIVE
nearcloud.se,SOA,NOERROR,1,POSITIVE
nearcloud.se,CAA,NOERROR,0,NODATA
nearcloud.se,HTTPS,NXDOMAIN,0,NXDOMAIN
popularabagerier.se,A,NOERROR,2,POSITIVE
popularabagerier.se,AAAA,NOERROR,2,POSITIVE
popularabagerier.se,MX,NOERROR,2,POSITIVE
popularabagerier.se,TXT,NOERROR,0,NODATA
popularabagerier.se,NS,NOERROR,2,POSITIVE
popularabagerier.se,SOA,NOERROR,1,POSITIVE
popularabagerier.se,CAA,NOERROR,0,NODATA
popularabagerier.se,HTTPS,NXDOMAIN,0,NXDOMAIN
pcforalla.se,A,NOERROR,1,POSITIVE
pcforalla.se,AAAA,NOERROR,0,NODATA
pcforalla.se,MX,NOERROR,2,POSITIVE
pcforalla.se,TXT,NOERROR,5,POSITIVE
pcforalla.se,NS,NOERROR,2,POSITIVE
pcforalla.se,SOA,NOERROR,1,POSITIVE
pcforalla.se,CAA,NOERROR,0,NODATA
pcforalla.se,HTTPS,NXDOMAIN,0,NXDOMAIN
anicura.se,A,NOERROR,1,POSITIVE
anicura.se,AAAA,NOERROR,0,NODATA
anicura.se,MX,NOERROR,1,POSITIVE
anicura.se,TXT,ERROR,0,OTHER
anicura.se,NS,NOERROR,4,POSITIVE
anicura.se,SOA,NOERROR,1,POSITIVE
anicura.se,CAA,NOERROR,0,NODATA
anicura.se,HTTPS,NXDOMAIN,0,NXDOMAIN
seb.se,A,NOERROR,1,POSITIVE
seb.se,AAAA,NOERROR,0,NODATA
seb.se,MX,NOERROR,6,POSITIVE
seb.se,TXT,ERROR,0,OTHER
seb.se,NS,NOERROR,4,POSITIVE
seb.se,SOA,NOERROR,1,POSITIVE
seb.se,CAA,NOERROR,9,POSITIVE
seb.se,HTTPS,NXDOMAIN,0,NXDOMAIN
svd.se,A,NOERROR,2,POSITIVE
svd.se,AAAA,NOERROR,0,NODATA
svd.se,MX,NOERROR,5,POSITIVE
svd.se,TXT,ERROR,0,OTHER
svd.se,NS,NOERROR,4,POSITIVE
svd.se,SOA,NOERROR,1,POSITIVE
svd.se,CAA,NOERROR,7,POSITIVE
svd.se,HTTPS,NXDOMAIN,0,NXDOMAIN
strawberry.se,A,NOERROR,4,POSITIVE
strawberry.se,AAAA,NOERROR,12,POSITIVE
strawberry.se,MX,NOERROR,9,POSITIVE
strawberry.se,TXT,ERROR,0,OTHER
strawberry.se,NS,NOERROR,4,POSITIVE
strawberry.se,SOA,NOERROR,1,POSITIVE
strawberry.se,CAA,NOERROR,5,POSITIVE
strawberry.se,HTTPS,NXDOMAIN,0,NXDOMAIN
aditor.se,A,NOERROR,1,POSITIVE
aditor.se,AAAA,NOERROR,0,NODATA
aditor.se,MX,NOERROR,1,POSITIVE
aditor.se,TXT,ERROR,0,OTHER
aditor.se,NS,NOERROR,2,POSITIVE
aditor.se,SOA,NOERROR,1,POSITIVE
aditor.se,CAA,NOERROR,0,NODATA
aditor.se,HTTPS,NXDOMAIN,0,NXDOMAIN
bkhacken.se,A,NOERROR,1,POSITIVE
bkhacken.se,AAAA,NOERROR,0,NODATA
bkhacken.se,MX,NOERROR,1,POSITIVE
bkhacken.se,TXT,NOERROR,2,POSITIVE
bkhacken.se,NS,NOERROR,2,POSITIVE
bkhacken.se,SOA,NOERROR,1,POSITIVE
bkhacken.se,CAA,NOERROR,0,NODATA
bkhacken.se,HTTPS,NXDOMAIN,0,NXDOMAIN
gearloop.se,A,NOERROR,2,POSITIVE
gearloop.se,AAAA,NOERROR,2,POSITIVE
gearloop.se,MX,NOERROR,2,POSITIVE
gearloop.se,TXT,NOERROR,3,POSITIVE
gearloop.se,NS,NOERROR,2,POSITIVE
gearloop.se,SOA,NOERROR,1,POSITIVE
gearloop.se,CAA,NOERROR,0,NODATA
gearloop.se,HTTPS,NXDOMAIN,0,NXDOMAIN
otakuu.se,A,NXDOMAIN,0,NXDOMAIN
otakuu.se,AAAA,NXDOMAIN,0,NXDOMAIN
otakuu.se,MX,NXDOMAIN,0,NXDOMAIN
otakuu.se,TXT,NXDOMAIN,0,NXDOMAIN
otakuu.se,NS,NXDOMAIN,0,NXDOMAIN
otakuu.se,SOA,NXDOMAIN,0,NXDOMAIN
otakuu.se,CAA,NXDOMAIN,0,NXDOMAIN
otakuu.se,HTTPS,NXDOMAIN,0,NXDOMAIN
emp-shop.se,A,NOERROR,1,POSITIVE
emp-shop.se,AAAA,NOERROR,0,NODATA
emp-shop.se,MX,NOERROR,2,POSITIVE
emp-shop.se,TXT,NOERROR,8,POSITIVE
emp-shop.se,NS,NOERROR,3,POSITIVE
emp-shop.se,SOA,NOERROR,1,POSITIVE
emp-shop.se,CAA,ERROR,0,OTHER
emp-shop.se,HTTPS,NXDOMAIN,0,NXDOMAIN
samhallston.se,A,NOERROR,2,POSITIVE
samhallston.se,AAAA,NOERROR,2,POSITIVE
samhallston.se,MX,NOERROR,0,NODATA
samhallston.se,TXT,NOERROR,0,NODATA
samhallston.se,NS,NOERROR,2,POSITIVE
samhallston.se,SOA,NOERROR,1,POSITIVE
samhallston.se,CAA,NOERROR,0,NODATA
samhallston.se,HTTPS,NXDOMAIN,0,NXDOMAIN
mcf.se,A,NOERROR,1,POSITIVE
mcf.se,AAAA,NOERROR,1,POSITIVE
mcf.se,MX,NOERROR,2,POSITIVE
mcf.se,TXT,NOERROR,3,POSITIVE
mcf.se,NS,NOERROR,5,POSITIVE
mcf.se,SOA,NOERROR,1,POSITIVE
mcf.se,CAA,NOERROR,5,POSITIVE
mcf.se,HTTPS,NXDOMAIN,0,NXDOMAIN
skonhetskartan.se,A,NOERROR,2,POSITIVE
skonhetskartan.se,AAAA,NOERROR,2,POSITIVE
skonhetskartan.se,MX,NOERROR,2,POSITIVE
skonhetskartan.se,TXT,NOERROR,0,NODATA
skonhetskartan.se,NS,NOERROR,2,POSITIVE
skonhetskartan.se,SOA,NOERROR,1,POSITIVE
skonhetskartan.se,CAA,NOERROR,0,NODATA
skonhetskartan.se,HTTPS,NXDOMAIN,0,NXDOMAIN
mollyandmy.se,A,NOERROR,1,POSITIVE
mollyandmy.se,AAAA,NOERROR,0,NODATA
mollyandmy.se,MX,NOERROR,1,POSITIVE
mollyandmy.se,TXT,ERROR,0,OTHER
mollyandmy.se,NS,NOERROR,4,POSITIVE
mollyandmy.se,SOA,NOERROR,1,POSITIVE
mollyandmy.se,CAA,NOERROR,0,NODATA
mollyandmy.se,HTTPS,NXDOMAIN,0,NXDOMAIN
siljannews.se,A,NOERROR,1,POSITIVE
siljannews.se,AAAA,NOERROR,0,NODATA
siljannews.se,MX,NOERROR,2,POSITIVE
siljannews.se,TXT,NOERROR,2,POSITIVE
siljannews.se,NS,NOERROR,2,POSITIVE
siljannews.se,SOA,NOERROR,1,POSITIVE
siljannews.se,CAA,NOERROR,0,NODATA
siljannews.se,HTTPS,NXDOMAIN,0,NXDOMAIN
thatsup.se,A,NOERROR,3,POSITIVE
thatsup.se,AAAA,NOERROR,3,POSITIVE
thatsup.se,MX,NOERROR,5,POSITIVE
thatsup.se,TXT,ERROR,0,OTHER
thatsup.se,NS,NOERROR,2,POSITIVE
thatsup.se,SOA,NOERROR,1,POSITIVE
thatsup.se,CAA,NOERROR,0,NODATA
thatsup.se,HTTPS,NXDOMAIN,0,NXDOMAIN
reservdelaronline.se,A,NOERROR,1,POSITIVE
reservdelaronline.se,AAAA,NOERROR,0,NODATA
reservdelaronline.se,MX,NOERROR,1,POSITIVE
reservdelaronline.se,TXT,NOERROR,3,POSITIVE
reservdelaronline.se,NS,NOERROR,2,POSITIVE
reservdelaronline.se,SOA,NOERROR,1,POSITIVE
reservdelaronline.se,CAA,NOERROR,0,NODATA
reservdelaronline.se,HTTPS,NXDOMAIN,0,NXDOMAIN
dnbportal.se,A,NOERROR,2,POSITIVE
dnbportal.se,AAAA,NOERROR,2,POSITIVE
dnbportal.se,MX,NOERROR,1,POSITIVE
dnbportal.se,TXT,NOERROR,2,POSITIVE
dnbportal.se,NS,NOERROR,6,POSITIVE
dnbportal.se,SOA,NOERROR,1,POSITIVE
dnbportal.se,CAA,NOERROR,0,NODATA
dnbportal.se,HTTPS,NXDOMAIN,0,NXDOMAIN
automotorsport.se,A,NOERROR,1,POSITIVE
automotorsport.se,AAAA,NOERROR,0,NODATA
automotorsport.se,MX,NOERROR,1,POSITIVE
automotorsport.se,TXT,NOERROR,4,POSITIVE
automotorsport.se,NS,NOERROR,4,POSITIVE
automotorsport.se,SOA,NOERROR,1,POSITIVE
automotorsport.se,CAA,NOERROR,0,NODATA
automotorsport.se,HTTPS,NXDOMAIN,0,NXDOMAIN
unifaunonline.se,A,NOERROR,1,POSITIVE
unifaunonline.se,AAAA,NOERROR,0,NODATA
unifaunonline.se,MX,NOERROR,1,POSITIVE
unifaunonline.se,TXT,NOERROR,2,POSITIVE
unifaunonline.se,NS,NOERROR,5,POSITIVE
unifaunonline.se,SOA,NOERROR,1,POSITIVE
unifaunonline.se,CAA,NOERROR,0,NODATA
unifaunonline.se,HTTPS,NXDOMAIN,0,NXDOMAIN
spiris.se,A,NOERROR,2,POSITIVE
spiris.se,AAAA,NOERROR,2,POSITIVE
spiris.se,MX,NOERROR,1,POSITIVE
spiris.se,TXT,ERROR,0,OTHER
spiris.se,NS,NOERROR,2,POSITIVE
spiris.se,SOA,NOERROR,1,POSITIVE
spiris.se,CAA,NOERROR,0,NODATA
spiris.se,HTTPS,NXDOMAIN,0,NXDOMAIN
vklass.se,A,NOERROR,1,POSITIVE
vklass.se,AAAA,NOERROR,0,NODATA
vklass.se,MX,NOERROR,5,POSITIVE
vklass.se,TXT,ERROR,0,OTHER
vklass.se,NS,NOERROR,2,POSITIVE
vklass.se,SOA,NOERROR,1,POSITIVE
vklass.se,CAA,NOERROR,0,NODATA
vklass.se,HTTPS,NXDOMAIN,0,NXDOMAIN
bloggkanalen.se,A,NOERROR,2,POSITIVE
bloggkanalen.se,AAAA,NOERROR,2,POSITIVE
bloggkanalen.se,MX,NOERROR,0,NODATA
bloggkanalen.se,TXT,NOERROR,0,NODATA
bloggkanalen.se,NS,NOERROR,2,POSITIVE
bloggkanalen.se,SOA,NOERROR,1,POSITIVE
bloggkanalen.se,CAA,NOERROR,0,NODATA
bloggkanalen.se,HTTPS,NXDOMAIN,0,NXDOMAIN
icecat.se,A,NOERROR,1,POSITIVE
icecat.se,AAAA,NOERROR,0,NODATA
icecat.se,MX,NOERROR,1,POSITIVE
icecat.se,TXT,NOERROR,2,POSITIVE
icecat.se,NS,NOERROR,4,POSITIVE
icecat.se,SOA,NOERROR,1,POSITIVE
icecat.se,CAA,NOERROR,1,POSITIVE
icecat.se,HTTPS,NXDOMAIN,0,NXDOMAIN
boldfuture.se,A,NOERROR,2,POSITIVE
boldfuture.se,AAAA,NOERROR,2,POSITIVE
boldfuture.se,MX,NOERROR,0,NODATA
boldfuture.se,TXT,NOERROR,0,NODATA
boldfuture.se,NS,NOERROR,2,POSITIVE
boldfuture.se,SOA,NOERROR,1,POSITIVE
boldfuture.se,CAA,NOERROR,0,NODATA
boldfuture.se,HTTPS,NXDOMAIN,0,NXDOMAIN
zmarta.se,A,NOERROR,4,POSITIVE
zmarta.se,AAAA,NOERROR,0,NODATA
zmarta.se,MX,NOERROR,1,POSITIVE
zmarta.se,TXT,ERROR,0,OTHER
zmarta.se,NS,NOERROR,4,POSITIVE
zmarta.se,SOA,NOERROR,1,POSITIVE
zmarta.se,CAA,NOERROR,0,NODATA
zmarta.se,HTTPS,NXDOMAIN,0,NXDOMAIN
insiktsarenan.se,A,NOERROR,2,POSITIVE
insiktsarenan.se,AAAA,NOERROR,2,POSITIVE
insiktsarenan.se,MX,NOERROR,0,NODATA
insiktsarenan.se,TXT,NOERROR,0,NODATA
insiktsarenan.se,NS,NOERROR,2,POSITIVE
insiktsarenan.se,SOA,NOERROR,1,POSITIVE
insiktsarenan.se,CAA,NOERROR,0,NODATA
insiktsarenan.se,HTTPS,NXDOMAIN,0,NXDOMAIN
trafikskolaonline.se,A,NOERROR,1,POSITIVE
trafikskolaonline.se,AAAA,NOERROR,0,NODATA
trafikskolaonline.se,MX,NOERROR,5,POSITIVE
trafikskolaonline.se,TXT,ERROR,0,OTHER
trafikskolaonline.se,NS,NOERROR,4,POSITIVE
trafikskolaonline.se,SOA,NOERROR,1,POSITIVE
trafikskolaonline.se,CAA,NOERROR,0,NODATA
trafikskolaonline.se,HTTPS,NXDOMAIN,0,NXDOMAIN
teknikstrategen.se,A,NOERROR,2,POSITIVE
teknikstrategen.se,AAAA,NOERROR,2,POSITIVE
teknikstrategen.se,MX,NOERROR,0,NODATA
teknikstrategen.se,TXT,NOERROR,0,NODATA
teknikstrategen.se,NS,NOERROR,2,POSITIVE
teknikstrategen.se,SOA,NOERROR,1,POSITIVE
teknikstrategen.se,CAA,NOERROR,0,NODATA
teknikstrategen.se,HTTPS,NXDOMAIN,0,NXDOMAIN
viacon.se,A,NOERROR,1,POSITIVE
viacon.se,AAAA,NOERROR,0,NODATA
viacon.se,MX,NOERROR,1,POSITIVE
viacon.se,TXT,NOERROR,2,POSITIVE
viacon.se,NS,NOERROR,4,POSITIVE
viacon.se,SOA,NOERROR,1,POSITIVE
viacon.se,CAA,NOERROR,0,NODATA
viacon.se,HTTPS,NXDOMAIN,0,NXDOMAIN
evify.se,A,NOERROR,2,POSITIVE
evify.se,AAAA,NOERROR,0,NODATA
evify.se,MX,NOERROR,5,POSITIVE
evify.se,TXT,NOERROR,4,POSITIVE
evify.se,NS,NOERROR,2,POSITIVE
evify.se,SOA,NOERROR,1,POSITIVE
evify.se,CAA,NOERROR,0,NODATA
evify.se,HTTPS,NXDOMAIN,0,NXDOMAIN
trafiktestet.se,A,NOERROR,1,POSITIVE
trafiktestet.se,AAAA,NOERROR,1,POSITIVE
trafiktestet.se,MX,NOERROR,2,POSITIVE
trafiktestet.se,TXT,NOERROR,2,POSITIVE
trafiktestet.se,NS,NOERROR,2,POSITIVE
trafiktestet.se,SOA,NOERROR,1,POSITIVE
trafiktestet.se,CAA,NOERROR,0,NODATA
trafiktestet.se,HTTPS,NXDOMAIN,0,NXDOMAIN
historiska.se,A,NOERROR,1,POSITIVE
historiska.se,AAAA,NOERROR,0,NODATA
historiska.se,MX,NOERROR,1,POSITIVE
historiska.se,TXT,ERROR,0,OTHER
historiska.se,NS,NOERROR,4,POSITIVE
historiska.se,SOA,NOERROR,1,POSITIVE
historiska.se,CAA,NOERROR,0,NODATA
historiska.se,HTTPS,NXDOMAIN,0,NXDOMAIN
travzonen.se,A,NOERROR,1,POSITIVE
travzonen.se,AAAA,NOERROR,1,POSITIVE
travzonen.se,MX,NOERROR,1,POSITIVE
travzonen.se,TXT,NOERROR,1,POSITIVE
travzonen.se,NS,NOERROR,2,POSITIVE
travzonen.se,SOA,NOERROR,1,POSITIVE
travzonen.se,CAA,NOERROR,0,NODATA
travzonen.se,HTTPS,NXDOMAIN,0,NXDOMAIN
baraenkakatill.se,A,NOERROR,1,POSITIVE
baraenkakatill.se,AAAA,NOERROR,0,NODATA
baraenkakatill.se,MX,NOERROR,1,POSITIVE
baraenkakatill.se,TXT,NOERROR,1,POSITIVE
baraenkakatill.se,NS,NOERROR,2,POSITIVE
baraenkakatill.se,SOA,NOERROR,1,POSITIVE
baraenkakatill.se,CAA,NOERROR,0,NODATA
baraenkakatill.se,HTTPS,NXDOMAIN,0,NXDOMAIN
takarbeten-halmstad.se,A,NOERROR,1,POSITIVE
takarbeten-halmstad.se,AAAA,NOERROR,0,NODATA
takarbeten-halmstad.se,MX,NOERROR,2,POSITIVE
takarbeten-halmstad.se,TXT,NOERROR,0,NODATA
takarbeten-halmstad.se,NS,NOERROR,2,POSITIVE
takarbeten-halmstad.se,SOA,NOERROR,1,POSITIVE
takarbeten-halmstad.se,CAA,NOERROR,0,NODATA
takarbeten-halmstad.se,HTTPS,NXDOMAIN,0,NXDOMAIN
smarteye.se,A,NOERROR,1,POSITIVE
smarteye.se,AAAA,NOERROR,0,NODATA
smarteye.se,MX,NOERROR,1,POSITIVE
smarteye.se,TXT,ERROR,0,OTHER
smarteye.se,NS,NOERROR,2,POSITIVE
smarteye.se,SOA,NOERROR,1,POSITIVE
smarteye.se,CAA,NOERROR,0,NODATA
smarteye.se,HTTPS,NXDOMAIN,0,NXDOMAIN
bikeline.se,A,NOERROR,2,POSITIVE
bikeline.se,AAAA,NOERROR,2,POSITIVE
bikeline.se,MX,NOERROR,0,NODATA
bikeline.se,TXT,NOERROR,1,POSITIVE
bikeline.se,NS,NOERROR,2,POSITIVE
bikeline.se,SOA,NOERROR,1,POSITIVE
bikeline.se,CAA,NOERROR,0,NODATA
bikeline.se,HTTPS,NXDOMAIN,0,NXDOMAIN
proshop.se,A,NOERROR,2,POSITIVE
proshop.se,AAAA,NOERROR,2,POSITIVE
proshop.se,MX,NOERROR,1,POSITIVE
proshop.se,TXT,ERROR,0,OTHER
proshop.se,NS,NOERROR,2,POSITIVE
proshop.se,SOA,NOERROR,1,POSITIVE
proshop.se,CAA,NOERROR,0,NODATA
proshop.se,HTTPS,NXDOMAIN,0,NXDOMAIN
stupi.se,A,ERROR,0,OTHER
stupi.se,AAAA,NOERROR,0,NODATA
stupi.se,MX,NOERROR,1,POSITIVE
stupi.se,TXT,NOERROR,1,POSITIVE
stupi.se,NS,NOERROR,4,POSITIVE
stupi.se,SOA,NOERROR,1,POSITIVE
stupi.se,CAA,NOERROR,0,NODATA
stupi.se,HTTPS,NXDOMAIN,0,NXDOMAIN
ekonomiriktning.se,A,NOERROR,2,POSITIVE
ekonomiriktning.se,AAAA,NOERROR,2,POSITIVE
ekonomiriktning.se,MX,NOERROR,0,NODATA
ekonomiriktning.se,TXT,NOERROR,0,NODATA
ekonomiriktning.se,NS,NOERROR,2,POSITIVE
ekonomiriktning.se,SOA,NOERROR,1,POSITIVE
ekonomiriktning.se,CAA,NOERROR,0,NODATA
ekonomiriktning.se,HTTPS,NXDOMAIN,0,NXDOMAIN
kronofogden.se,A,NOERROR,1,POSITIVE
kronofogden.se,AAAA,NOERROR,1,POSITIVE
kronofogden.se,MX,NOERROR,3,POSITIVE
kronofogden.se,TXT,ERROR,0,OTHER
kronofogden.se,NS,NOERROR,7,POSITIVE
kronofogden.se,SOA,NOERROR,1,POSITIVE
kronofogden.se,CAA,NOERROR,5,POSITIVE
kronofogden.se,HTTPS,NXDOMAIN,0,NXDOMAIN
atg.se,A,NOERROR,1,POSITIVE
atg.se,AAAA,NOERROR,0,NODATA
atg.se,MX,NOERROR,1,POSITIVE
atg.se,TXT,ERROR,0,OTHER
atg.se,NS,NOERROR,4,POSITIVE
atg.se,SOA,NOERROR,1,POSITIVE
atg.se,CAA,NOERROR,0,NODATA
atg.se,HTTPS,NXDOMAIN,0,NXDOMAIN
luxplus.se,A,NOERROR,3,POSITIVE
luxplus.se,AAAA,NOERROR,3,POSITIVE
luxplus.se,MX,NOERROR,1,POSITIVE
luxplus.se,TXT,NOERROR,6,POSITIVE
luxplus.se,NS,NOERROR,2,POSITIVE
luxplus.se,SOA,NOERROR,1,POSITIVE
luxplus.se,CAA,NOERROR,0,NODATA
luxplus.se,HTTPS,NXDOMAIN,0,NXDOMAIN
lyreco.se,A,NOERROR,1,POSITIVE
lyreco.se,AAAA,NOERROR,0,NODATA
lyreco.se,MX,NOERROR,0,NODATA
lyreco.se,TXT,NOERROR,3,POSITIVE
lyreco.se,NS,NOERROR,2,POSITIVE
lyreco.se,SOA,NOERROR,1,POSITIVE
lyreco.se,CAA,NOERROR,0,NODATA
lyreco.se,HTTPS,NXDOMAIN,0,NXDOMAIN
uret.se,A,NOERROR,4,POSITIVE
uret.se,AAAA,NOERROR,0,NODATA
uret.se,MX,NOERROR,1,POSITIVE
uret.se,TXT,NOERROR,3,POSITIVE
uret.se,NS,NOERROR,4,POSITIVE
uret.se,SOA,NOERROR,1,POSITIVE
uret.se,CAA,NOERROR,0,NODATA
uret.se,HTTPS,NXDOMAIN,0,NXDOMAIN
zetup.se,A,NOERROR,1,POSITIVE
zetup.se,AAAA,NOERROR,0,NODATA
zetup.se,MX,NOERROR,1,POSITIVE
zetup.se,TXT,NOERROR,6,POSITIVE
zetup.se,NS,NOERROR,3,POSITIVE
zetup.se,SOA,NOERROR,1,POSITIVE
zetup.se,CAA,NOERROR,0,NODATA
zetup.se,HTTPS,NXDOMAIN,0,NXDOMAIN
stockholm.se,A,NOERROR,1,POSITIVE
stockholm.se,AAAA,NOERROR,1,POSITIVE
stockholm.se,MX,NOERROR,2,POSITIVE
stockholm.se,TXT,ERROR,0,OTHER
stockholm.se,NS,NOERROR,5,POSITIVE
stockholm.se,SOA,NOERROR,1,POSITIVE
stockholm.se,CAA,NOERROR,4,POSITIVE
stockholm.se,HTTPS,NXDOMAIN,0,NXDOMAIN
ordkompassen.se,A,NOERROR,2,POSITIVE
ordkompassen.se,AAAA,NOERROR,2,POSITIVE
ordkompassen.se,MX,NOERROR,0,NODATA
ordkompassen.se,TXT,NOERROR,0,NODATA
ordkompassen.se,NS,NOERROR,2,POSITIVE
ordkompassen.se,SOA,NOERROR,1,POSITIVE
ordkompassen.se,CAA,NOERROR,0,NODATA
ordkompassen.se,HTTPS,NXDOMAIN,0,NXDOMAIN
lfc.se,A,NOERROR,3,POSITIVE
lfc.se,AAAA,NOERROR,3,POSITIVE
lfc.se,MX,NOERROR,1,POSITIVE
lfc.se,TXT,NOERROR,2,POSITIVE
lfc.se,NS,NOERROR,2,POSITIVE
lfc.se,SOA,NOERROR,1,POSITIVE
lfc.se,CAA,NOERROR,0,NODATA
lfc.se,HTTPS,NXDOMAIN,0,NXDOMAIN
naturkompaniet.se,A,NOERROR,2,POSITIVE
naturkompaniet.se,AAAA,NOERROR,0,NODATA
naturkompaniet.se,MX,NOERROR,1,POSITIVE
naturkompaniet.se,TXT,ERROR,0,OTHER
naturkompaniet.se,NS,NOERROR,2,POSITIVE
naturkompaniet.se,SOA,NOERROR,1,POSITIVE
naturkompaniet.se,CAA,NOERROR,0,NODATA
naturkompaniet.se,HTTPS,NXDOMAIN,0,NXDOMAIN
niiinis.se,A,NOERROR,3,POSITIVE
niiinis.se,AAAA,NOERROR,3,POSITIVE
niiinis.se,MX,NOERROR,2,POSITIVE
niiinis.se,TXT,NOERROR,2,POSITIVE
niiinis.se,NS,NOERROR,2,POSITIVE
niiinis.se,SOA,NOERROR,1,POSITIVE
niiinis.se,CAA,NOERROR,0,NODATA
niiinis.se,HTTPS,NXDOMAIN,0,NXDOMAIN
flygresor.se,A,NOERROR,3,POSITIVE
flygresor.se,AAAA,NOERROR,3,POSITIVE
flygresor.se,MX,NOERROR,7,POSITIVE
flygresor.se,TXT,NOERROR,4,POSITIVE
flygresor.se,NS,NOERROR,2,POSITIVE
flygresor.se,SOA,NOERROR,1,POSITIVE
flygresor.se,CAA,NOERROR,0,NODATA
flygresor.se,HTTPS,NXDOMAIN,0,NXDOMAIN
the50episodes.se,A,NOERROR,2,POSITIVE
the50episodes.se,AAAA,NOERROR,2,POSITIVE
the50episodes.se,MX,NOERROR,0,NODATA
the50episodes.se,TXT,NOERROR,0,NODATA
the50episodes.se,NS,NOERROR,2,POSITIVE
the50episodes.se,SOA,NOERROR,1,POSITIVE
the50episodes.se,CAA,NOERROR,0,NODATA
the50episodes.se,HTTPS,NXDOMAIN,0,NXDOMAIN
kryddlandet.se,A,NOERROR,2,POSITIVE
kryddlandet.se,AAAA,NOERROR,2,POSITIVE
kryddlandet.se,MX,NOERROR,1,POSITIVE
kryddlandet.se,TXT,NOERROR,1,POSITIVE
kryddlandet.se,NS,NOERROR,2,POSITIVE
kryddlandet.se,SOA,NOERROR,1,POSITIVE
kryddlandet.se,CAA,NOERROR,0,NODATA
kryddlandet.se,HTTPS,NXDOMAIN,0,NXDOMAIN
kampanjveckan.se,A,NOERROR,1,POSITIVE
kampanjveckan.se,AAAA,NOERROR,0,NODATA
kampanjveckan.se,MX,NOERROR,4,POSITIVE
kampanjveckan.se,TXT,NOERROR,1,POSITIVE
kampanjveckan.se,NS,NOERROR,3,POSITIVE
kampanjveckan.se,SOA,NOERROR,1,POSITIVE
kampanjveckan.se,CAA,NOERROR,0,NODATA
kampanjveckan.se,HTTPS,NXDOMAIN,0,NXDOMAIN
sssb.se,A,NOERROR,1,POSITIVE
sssb.se,AAAA,NOERROR,0,NODATA
sssb.se,MX,NOERROR,1,POSITIVE
sssb.se,TXT,ERROR,0,OTHER
sssb.se,NS,NOERROR,3,POSITIVE
sssb.se,SOA,NOERROR,1,POSITIVE
sssb.se,CAA,NOERROR,0,NODATA
sssb.se,HTTPS,NXDOMAIN,0,NXDOMAIN
deloox.se,A,NOERROR,1,POSITIVE
deloox.se,AAAA,NOERROR,0,NODATA
deloox.se,MX,NOERROR,1,POSITIVE
deloox.se,TXT,ERROR,0,OTHER
deloox.se,NS,NOERROR,3,POSITIVE
deloox.se,SOA,NOERROR,1,POSITIVE
deloox.se,CAA,NOERROR,2,POSITIVE
deloox.se,HTTPS,NXDOMAIN,0,NXDOMAIN
gotakanal.se,A,NOERROR,1,POSITIVE
gotakanal.se,AAAA,NOERROR,0,NODATA
gotakanal.se,MX,NOERROR,1,POSITIVE
gotakanal.se,TXT,ERROR,0,OTHER
gotakanal.se,NS,NOERROR,2,POSITIVE
gotakanal.se,SOA,NOERROR,1,POSITIVE
gotakanal.se,CAA,NOERROR,0,NODATA
gotakanal.se,HTTPS,NXDOMAIN,0,NXDOMAIN
mdlabs.se,A,NOERROR,0,NODATA
mdlabs.se,AAAA,NOERROR,0,NODATA
mdlabs.se,MX,NOERROR,6,POSITIVE
mdlabs.se,TXT,NOERROR,1,POSITIVE
mdlabs.se,NS,NOERROR,2,POSITIVE
mdlabs.se,SOA,NOERROR,1,POSITIVE
mdlabs.se,CAA,NOERROR,0,NODATA
mdlabs.se,HTTPS,NXDOMAIN,0,NXDOMAIN
transportstyling.se,A,NOERROR,2,POSITIVE
transportstyling.se,AAAA,NOERROR,2,POSITIVE
transportstyling.se,MX,NOERROR,1,POSITIVE
transportstyling.se,TXT,NOERROR,2,POSITIVE
transportstyling.se,NS,NOERROR,2,POSITIVE
transportstyling.se,SOA,NOERROR,1,POSITIVE
transportstyling.se,CAA,NOERROR,0,NODATA
transportstyling.se,HTTPS,NXDOMAIN,0,NXDOMAIN
arcsin.se,A,NOERROR,2,POSITIVE
arcsin.se,AAAA,NOERROR,0,NODATA
arcsin.se,MX,NOERROR,6,POSITIVE
arcsin.se,TXT,NOERROR,1,POSITIVE
arcsin.se,NS,NOERROR,2,POSITIVE
arcsin.se,SOA,NOERROR,1,POSITIVE
arcsin.se,CAA,NOERROR,0,NODATA
arcsin.se,HTTPS,NXDOMAIN,0,NXDOMAIN
svensksexfilm.se,A,NOERROR,1,POSITIVE
svensksexfilm.se,AAAA,NOERROR,0,NODATA
svensksexfilm.se,MX,NOERROR,1,POSITIVE
svensksexfilm.se,TXT,NOERROR,1,POSITIVE
svensksexfilm.se,NS,NOERROR,4,POSITIVE
svensksexfilm.se,SOA,NOERROR,1,POSITIVE
svensksexfilm.se,CAA,NOERROR,0,NODATA
svensksexfilm.se,HTTPS,NXDOMAIN,0,NXDOMAIN
framtidsblogg.se,A,NOERROR,2,POSITIVE
framtidsblogg.se,AAAA,NOERROR,2,POSITIVE
framtidsblogg.se,MX,NOERROR,0,NODATA
framtidsblogg.se,TXT,NOERROR,0,NODATA
framtidsblogg.se,NS,NOERROR,2,POSITIVE
framtidsblogg.se,SOA,NOERROR,1,POSITIVE
framtidsblogg.se,CAA,NOERROR,0,NODATA
framtidsblogg.se,HTTPS,NXDOMAIN,0,NXDOMAIN
datablocks.se,A,NOERROR,1,POSITIVE
datablocks.se,AAAA,NOERROR,0,NODATA
datablocks.se,MX,NOERROR,5,POSITIVE
datablocks.se,TXT,NOERROR,2,POSITIVE
datablocks.se,NS,NOERROR,2,POSITIVE
datablocks.se,SOA,NOERROR,1,POSITIVE
datablocks.se,CAA,NOERROR,0,NODATA
datablocks.se,HTTPS,NXDOMAIN,0,NXDOMAIN
afbostader.se,A,NOERROR,1,POSITIVE
afbostader.se,AAAA,NOERROR,0,NODATA
afbostader.se,MX,NOERROR,1,POSITIVE
afbostader.se,TXT,ERROR,0,OTHER
afbostader.se,NS,NOERROR,4,POSITIVE
afbostader.se,SOA,NOERROR,1,POSITIVE
afbostader.se,CAA,NOERROR,0,NODATA
afbostader.se,HTTPS,NXDOMAIN,0,NXDOMAIN
soderbergpartners.se,A,NOERROR,1,POSITIVE
soderbergpartners.se,AAAA,NOERROR,0,NODATA
soderbergpartners.se,MX,NOERROR,1,POSITIVE
soderbergpartners.se,TXT,ERROR,0,OTHER
soderbergpartners.se,NS,NOERROR,4,POSITIVE
soderbergpartners.se,SOA,NOERROR,1,POSITIVE
soderbergpartners.se,CAA,NOERROR,0,NODATA
soderbergpartners.se,HTTPS,NXDOMAIN,0,NXDOMAIN
restaurangtoppen.se,A,ERROR,0,OTHER
restaurangtoppen.se,AAAA,NOERROR,2,POSITIVE
restaurangtoppen.se,MX,NOERROR,2,POSITIVE
restaurangtoppen.se,TXT,NOERROR,0,NODATA
restaurangtoppen.se,NS,NOERROR,2,POSITIVE
restaurangtoppen.se,SOA,NOERROR,1,POSITIVE
restaurangtoppen.se,CAA,NOERROR,0,NODATA
restaurangtoppen.se,HTTPS,NXDOMAIN,0,NXDOMAIN
webp.se,A,NOERROR,2,POSITIVE
webp.se,AAAA,NOERROR,2,POSITIVE
webp.se,MX,NOERROR,2,POSITIVE
webp.se,TXT,NOERROR,3,POSITIVE
webp.se,NS,NOERROR,2,POSITIVE
webp.se,SOA,NOERROR,1,POSITIVE
webp.se,CAA,NOERROR,0,NODATA
webp.se,HTTPS,NXDOMAIN,0,NXDOMAIN
digitalfarden.se,A,NOERROR,2,POSITIVE
digitalfarden.se,AAAA,NOERROR,2,POSITIVE
digitalfarden.se,MX,NOERROR,0,NODATA
digitalfarden.se,TXT,NOERROR,0,NODATA
digitalfarden.se,NS,NOERROR,2,POSITIVE
digitalfarden.se,SOA,NOERROR,1,POSITIVE
digitalfarden.se,CAA,NOERROR,0,NODATA
digitalfarden.se,HTTPS,NXDOMAIN,0,NXDOMAIN
tillvaxtportalen.se,A,NOERROR,2,POSITIVE
tillvaxtportalen.se,AAAA,NOERROR,2,POSITIVE
tillvaxtportalen.se,MX,NOERROR,0,NODATA
tillvaxtportalen.se,TXT,NOERROR,0,NODATA
tillvaxtportalen.se,NS,NOERROR,2,POSITIVE
tillvaxtportalen.se,SOA,NOERROR,1,POSITIVE
tillvaxtportalen.se,CAA,NOERROR,0,NODATA
tillvaxtportalen.se,HTTPS,NXDOMAIN,0,NXDOMAIN
wizeguy.se,A,NOERROR,1,POSITIVE
wizeguy.se,AAAA,NOERROR,0,NODATA
wizeguy.se,MX,NOERROR,2,POSITIVE
wizeguy.se,TXT,NOERROR,2,POSITIVE
wizeguy.se,NS,NOERROR,2,POSITIVE
wizeguy.se,SOA,NOERROR,1,POSITIVE
wizeguy.se,CAA,NOERROR,0,NODATA
wizeguy.se,HTTPS,NXDOMAIN,0,NXDOMAIN
riksteatern.se,A,NOERROR,1,POSITIVE
riksteatern.se,AAAA,NOERROR,0,NODATA
riksteatern.se,MX,NOERROR,1,POSITIVE
riksteatern.se,TXT,ERROR,0,OTHER
riksteatern.se,NS,NOERROR,2,POSITIVE
riksteatern.se,SOA,NOERROR,1,POSITIVE
riksteatern.se,CAA,NOERROR,0,NODATA
riksteatern.se,HTTPS,NXDOMAIN,0,NXDOMAIN
jiras.se,A,NOERROR,1,POSITIVE
jiras.se,AAAA,NOERROR,0,NODATA
jiras.se,MX,NOERROR,1,POSITIVE
jiras.se,TXT,NOERROR,0,NODATA
jiras.se,NS,NOERROR,1,POSITIVE
jiras.se,SOA,NOERROR,1,POSITIVE
jiras.se,CAA,NOERROR,0,NODATA
jiras.se,HTTPS,NXDOMAIN,0,NXDOMAIN
skalhuset.se,A,NOERROR,2,POSITIVE
skalhuset.se,AAAA,NOERROR,2,POSITIVE
skalhuset.se,MX,NOERROR,5,POSITIVE
skalhuset.se,TXT,NOERROR,5,POSITIVE
skalhuset.se,NS,NOERROR,2,POSITIVE
skalhuset.se,SOA,NOERROR,1,POSITIVE
skalhuset.se,CAA,NOERROR,0,NODATA
skalhuset.se,HTTPS,NXDOMAIN,0,NXDOMAIN
ekonomiinslag.se,A,NOERROR,2,POSITIVE
ekonomiinslag.se,AAAA,NOERROR,2,POSITIVE
ekonomiinslag.se,MX,NOERROR,0,NODATA
ekonomiinslag.se,TXT,NOERROR,0,NODATA
ekonomiinslag.se,NS,NOERROR,2,POSITIVE
ekonomiinslag.se,SOA,NOERROR,1,POSITIVE
ekonomiinslag.se,CAA,NOERROR,0,NODATA
ekonomiinslag.se,HTTPS,NXDOMAIN,0,NXDOMAIN
xxl.se,A,NOERROR,4,POSITIVE
xxl.se,AAAA,NOERROR,0,NODATA
xxl.se,MX,NOERROR,1,POSITIVE
xxl.se,TXT,ERROR,0,OTHER
xxl.se,NS,NOERROR,4,POSITIVE
xxl.se,SOA,NOERROR,1,POSITIVE
xxl.se,CAA,NOERROR,0,NODATA
xxl.se,HTTPS,NXDOMAIN,0,NXDOMAIN
techleap.se,A,NOERROR,2,POSITIVE
techleap.se,AAAA,NOERROR,2,POSITIVE
techleap.se,MX,NOERROR,0,NODATA
techleap.se,TXT,NOERROR,0,NODATA
techleap.se,NS,NOERROR,2,POSITIVE
techleap.se,SOA,NOERROR,1,POSITIVE
techleap.se,CAA,NOERROR,0,NODATA
techleap.se,HTTPS,NXDOMAIN,0,NXDOMAIN
dagenssamhalle.se,A,NOERROR,1,POSITIVE
dagenssamhalle.se,AAAA,NOERROR,0,NODATA
dagenssamhalle.se,MX,NOERROR,7,POSITIVE
dagenssamhalle.se,TXT,ERROR,0,OTHER
dagenssamhalle.se,NS,NOERROR,4,POSITIVE
dagenssamhalle.se,SOA,NOERROR,1,POSITIVE
dagenssamhalle.se,CAA,NOERROR,0,NODATA
dagenssamhalle.se,HTTPS,NXDOMAIN,0,NXDOMAIN
oskarshamns-nytt.se,A,NOERROR,2,POSITIVE
oskarshamns-nytt.se,AAAA,NOERROR,2,POSITIVE
oskarshamns-nytt.se,MX,NOERROR,4,POSITIVE
oskarshamns-nytt.se,TXT,NOERROR,3,POSITIVE
oskarshamns-nytt.se,NS,NOERROR,2,POSITIVE
oskarshamns-nytt.se,SOA,NOERROR,1,POSITIVE
oskarshamns-nytt.se,CAA,NOERROR,0,NODATA
oskarshamns-nytt.se,HTTPS,NXDOMAIN,0,NXDOMAIN
proteinbolaget.se,A,NOERROR,1,POSITIVE
proteinbolaget.se,AAAA,NOERROR,0,NODATA
proteinbolaget.se,MX,NOERROR,5,POSITIVE
proteinbolaget.se,TXT,ERROR,0,OTHER
proteinbolaget.se,NS,NOERROR,3,POSITIVE
proteinbolaget.se,SOA,NOERROR,1,POSITIVE
proteinbolaget.se,CAA,NOERROR,0,NODATA
proteinbolaget.se,HTTPS,NXDOMAIN,0,NXDOMAIN
kraftringen.se,A,NOERROR,1,POSITIVE
kraftringen.se,AAAA,NOERROR,0,NODATA
kraftringen.se,MX,NOERROR,1,POSITIVE
kraftringen.se,TXT,ERROR,0,OTHER
kraftringen.se,NS,NOERROR,5,POSITIVE
kraftringen.se,SOA,NOERROR,1,POSITIVE
kraftringen.se,CAA,NOERROR,0,NODATA
kraftringen.se,HTTPS,NXDOMAIN,0,NXDOMAIN
amprnet.se,A,NOERROR,1,POSITIVE
amprnet.se,AAAA,NOERROR,0,NODATA
amprnet.se,MX,NOERROR,1,POSITIVE
amprnet.se,TXT,NOERROR,1,POSITIVE
amprnet.se,NS,NOERROR,3,POSITIVE
amprnet.se,SOA,NOERROR,1,POSITIVE
amprnet.se,CAA,NOERROR,0,NODATA
amprnet.se,HTTPS,NXDOMAIN,0,NXDOMAIN
perspektivstrategi.se,A,NOERROR,2,POSITIVE
perspektivstrategi.se,AAAA,NOERROR,2,POSITIVE
perspektivstrategi.se,MX,NOERROR,0,NODATA
perspektivstrategi.se,TXT,NOERROR,0,NODATA
perspektivstrategi.se,NS,NOERROR,2,POSITIVE
perspektivstrategi.se,SOA,NOERROR,1,POSITIVE
perspektivstrategi.se,CAA,NOERROR,0,NODATA
perspektivstrategi.se,HTTPS,NXDOMAIN,0,NXDOMAIN
tankeanalys.se,A,NOERROR,2,POSITIVE
tankeanalys.se,AAAA,NOERROR,2,POSITIVE
tankeanalys.se,MX,NOERROR,0,NODATA
tankeanalys.se,TXT,NOERROR,0,NODATA
tankeanalys.se,NS,NOERROR,2,POSITIVE
tankeanalys.se,SOA,NOERROR,1,POSITIVE
tankeanalys.se,CAA,NOERROR,0,NODATA
tankeanalys.se,HTTPS,NXDOMAIN,0,NXDOMAIN
sjf.se,A,NOERROR,1,POSITIVE
sjf.se,AAAA,NOERROR,0,NODATA
sjf.se,MX,NOERROR,1,POSITIVE
sjf.se,TXT,ERROR,0,OTHER
sjf.se,NS,NOERROR,2,POSITIVE
sjf.se,SOA,NOERROR,1,POSITIVE
sjf.se,CAA,NOERROR,0,NODATA
sjf.se,HTTPS,NXDOMAIN,0,NXDOMAIN
maskintema.se,A,NOERROR,1,POSITIVE
maskintema.se,AAAA,NOERROR,0,NODATA
maskintema.se,MX,NOERROR,0,NODATA
maskintema.se,TXT,NOERROR,0,NODATA
maskintema.se,NS,NOERROR,2,POSITIVE
maskintema.se,SOA,NOERROR,1,POSITIVE
maskintema.se,CAA,NOERROR,0,NODATA
maskintema.se,HTTPS,NXDOMAIN,0,NXDOMAIN
skanesport.se,A,NOERROR,2,POSITIVE
skanesport.se,AAAA,NOERROR,2,POSITIVE
skanesport.se,MX,NOERROR,5,POSITIVE
skanesport.se,TXT,NOERROR,2,POSITIVE
skanesport.se,NS,NOERROR,2,POSITIVE
skanesport.se,SOA,NOERROR,1,POSITIVE
skanesport.se,CAA,NOERROR,0,NODATA
skanesport.se,HTTPS,NXDOMAIN,0,NXDOMAIN
proffsmagasinet.se,A,NOERROR,1,POSITIVE
proffsmagasinet.se,AAAA,NOERROR,0,NODATA
proffsmagasinet.se,MX,NOERROR,1,POSITIVE
proffsmagasinet.se,TXT,ERROR,0,OTHER
proffsmagasinet.se,NS,NOERROR,4,POSITIVE
proffsmagasinet.se,SOA,NOERROR,1,POSITIVE
proffsmagasinet.se,CAA,NOERROR,0,NODATA
proffsmagasinet.se,HTTPS,NXDOMAIN,0,NXDOMAIN
tankeinslag.se,A,NOERROR,2,POSITIVE
tankeinslag.se,AAAA,NOERROR,2,POSITIVE
tankeinslag.se,MX,NOERROR,0,NODATA
tankeinslag.se,TXT,NOERROR,0,NODATA
tankeinslag.se,NS,NOERROR,2,POSITIVE
tankeinslag.se,SOA,NOERROR,1,POSITIVE
tankeinslag.se,CAA,NOERROR,0,NODATA
tankeinslag.se,HTTPS,NXDOMAIN,0,NXDOMAIN
ledigajobb.se,A,NOERROR,2,POSITIVE
ledigajobb.se,AAAA,NOERROR,2,POSITIVE
ledigajobb.se,MX,NOERROR,1,POSITIVE
ledigajobb.se,TXT,NOERROR,5,POSITIVE
ledigajobb.se,NS,NOERROR,2,POSITIVE
ledigajobb.se,SOA,NOERROR,1,POSITIVE
ledigajobb.se,CAA,NOERROR,0,NODATA
ledigajobb.se,HTTPS,NXDOMAIN,0,NXDOMAIN
peab.se,A,NOERROR,1,POSITIVE
peab.se,AAAA,NOERROR,0,NODATA
peab.se,MX,NOERROR,1,POSITIVE
peab.se,TXT,ERROR,0,OTHER
peab.se,NS,NOERROR,2,POSITIVE
peab.se,SOA,NOERROR,1,POSITIVE
peab.se,CAA,NOERROR,0,NODATA
peab.se,HTTPS,NXDOMAIN,0,NXDOMAIN
gnula.se,A,NOERROR,2,POSITIVE
gnula.se,AAAA,NOERROR,2,POSITIVE
gnula.se,MX,NOERROR,0,NODATA
gnula.se,TXT,NOERROR,0,NODATA
gnula.se,NS,NOERROR,2,POSITIVE
gnula.se,SOA,NOERROR,1,POSITIVE
gnula.se,CAA,NOERROR,0,NODATA
gnula.se,HTTPS,NXDOMAIN,0,NXDOMAIN
yahoo.se,A,NOERROR,2,POSITIVE
yahoo.se,AAAA,NOERROR,0,NODATA
yahoo.se,MX,NOERROR,1,POSITIVE
yahoo.se,TXT,NOERROR,1,POSITIVE
yahoo.se,NS,NOERROR,5,POSITIVE
yahoo.se,SOA,NOERROR,1,POSITIVE
yahoo.se,CAA,NOERROR,2,POSITIVE
yahoo.se,HTTPS,NXDOMAIN,0,NXDOMAIN
talkie.se,A,NOERROR,1,POSITIVE
talkie.se,AAAA,NOERROR,0,NODATA
talkie.se,MX,NOERROR,1,POSITIVE
talkie.se,TXT,NOERROR,3,POSITIVE
talkie.se,NS,NOERROR,2,POSITIVE
talkie.se,SOA,NOERROR,1,POSITIVE
talkie.se,CAA,NOERROR,0,NODATA
talkie.se,HTTPS,NXDOMAIN,0,NXDOMAIN
univer.se,A,NOERROR,2,POSITIVE
univer.se,AAAA,NOERROR,0,NODATA
univer.se,MX,NOERROR,5,POSITIVE
univer.se,TXT,ERROR,0,OTHER
univer.se,NS,NOERROR,2,POSITIVE
univer.se,SOA,NOERROR,1,POSITIVE
univer.se,CAA,NOERROR,8,POSITIVE
univer.se,HTTPS,NXDOMAIN,0,NXDOMAIN
fastighetsnytt.se,A,NOERROR,1,POSITIVE
fastighetsnytt.se,AAAA,NOERROR,0,NODATA
fastighetsnytt.se,MX,NOERROR,5,POSITIVE
fastighetsnytt.se,TXT,ERROR,0,OTHER
fastighetsnytt.se,NS,NOERROR,4,POSITIVE
fastighetsnytt.se,SOA,NOERROR,1,POSITIVE
fastighetsnytt.se,CAA,NOERROR,0,NODATA
fastighetsnytt.se,HTTPS,NXDOMAIN,0,NXDOMAIN
kommunalsakassa.se,A,NOERROR,1,POSITIVE
kommunalsakassa.se,AAAA,NOERROR,0,NODATA
kommunalsakassa.se,MX,NOERROR,1,POSITIVE
kommunalsakassa.se,TXT,ERROR,0,OTHER
kommunalsakassa.se,NS,NOERROR,2,POSITIVE
kommunalsakassa.se,SOA,NOERROR,1,POSITIVE
kommunalsakassa.se,CAA,NOERROR,0,NODATA
kommunalsakassa.se,HTTPS,NXDOMAIN,0,NXDOMAIN
sandviken.se,A,NOERROR,1,POSITIVE
sandviken.se,AAAA,NOERROR,1,POSITIVE
sandviken.se,MX,NOERROR,2,POSITIVE
sandviken.se,TXT,ERROR,0,OTHER
sandviken.se,NS,NOERROR,4,POSITIVE
sandviken.se,SOA,NOERROR,1,POSITIVE
sandviken.se,CAA,NOERROR,0,NODATA
sandviken.se,HTTPS,NXDOMAIN,0,NXDOMAIN
mala.se,A,NOERROR,2,POSITIVE
mala.se,AAAA,NOERROR,0,NODATA
mala.se,MX,NOERROR,1,POSITIVE
mala.se,TXT,NOERROR,8,POSITIVE
mala.se,NS,NOERROR,2,POSITIVE
mala.se,SOA,NOERROR,1,POSITIVE
mala.se,CAA,NOERROR,0,NODATA
mala.se,HTTPS,NXDOMAIN,0,NXDOMAIN
tv4.se,A,NOERROR,3,POSITIVE
tv4.se,AAAA,NOERROR,0,NODATA
tv4.se,MX,NOERROR,1,POSITIVE
tv4.se,TXT,ERROR,0,OTHER
tv4.se,NS,NOERROR,4,POSITIVE
tv4.se,SOA,NOERROR,1,POSITIVE
tv4.se,CAA,NOERROR,7,POSITIVE
tv4.se,HTTPS,NXDOMAIN,0,NXDOMAIN
nordicleaders.se,A,NOERROR,2,POSITIVE
nordicleaders.se,AAAA,NOERROR,2,POSITIVE
nordicleaders.se,MX,NOERROR,0,NODATA
nordicleaders.se,TXT,NOERROR,0,NODATA
nordicleaders.se,NS,NOERROR,2,POSITIVE
nordicleaders.se,SOA,NOERROR,1,POSITIVE
nordicleaders.se,CAA,NOERROR,0,NODATA
nordicleaders.se,HTTPS,NXDOMAIN,0,NXDOMAIN
videnca.se,A,NOERROR,0,NODATA
videnca.se,AAAA,NOERROR,0,NODATA
videnca.se,MX,NOERROR,2,POSITIVE
videnca.se,TXT,NOERROR,3,POSITIVE
videnca.se,NS,NOERROR,2,POSITIVE
videnca.se,SOA,NOERROR,1,POSITIVE
videnca.se,CAA,NOERROR,0,NODATA
videnca.se,HTTPS,NXDOMAIN,0,NXDOMAIN
ifn.se,A,NOERROR,1,POSITIVE
ifn.se,AAAA,NOERROR,0,NODATA
ifn.se,MX,NOERROR,1,POSITIVE
ifn.se,TXT,NOERROR,2,POSITIVE
ifn.se,NS,NOERROR,2,POSITIVE
ifn.se,SOA,NOERROR,1,POSITIVE
ifn.se,CAA,NOERROR,0,NODATA
ifn.se,HTTPS,NXDOMAIN,0,NXDOMAIN
smt.se,A,NOERROR,1,POSITIVE
smt.se,AAAA,NOERROR,0,NODATA
smt.se,MX,NOERROR,5,POSITIVE
smt.se,TXT,ERROR,0,OTHER
smt.se,NS,NOERROR,4,POSITIVE
smt.se,SOA,NOERROR,1,POSITIVE
smt.se,CAA,NOERROR,0,NODATA
smt.se,HTTPS,NXDOMAIN,0,NXDOMAIN
news55.se,A,NOERROR,3,POSITIVE
news55.se,AAAA,NOERROR,3,POSITIVE
news55.se,MX,NOERROR,1,POSITIVE
news55.se,TXT,NOERROR,3,POSITIVE
news55.se,NS,NOERROR,2,POSITIVE
news55.se,SOA,NOERROR,1,POSITIVE
news55.se,CAA,NOERROR,0,NODATA
news55.se,HTTPS,NXDOMAIN,0,NXDOMAIN
strengnastidning.se,A,NOERROR,4,POSITIVE
strengnastidning.se,AAAA,NOERROR,0,NODATA
strengnastidning.se,MX,NOERROR,2,POSITIVE
strengnastidning.se,TXT,ERROR,0,OTHER
strengnastidning.se,NS,NOERROR,5,POSITIVE
strengnastidning.se,SOA,NOERROR,1,POSITIVE
strengnastidning.se,CAA,NOERROR,0,NODATA
strengnastidning.se,HTTPS,NXDOMAIN,0,NXDOMAIN
skatteverket.se,A,NOERROR,1,POSITIVE
skatteverket.se,AAAA,NOERROR,1,POSITIVE
skatteverket.se,MX,NOERROR,3,POSITIVE
skatteverket.se,TXT,ERROR,0,OTHER
skatteverket.se,NS,NOERROR,7,POSITIVE
skatteverket.se,SOA,NOERROR,1,POSITIVE
skatteverket.se,CAA,NOERROR,5,POSITIVE
skatteverket.se,HTTPS,NXDOMAIN,0,NXDOMAIN
chilli.se,A,NOERROR,1,POSITIVE
chilli.se,AAAA,NOERROR,0,NODATA
chilli.se,MX,NOERROR,1,POSITIVE
chilli.se,TXT,ERROR,0,OTHER
chilli.se,NS,NOERROR,4,POSITIVE
chilli.se,SOA,NOERROR,1,POSITIVE
chilli.se,CAA,NOERROR,0,NODATA
chilli.se,HTTPS,NXDOMAIN,0,NXDOMAIN
essays.se,A,NOERROR,2,POSITIVE
essays.se,AAAA,NOERROR,2,POSITIVE
essays.se,MX,NOERROR,0,NODATA
essays.se,TXT,NOERROR,0,NODATA
essays.se,NS,NOERROR,2,POSITIVE
essays.se,SOA,NOERROR,1,POSITIVE
essays.se,CAA,NOERROR,0,NODATA
essays.se,HTTPS,NXDOMAIN,0,NXDOMAIN
boldfuturetech.se,A,NOERROR,2,POSITIVE
boldfuturetech.se,AAAA,NOERROR,2,POSITIVE
boldfuturetech.se,MX,NOERROR,0,NODATA
boldfuturetech.se,TXT,NOERROR,0,NODATA
boldfuturetech.se,NS,NOERROR,2,POSITIVE
boldfuturetech.se,SOA,NOERROR,1,POSITIVE
boldfuturetech.se,CAA,NOERROR,0,NODATA
boldfuturetech.se,HTTPS,NXDOMAIN,0,NXDOMAIN
mini.se,A,NOERROR,1,POSITIVE
mini.se,AAAA,NOERROR,0,NODATA
mini.se,MX,NOERROR,2,POSITIVE
mini.se,TXT,ERROR,0,OTHER
mini.se,NS,NOERROR,2,POSITIVE
mini.se,SOA,ERROR,0,OTHER
mini.se,CAA,ERROR,0,OTHER
mini.se,HTTPS,ERROR,0,OTHER
sverigeslarare.se,A,ERROR,0,OTHER
sverigeslarare.se,AAAA,ERROR,0,OTHER
sverigeslarare.se,MX,ERROR,0,OTHER
sverigeslarare.se,TXT,ERROR,0,OTHER
sverigeslarare.se,NS,ERROR,0,OTHER
sverigeslarare.se,SOA,ERROR,0,OTHER
sverigeslarare.se,CAA,ERROR,0,OTHER
sverigeslarare.se,HTTPS,ERROR,0,OTHER
nyfikenperspektiv.se,A,ERROR,0,OTHER
nyfikenperspektiv.se,AAAA,ERROR,0,OTHER
nyfikenperspektiv.se,MX,ERROR,0,OTHER
nyfikenperspektiv.se,TXT,NOERROR,0,NODATA
nyfikenperspektiv.se,NS,NOERROR,2,POSITIVE
nyfikenperspektiv.se,SOA,NOERROR,1,POSITIVE
nyfikenperspektiv.se,CAA,NOERROR,0,NODATA
nyfikenperspektiv.se,HTTPS,NXDOMAIN,0,NXDOMAIN
gd.se,A,NOERROR,1,POSITIVE
gd.se,AAAA,NOERROR,0,NODATA
gd.se,MX,NOERROR,5,POSITIVE
gd.se,TXT,ERROR,0,OTHER
gd.se,NS,NOERROR,4,POSITIVE
gd.se,SOA,NOERROR,1,POSITIVE
gd.se,CAA,NOERROR,0,NODATA
gd.se,HTTPS,NXDOMAIN,0,NXDOMAIN
stampenmedia.se,A,NOERROR,1,POSITIVE
stampenmedia.se,AAAA,NOERROR,0,NODATA
stampenmedia.se,MX,NOERROR,2,POSITIVE
stampenmedia.se,TXT,ERROR,0,OTHER
stampenmedia.se,NS,NOERROR,4,POSITIVE
stampenmedia.se,SOA,NOERROR,1,POSITIVE
stampenmedia.se,CAA,NOERROR,0,NODATA
stampenmedia.se,HTTPS,NXDOMAIN,0,NXDOMAIN
skolplus.se,A,NOERROR,1,POSITIVE
skolplus.se,AAAA,ERROR,0,OTHER
skolplus.se,MX,ERROR,0,OTHER
skolplus.se,TXT,ERROR,0,OTHER
skolplus.se,NS,NOERROR,3,POSITIVE
skolplus.se,SOA,NOERROR,1,POSITIVE
skolplus.se,CAA,NOERROR,0,NODATA
skolplus.se,HTTPS,NXDOMAIN,0,NXDOMAIN
dutchgrown.se,A,NOERROR,1,POSITIVE
dutchgrown.se,AAAA,NOERROR,0,NODATA
dutchgrown.se,MX,NOERROR,5,POSITIVE
dutchgrown.se,TXT,ERROR,0,OTHER
dutchgrown.se,NS,ERROR,0,OTHER
dutchgrown.se,SOA,ERROR,0,OTHER
dutchgrown.se,CAA,ERROR,0,OTHER
dutchgrown.se,HTTPS,ERROR,0,OTHER
baemingo.se,A,ERROR,0,OTHER
baemingo.se,AAAA,ERROR,0,OTHER
baemingo.se,MX,ERROR,0,OTHER
baemingo.se,TXT,ERROR,0,OTHER
baemingo.se,NS,ERROR,0,OTHER
baemingo.se,SOA,ERROR,0,OTHER
baemingo.se,CAA,ERROR,0,OTHER
baemingo.se,HTTPS,ERROR,0,OTHER
tankemodell.se,A,ERROR,0,OTHER
tankemodell.se,AAAA,ERROR,0,OTHER
tankemodell.se,MX,ERROR,0,OTHER
tankemodell.se,TXT,ERROR,0,OTHER
tankemodell.se,NS,ERROR,0,OTHER
tankemodell.se,SOA,ERROR,0,OTHER
tankemodell.se,CAA,ERROR,0,OTHER
tankemodell.se,HTTPS,ERROR,0,OTHER
3dg.se,A,ERROR,0,OTHER
3dg.se,AAAA,ERROR,0,OTHER
3dg.se,MX,ERROR,0,OTHER
3dg.se,TXT,ERROR,0,OTHER
3dg.se,NS,ERROR,0,OTHER
3dg.se,SOA,ERROR,0,OTHER
3dg.se,CAA,ERROR,0,OTHER
3dg.se,HTTPS,ERROR,0,OTHER
artikelmedia.se,A,ERROR,0,OTHER
artikelmedia.se,AAAA,ERROR,0,OTHER
artikelmedia.se,MX,ERROR,0,OTHER
artikelmedia.se,TXT,ERROR,0,OTHER
artikelmedia.se,NS,ERROR,0,OTHER
artikelmedia.se,SOA,ERROR,0,OTHER
artikelmedia.se,CAA,ERROR,0,OTHER
artikelmedia.se,HTTPS,ERROR,0,OTHER
studentapan.se,A,ERROR,0,OTHER
studentapan.se,AAAA,ERROR,0,OTHER
studentapan.se,MX,ERROR,0,OTHER
studentapan.se,TXT,ERROR,0,OTHER
studentapan.se,NS,ERROR,0,OTHER
studentapan.se,SOA,ERROR,0,OTHER
studentapan.se,CAA,ERROR,0,OTHER
studentapan.se,HTTPS,ERROR,0,OTHER
livsmedia.se,A,ERROR,0,OTHER
livsmedia.se,AAAA,ERROR,0,OTHER
livsmedia.se,MX,ERROR,0,OTHER
livsmedia.se,TXT,ERROR,0,OTHER
livsmedia.se,NS,ERROR,0,OTHER
livsmedia.se,SOA,ERROR,0,OTHER
livsmedia.se,CAA,ERROR,0,OTHER
livsmedia.se,HTTPS,ERROR,0,OTHER
bygma.se,A,ERROR,0,OTHER
bygma.se,AAAA,ERROR,0,OTHER
bygma.se,MX,ERROR,0,OTHER
bygma.se,TXT,ERROR,0,OTHER
bygma.se,NS,ERROR,0,OTHER
bygma.se,SOA,ERROR,0,OTHER
bygma.se,CAA,ERROR,0,OTHER
bygma.se,HTTPS,NOERROR,3,POSITIVE
ikh.se,A,ERROR,0,OTHER
ikh.se,AAAA,ERROR,0,OTHER
ikh.se,MX,ERROR,0,OTHER
ikh.se,TXT,ERROR,0,OTHER
ikh.se,NS,ERROR,0,OTHER
ikh.se,SOA,ERROR,0,OTHER
ikh.se,CAA,ERROR,0,OTHER
ikh.se,HTTPS,ERROR,0,OTHER
qbranch.se,A,ERROR,0,OTHER
qbranch.se,AAAA,ERROR,0,OTHER
qbranch.se,MX,ERROR,0,OTHER
qbranch.se,TXT,ERROR,0,OTHER
qbranch.se,NS,ERROR,0,OTHER
qbranch.se,SOA,ERROR,0,OTHER
qbranch.se,CAA,ERROR,0,OTHER
qbranch.se,HTTPS,ERROR,0,OTHER
maritima.se,A,ERROR,0,OTHER
maritima.se,AAAA,ERROR,0,OTHER
maritima.se,MX,ERROR,0,OTHER
maritima.se,TXT,ERROR,0,OTHER
maritima.se,NS,ERROR,0,OTHER
maritima.se,SOA,NOERROR,1,POSITIVE
maritima.se,CAA,NOERROR,0,NODATA
maritima.se,HTTPS,NXDOMAIN,0,NXDOMAIN
teknikmagasinet.se,A,ERROR,0,OTHER
teknikmagasinet.se,AAAA,NOERROR,3,POSITIVE
teknikmagasinet.se,MX,NOERROR,5,POSITIVE
teknikmagasinet.se,TXT,NOERROR,5,POSITIVE
teknikmagasinet.se,NS,NOERROR,2,POSITIVE
teknikmagasinet.se,SOA,NOERROR,1,POSITIVE
teknikmagasinet.se,CAA,NOERROR,0,NODATA
teknikmagasinet.se,HTTPS,NOERROR,3,POSITIVE
nordicmotorcenter.se,A,ERROR,0,OTHER
nordicmotorcenter.se,AAAA,NOERROR,0,NODATA
nordicmotorcenter.se,MX,NOERROR,1,POSITIVE
nordicmotorcenter.se,TXT,NOERROR,3,POSITIVE
nordicmotorcenter.se,NS,ERROR,0,OTHER
nordicmotorcenter.se,SOA,ERROR,0,OTHER
nordicmotorcenter.se,CAA,NOERROR,0,NODATA
nordicmotorcenter.se,HTTPS,NOERROR,1,POSITIVE
crystone.se,A,ERROR,0,OTHER
crystone.se,AAAA,NOERROR,1,POSITIVE
crystone.se,MX,NOERROR,2,POSITIVE
crystone.se,TXT,ERROR,0,OTHER
crystone.se,NS,ERROR,0,OTHER
crystone.se,SOA,ERROR,0,OTHER
crystone.se,CAA,ERROR,0,OTHER
crystone.se,HTTPS,ERROR,0,OTHER
teknikperspektiv.se,A,ERROR,0,OTHER
teknikperspektiv.se,AAAA,ERROR,0,OTHER
teknikperspektiv.se,MX,ERROR,0,OTHER
teknikperspektiv.se,TXT,ERROR,0,OTHER
teknikperspektiv.se,NS,ERROR,0,OTHER
teknikperspektiv.se,SOA,ERROR,0,OTHER
teknikperspektiv.se,CAA,ERROR,0,OTHER
teknikperspektiv.se,HTTPS,NXDOMAIN,0,NXDOMAIN
gymcontrol.se,A,NOERROR,1,POSITIVE
gymcontrol.se,AAAA,ERROR,0,OTHER
gymcontrol.se,MX,NOERROR,1,POSITIVE
gymcontrol.se,TXT,NOERROR,3,POSITIVE
gymcontrol.se,NS,NOERROR,4,POSITIVE
gymcontrol.se,SOA,ERROR,0,OTHER
gymcontrol.se,CAA,NOERROR,0,NODATA
gymcontrol.se,HTTPS,NXDOMAIN,0,NXDOMAIN
affarskommentar.se,A,NOERROR,2,POSITIVE
affarskommentar.se,AAAA,NOERROR,2,POSITIVE
affarskommentar.se,MX,NOERROR,0,NODATA
affarskommentar.se,TXT,NOERROR,0,NODATA
affarskommentar.se,NS,NOERROR,2,POSITIVE
affarskommentar.se,SOA,NOERROR,1,POSITIVE
affarskommentar.se,CAA,NOERROR,0,NODATA
affarskommentar.se,HTTPS,NXDOMAIN,0,NXDOMAIN
livsforum.se,A,NOERROR,2,POSITIVE
livsforum.se,AAAA,NOERROR,2,POSITIVE
livsforum.se,MX,NOERROR,0,NODATA
livsforum.se,TXT,NOERROR,0,NODATA
livsforum.se,NS,NOERROR,2,POSITIVE
livsforum.se,SOA,NOERROR,1,POSITIVE
livsforum.se,CAA,NOERROR,0,NODATA
livsforum.se,HTTPS,NXDOMAIN,0,NXDOMAIN
jernhusen.se,A,NOERROR,1,POSITIVE
jernhusen.se,AAAA,ERROR,0,OTHER
jernhusen.se,MX,NOERROR,1,POSITIVE
jernhusen.se,TXT,ERROR,0,OTHER
jernhusen.se,NS,NOERROR,4,POSITIVE
jernhusen.se,SOA,ERROR,0,OTHER
jernhusen.se,CAA,ERROR,0,OTHER
jernhusen.se,HTTPS,NXDOMAIN,0,NXDOMAIN
norrahalland.se,A,ERROR,0,OTHER
norrahalland.se,AAAA,ERROR,0,OTHER
norrahalland.se,MX,ERROR,0,OTHER
norrahalland.se,TXT,NOERROR,4,POSITIVE
norrahalland.se,NS,NOERROR,3,POSITIVE
norrahalland.se,SOA,ERROR,0,OTHER
norrahalland.se,CAA,ERROR,0,OTHER
norrahalland.se,HTTPS,NOERROR,1,POSITIVE
vasbyhem.se,A,ERROR,0,OTHER
vasbyhem.se,AAAA,NOERROR,0,NODATA
vasbyhem.se,MX,ERROR,0,OTHER
vasbyhem.se,TXT,ERROR,0,OTHER
vasbyhem.se,NS,ERROR,0,OTHER
vasbyhem.se,SOA,ERROR,0,OTHER
vasbyhem.se,CAA,ERROR,0,OTHER
vasbyhem.se,HTTPS,ERROR,0,OTHER
namesystem.se,A,ERROR,0,OTHER
namesystem.se,AAAA,ERROR,0,OTHER
namesystem.se,MX,ERROR,0,OTHER
namesystem.se,TXT,NOERROR,0,NODATA
namesystem.se,NS,NOERROR,3,POSITIVE
namesystem.se,SOA,ERROR,0,OTHER
namesystem.se,CAA,NOERROR,0,NODATA
namesystem.se,HTTPS,NOERROR,0,NODATA
randstad.se,A,NOERROR,2,POSITIVE
randstad.se,AAAA,NOERROR,0,NODATA
randstad.se,MX,NOERROR,5,POSITIVE
randstad.se,TXT,ERROR,0,OTHER
randstad.se,NS,NOERROR,4,POSITIVE
randstad.se,SOA,NOERROR,1,POSITIVE
randstad.se,CAA,NOERROR,0,NODATA
randstad.se,HTTPS,NOERROR,2,POSITIVE
alxmedia.se,A,NOERROR,1,POSITIVE
alxmedia.se,AAAA,NOERROR,0,NODATA
alxmedia.se,MX,NOERROR,0,NODATA
alxmedia.se,TXT,ERROR,0,OTHER
alxmedia.se,NS,ERROR,0,OTHER
alxmedia.se,SOA,ERROR,0,OTHER
alxmedia.se,CAA,NOERROR,0,NODATA
alxmedia.se,HTTPS,NOERROR,1,POSITIVE
lt.se,A,NOERROR,1,POSITIVE
lt.se,AAAA,ERROR,0,OTHER
lt.se,MX,NOERROR,5,POSITIVE
lt.se,TXT,ERROR,0,OTHER
lt.se,NS,ERROR,0,OTHER
lt.se,SOA,ERROR,0,OTHER
lt.se,CAA,ERROR,0,OTHER
lt.se,HTTPS,NOERROR,1,POSITIVE
rsproduction.se,A,ERROR,0,OTHER
rsproduction.se,AAAA,ERROR,0,OTHER
rsproduction.se,MX,ERROR,0,OTHER
rsproduction.se,TXT,ERROR,0,OTHER
rsproduction.se,NS,ERROR,0,OTHER
rsproduction.se,SOA,ERROR,0,OTHER
rsproduction.se,CAA,NOERROR,0,NODATA
rsproduction.se,HTTPS,NOERROR,0,NODATA
hitta.se,A,ERROR,0,OTHER
hitta.se,AAAA,NOERROR,0,NODATA
hitta.se,MX,NOERROR,1,POSITIVE
hitta.se,TXT,ERROR,0,OTHER
hitta.se,NS,NOERROR,4,POSITIVE
hitta.se,SOA,NOERROR,1,POSITIVE
hitta.se,CAA,ERROR,0,OTHER
hitta.se,HTTPS,NXDOMAIN,0,NXDOMAIN
partykungen.se,A,NOERROR,4,POSITIVE
partykungen.se,AAAA,ERROR,0,OTHER
partykungen.se,MX,NOERROR,5,POSITIVE
partykungen.se,TXT,NOERROR,2,POSITIVE
partykungen.se,NS,NOERROR,4,POSITIVE
partykungen.se,SOA,NOERROR,1,POSITIVE
partykungen.se,CAA,NOERROR,0,NODATA
partykungen.se,HTTPS,NXDOMAIN,0,NXDOMAIN
strd.se,A,NOERROR,1,POSITIVE
strd.se,AAAA,NOERROR,0,NODATA
strd.se,MX,NOERROR,1,POSITIVE
strd.se,TXT,ERROR,0,OTHER
strd.se,NS,NOERROR,2,POSITIVE
strd.se,SOA,NOERROR,1,POSITIVE
strd.se,CAA,NOERROR,3,POSITIVE
strd.se,HTTPS,NXDOMAIN,0,NXDOMAIN
jysk.se,A,NOERROR,2,POSITIVE
jysk.se,AAAA,NOERROR,2,POSITIVE
jysk.se,MX,NOERROR,0,NODATA
jysk.se,TXT,NOERROR,7,POSITIVE
jysk.se,NS,NOERROR,6,POSITIVE
jysk.se,SOA,NOERROR,1,POSITIVE
jysk.se,CAA,NOERROR,0,NODATA
jysk.se,HTTPS,NXDOMAIN,0,NXDOMAIN
proreelmatrix.se,A,NOERROR,2,POSITIVE
proreelmatrix.se,AAAA,NOERROR,2,POSITIVE
proreelmatrix.se,MX,NOERROR,0,NODATA
proreelmatrix.se,TXT,NOERROR,0,NODATA
proreelmatrix.se,NS,NOERROR,2,POSITIVE
proreelmatrix.se,SOA,NOERROR,1,POSITIVE
proreelmatrix.se,CAA,NOERROR,0,NODATA
proreelmatrix.se,HTTPS,NXDOMAIN,0,NXDOMAIN
jogg.se,A,NOERROR,1,POSITIVE
jogg.se,AAAA,NOERROR,0,NODATA
jogg.se,MX,NOERROR,1,POSITIVE
jogg.se,TXT,NOERROR,5,POSITIVE
jogg.se,NS,NOERROR,4,POSITIVE
jogg.se,SOA,NOERROR,1,POSITIVE
jogg.se,CAA,NOERROR,0,NODATA
jogg.se,HTTPS,NXDOMAIN,0,NXDOMAIN
affarsperspekt.se,A,NOERROR,2,POSITIVE
affarsperspekt.se,AAAA,NOERROR,2,POSITIVE
affarsperspekt.se,MX,NOERROR,0,NODATA
affarsperspekt.se,TXT,NOERROR,0,NODATA
affarsperspekt.se,NS,NOERROR,2,POSITIVE
affarsperspekt.se,SOA,NOERROR,1,POSITIVE
affarsperspekt.se,CAA,NOERROR,0,NODATA
affarsperspekt.se,HTTPS,NXDOMAIN,0,NXDOMAIN
cocopanda.se,A,NOERROR,3,POSITIVE
cocopanda.se,AAAA,NOERROR,3,POSITIVE
cocopanda.se,MX,NOERROR,1,POSITIVE
cocopanda.se,TXT,NOERROR,5,POSITIVE
cocopanda.se,NS,NOERROR,2,POSITIVE
cocopanda.se,SOA,NOERROR,1,POSITIVE
cocopanda.se,CAA,NOERROR,0,NODATA
cocopanda.se,HTTPS,NXDOMAIN,0,NXDOMAIN
papersplea.se,A,NOERROR,2,POSITIVE
papersplea.se,AAAA,NOERROR,2,POSITIVE
papersplea.se,MX,NOERROR,2,POSITIVE
papersplea.se,TXT,NOERROR,1,POSITIVE
papersplea.se,NS,NOERROR,2,POSITIVE
papersplea.se,SOA,NOERROR,1,POSITIVE
papersplea.se,CAA,NOERROR,0,NODATA
papersplea.se,HTTPS,NXDOMAIN,0,NXDOMAIN
affarsblickar.se,A,NOERROR,2,POSITIVE
affarsblickar.se,AAAA,NOERROR,2,POSITIVE
affarsblickar.se,MX,NOERROR,0,NODATA
affarsblickar.se,TXT,NOERROR,0,NODATA
affarsblickar.se,NS,NOERROR,2,POSITIVE
affarsblickar.se,SOA,NOERROR,1,POSITIVE
affarsblickar.se,CAA,NOERROR,0,NODATA
affarsblickar.se,HTTPS,NXDOMAIN,0,NXDOMAIN
tackfilm.se,A,NOERROR,2,POSITIVE
tackfilm.se,AAAA,NOERROR,2,POSITIVE
tackfilm.se,MX,NOERROR,0,NODATA
tackfilm.se,TXT,NOERROR,0,NODATA
tackfilm.se,NS,NOERROR,2,POSITIVE
tackfilm.se,SOA,NOERROR,1,POSITIVE
tackfilm.se,CAA,NOERROR,0,NODATA
tackfilm.se,HTTPS,NXDOMAIN,0,NXDOMAIN
branschaktuellt.se,A,NOERROR,2,POSITIVE
branschaktuellt.se,AAAA,NOERROR,2,POSITIVE
branschaktuellt.se,MX,NOERROR,3,POSITIVE
branschaktuellt.se,TXT,NOERROR,2,POSITIVE
branschaktuellt.se,NS,NOERROR,2,POSITIVE
branschaktuellt.se,SOA,NOERROR,1,POSITIVE
branschaktuellt.se,CAA,NOERROR,0,NODATA
branschaktuellt.se,HTTPS,NXDOMAIN,0,NXDOMAIN
livssammanfattning.se,A,NOERROR,2,POSITIVE
livssammanfattning.se,AAAA,NOERROR,2,POSITIVE
livssammanfattning.se,MX,NOERROR,0,NODATA
livssammanfattning.se,TXT,NOERROR,0,NODATA
livssammanfattning.se,NS,NOERROR,2,POSITIVE
livssammanfattning.se,SOA,NOERROR,1,POSITIVE
livssammanfattning.se,CAA,NOERROR,0,NODATA
livssammanfattning.se,HTTPS,NXDOMAIN,0,NXDOMAIN
kulturarvsdata.se,A,NOERROR,1,POSITIVE
kulturarvsdata.se,AAAA,NOERROR,0,NODATA
kulturarvsdata.se,MX,NOERROR,1,POSITIVE
kulturarvsdata.se,TXT,NOERROR,2,POSITIVE
kulturarvsdata.se,NS,NOERROR,2,POSITIVE
kulturarvsdata.se,SOA,NOERROR,1,POSITIVE
kulturarvsdata.se,CAA,NOERROR,0,NODATA
kulturarvsdata.se,HTTPS,NXDOMAIN,0,NXDOMAIN
bilvision.se,A,NOERROR,1,POSITIVE
bilvision.se,AAAA,NOERROR,0,NODATA
bilvision.se,MX,NOERROR,1,POSITIVE
bilvision.se,TXT,NOERROR,6,POSITIVE
bilvision.se,NS,NOERROR,2,POSITIVE
bilvision.se,SOA,NOERROR,1,POSITIVE
bilvision.se,CAA,NOERROR,0,NODATA
bilvision.se,HTTPS,NXDOMAIN,0,NXDOMAIN
samhallsresan.se,A,NOERROR,2,POSITIVE
samhallsresan.se,AAAA,NOERROR,2,POSITIVE
samhallsresan.se,MX,NOERROR,0,NODATA
samhallsresan.se,TXT,NOERROR,0,NODATA
samhallsresan.se,NS,NOERROR,2,POSITIVE
samhallsresan.se,SOA,NOERROR,1,POSITIVE
samhallsresan.se,CAA,NOERROR,0,NODATA
samhallsresan.se,HTTPS,NXDOMAIN,0,NXDOMAIN
gambling.se,A,NOERROR,1,POSITIVE
gambling.se,AAAA,NOERROR,0,NODATA
gambling.se,MX,NOERROR,1,POSITIVE
gambling.se,TXT,NOERROR,1,POSITIVE
gambling.se,NS,NOERROR,2,POSITIVE
gambling.se,SOA,NOERROR,1,POSITIVE
gambling.se,CAA,NOERROR,0,NODATA
gambling.se,HTTPS,NXDOMAIN,0,NXDOMAIN
guldcentrum.se,A,NOERROR,1,POSITIVE
guldcentrum.se,AAAA,NOERROR,0,NODATA
guldcentrum.se,MX,NOERROR,1,POSITIVE
guldcentrum.se,TXT,NOERROR,3,POSITIVE
guldcentrum.se,NS,NOERROR,2,POSITIVE
guldcentrum.se,SOA,NOERROR,1,POSITIVE
guldcentrum.se,CAA,NOERROR,0,NODATA
guldcentrum.se,HTTPS,NXDOMAIN,0,NXDOMAIN
vision.se,A,NOERROR,1,POSITIVE
vision.se,AAAA,NOERROR,1,POSITIVE
vision.se,MX,NOERROR,1,POSITIVE
vision.se,TXT,ERROR,0,OTHER
vision.se,NS,NOERROR,3,POSITIVE
vision.se,SOA,NOERROR,1,POSITIVE
vision.se,CAA,NOERROR,0,NODATA
vision.se,HTTPS,NXDOMAIN,0,NXDOMAIN
martinajohansson.se,A,NOERROR,2,POSITIVE
martinajohansson.se,AAAA,NOERROR,2,POSITIVE
martinajohansson.se,MX,NOERROR,2,POSITIVE
martinajohansson.se,TXT,NOERROR,2,POSITIVE
martinajohansson.se,NS,NOERROR,2,POSITIVE
martinajohansson.se,SOA,NOERROR,1,POSITIVE
martinajohansson.se,CAA,NOERROR,0,NODATA
martinajohansson.se,HTTPS,NXDOMAIN,0,NXDOMAIN
tillvaxtvinklar.se,A,NOERROR,2,POSITIVE
tillvaxtvinklar.se,AAAA,NOERROR,2,POSITIVE
tillvaxtvinklar.se,MX,NOERROR,0,NODATA
tillvaxtvinklar.se,TXT,NOERROR,0,NODATA
tillvaxtvinklar.se,NS,NOERROR,2,POSITIVE
tillvaxtvinklar.se,SOA,NOERROR,1,POSITIVE
tillvaxtvinklar.se,CAA,NOERROR,0,NODATA
tillvaxtvinklar.se,HTTPS,NXDOMAIN,0,NXDOMAIN
trelleborg.se,A,NOERROR,1,POSITIVE
trelleborg.se,AAAA,NOERROR,0,NODATA
trelleborg.se,MX,NOERROR,1,POSITIVE
trelleborg.se,TXT,ERROR,0,OTHER
trelleborg.se,NS,NOERROR,2,POSITIVE
trelleborg.se,SOA,NOERROR,1,POSITIVE
trelleborg.se,CAA,NOERROR,0,NODATA
trelleborg.se,HTTPS,NXDOMAIN,0,NXDOMAIN
moratidning.se,A,NOERROR,1,POSITIVE
moratidning.se,AAAA,NOERROR,0,NODATA
moratidning.se,MX,NOERROR,5,POSITIVE
moratidning.se,TXT,NOERROR,3,POSITIVE
moratidning.se,NS,NOERROR,4,POSITIVE
moratidning.se,SOA,NOERROR,1,POSITIVE
moratidning.se,CAA,NOERROR,0,NODATA
moratidning.se,HTTPS,NXDOMAIN,0,NXDOMAIN
rembutiken.se,A,NOERROR,2,POSITIVE
rembutiken.se,AAAA,NOERROR,2,POSITIVE
rembutiken.se,MX,NOERROR,1,POSITIVE
rembutiken.se,TXT,NOERROR,1,POSITIVE
rembutiken.se,NS,NOERROR,2,POSITIVE
rembutiken.se,SOA,NOERROR,1,POSITIVE
rembutiken.se,CAA,NOERROR,0,NODATA
rembutiken.se,HTTPS,NXDOMAIN,0,NXDOMAIN
bit-net.se,A,NOERROR,1,POSITIVE
bit-net.se,AAAA,NOERROR,0,NODATA
bit-net.se,MX,NOERROR,1,POSITIVE
bit-net.se,TXT,NOERROR,2,POSITIVE
bit-net.se,NS,NOERROR,4,POSITIVE
bit-net.se,SOA,NOERROR,1,POSITIVE
bit-net.se,CAA,NOERROR,0,NODATA
bit-net.se,HTTPS,NXDOMAIN,0,NXDOMAIN
vardagskunskap.se,A,NOERROR,2,POSITIVE
vardagskunskap.se,AAAA,NOERROR,2,POSITIVE
vardagskunskap.se,MX,NOERROR,0,NODATA
vardagskunskap.se,TXT,NOERROR,0,NODATA
vardagskunskap.se,NS,NOERROR,2,POSITIVE
vardagskunskap.se,SOA,NOERROR,1,POSITIVE
vardagskunskap.se,CAA,NOERROR,0,NODATA
vardagskunskap.se,HTTPS,NXDOMAIN,0,NXDOMAIN
invid.se,A,NOERROR,1,POSITIVE
invid.se,AAAA,NOERROR,0,NODATA
invid.se,MX,NOERROR,1,POSITIVE
invid.se,TXT,ERROR,0,OTHER
invid.se,NS,NOERROR,4,POSITIVE
invid.se,SOA,NOERROR,1,POSITIVE
invid.se,CAA,NOERROR,0,NODATA
invid.se,HTTPS,NXDOMAIN,0,NXDOMAIN
apoteket.se,A,NOERROR,1,POSITIVE
apoteket.se,AAAA,NOERROR,0,NODATA
apoteket.se,MX,NOERROR,1,POSITIVE
apoteket.se,TXT,ERROR,0,OTHER
apoteket.se,NS,NOERROR,2,POSITIVE
apoteket.se,SOA,NOERROR,1,POSITIVE
apoteket.se,CAA,NOERROR,0,NODATA
apoteket.se,HTTPS,NXDOMAIN,0,NXDOMAIN
hd.se,A,NOERROR,1,POSITIVE
hd.se,AAAA,NOERROR,0,NODATA
hd.se,MX,NOERROR,5,POSITIVE
hd.se,TXT,ERROR,0,OTHER
hd.se,NS,NOERROR,4,POSITIVE
hd.se,SOA,NOERROR,1,POSITIVE
hd.se,CAA,NOERROR,0,NODATA
hd.se,HTTPS,NXDOMAIN,0,NXDOMAIN
jobtestprep.se,A,NOERROR,3,POSITIVE
jobtestprep.se,AAAA,NOERROR,0,NODATA
jobtestprep.se,MX,NOERROR,0,NODATA
jobtestprep.se,TXT,NOERROR,0,NODATA
jobtestprep.se,NS,NOERROR,4,POSITIVE
jobtestprep.se,SOA,NOERROR,1,POSITIVE
jobtestprep.se,CAA,NOERROR,0,NODATA
jobtestprep.se,HTTPS,NXDOMAIN,0,NXDOMAIN
mejtoft.se,A,NOERROR,1,POSITIVE
mejtoft.se,AAAA,NOERROR,1,POSITIVE
mejtoft.se,MX,NOERROR,4,POSITIVE
mejtoft.se,TXT,NOERROR,0,NODATA
mejtoft.se,NS,NOERROR,2,POSITIVE
mejtoft.se,SOA,NOERROR,1,POSITIVE
mejtoft.se,CAA,NOERROR,0,NODATA
mejtoft.se,HTTPS,NXDOMAIN,0,NXDOMAIN
svenskhalsokost.se,A,NOERROR,2,POSITIVE
svenskhalsokost.se,AAAA,NOERROR,2,POSITIVE
svenskhalsokost.se,MX,NOERROR,4,POSITIVE
svenskhalsokost.se,TXT,NOERROR,3,POSITIVE
svenskhalsokost.se,NS,NOERROR,2,POSITIVE
svenskhalsokost.se,SOA,NOERROR,1,POSITIVE
svenskhalsokost.se,CAA,NOERROR,0,NODATA
svenskhalsokost.se,HTTPS,NXDOMAIN,0,NXDOMAIN
allermedia.se,A,NOERROR,2,POSITIVE
allermedia.se,AAAA,NOERROR,2,POSITIVE
allermedia.se,MX,NOERROR,1,POSITIVE
allermedia.se,TXT,NOERROR,3,POSITIVE
allermedia.se,NS,NOERROR,2,POSITIVE
allermedia.se,SOA,NOERROR,1,POSITIVE
allermedia.se,CAA,NOERROR,0,NODATA
allermedia.se,HTTPS,NXDOMAIN,0,NXDOMAIN
meds.se,A,NOERROR,2,POSITIVE
meds.se,AAAA,NOERROR,2,POSITIVE
meds.se,MX,NOERROR,1,POSITIVE
meds.se,TXT,NOERROR,4,POSITIVE
meds.se,NS,NOERROR,2,POSITIVE
meds.se,SOA,NOERROR,1,POSITIVE
meds.se,CAA,NOERROR,0,NODATA
meds.se,HTTPS,NXDOMAIN,0,NXDOMAIN
curling.se,A,NOERROR,1,POSITIVE
curling.se,AAAA,NOERROR,0,NODATA
curling.se,MX,NOERROR,1,POSITIVE
curling.se,TXT,NOERROR,4,POSITIVE
curling.se,NS,NOERROR,3,POSITIVE
curling.se,SOA,NOERROR,1,POSITIVE
curling.se,CAA,NOERROR,1,POSITIVE
curling.se,HTTPS,NXDOMAIN,0,NXDOMAIN
dnsserver.se,A,NOERROR,0,NODATA
dnsserver.se,AAAA,NOERROR,0,NODATA
dnsserver.se,MX,NOERROR,3,POSITIVE
dnsserver.se,TXT,NOERROR,1,POSITIVE
dnsserver.se,NS,NOERROR,4,POSITIVE
dnsserver.se,SOA,NOERROR,1,POSITIVE
dnsserver.se,CAA,NOERROR,0,NODATA
dnsserver.se,HTTPS,NXDOMAIN,0,NXDOMAIN
ovolin.se,A,NOERROR,2,POSITIVE
ovolin.se,AAAA,NOERROR,2,POSITIVE
ovolin.se,MX,NOERROR,5,POSITIVE
ovolin.se,TXT,NOERROR,5,POSITIVE
ovolin.se,NS,NOERROR,2,POSITIVE
ovolin.se,SOA,NOERROR,1,POSITIVE
ovolin.se,CAA,NOERROR,0,NODATA
ovolin.se,HTTPS,NXDOMAIN,0,NXDOMAIN
tfpdl.se,A,NOERROR,3,POSITIVE
tfpdl.se,AAAA,NOERROR,3,POSITIVE
tfpdl.se,MX,NXDOMAIN,3,NXDOMAIN
tfpdl.se,TXT,NXDOMAIN,3,NXDOMAIN
tfpdl.se,NS,NXDOMAIN,3,NXDOMAIN
tfpdl.se,SOA,NOERROR,3,POSITIVE
tfpdl.se,CAA,NXDOMAIN,3,NXDOMAIN
tfpdl.se,HTTPS,NXDOMAIN,0,NXDOMAIN
tillvaxtoversikt.se,A,NOERROR,2,POSITIVE
tillvaxtoversikt.se,AAAA,NOERROR,2,POSITIVE
tillvaxtoversikt.se,MX,NOERROR,0,NODATA
tillvaxtoversikt.se,TXT,NOERROR,0,NODATA
tillvaxtoversikt.se,NS,NOERROR,2,POSITIVE
tillvaxtoversikt.se,SOA,NOERROR,1,POSITIVE
tillvaxtoversikt.se,CAA,NOERROR,0,NODATA
tillvaxtoversikt.se,HTTPS,NXDOMAIN,0,NXDOMAIN
his.se,A,NOERROR,1,POSITIVE
his.se,AAAA,NOERROR,0,NODATA
his.se,MX,NOERROR,1,POSITIVE
his.se,TXT,NOERROR,3,POSITIVE
his.se,NS,NOERROR,3,POSITIVE
his.se,SOA,NOERROR,1,POSITIVE
his.se,CAA,NOERROR,4,POSITIVE
his.se,HTTPS,NXDOMAIN,0,NXDOMAIN
kitchnsverige.se,A,NOERROR,1,POSITIVE
kitchnsverige.se,AAAA,NOERROR,0,NODATA
kitchnsverige.se,MX,NOERROR,1,POSITIVE
kitchnsverige.se,TXT,ERROR,0,OTHER
kitchnsverige.se,NS,NOERROR,2,POSITIVE
kitchnsverige.se,SOA,NOERROR,1,POSITIVE
kitchnsverige.se,CAA,NOERROR,0,NODATA
kitchnsverige.se,HTTPS,NXDOMAIN,0,NXDOMAIN
swehockeycup.se,A,NOERROR,1,POSITIVE
swehockeycup.se,AAAA,NOERROR,0,NODATA
swehockeycup.se,MX,NOERROR,1,POSITIVE
swehockeycup.se,TXT,NOERROR,3,POSITIVE
swehockeycup.se,NS,NOERROR,4,POSITIVE
swehockeycup.se,SOA,NOERROR,1,POSITIVE
swehockeycup.se,CAA,NOERROR,0,NODATA
swehockeycup.se,HTTPS,NXDOMAIN,0,NXDOMAIN
innehallsmedia.se,A,NOERROR,2,POSITIVE
innehallsmedia.se,AAAA,NOERROR,2,POSITIVE
innehallsmedia.se,MX,NOERROR,0,NODATA
innehallsmedia.se,TXT,NOERROR,0,NODATA
innehallsmedia.se,NS,NOERROR,2,POSITIVE
innehallsmedia.se,SOA,NOERROR,1,POSITIVE
innehallsmedia.se,CAA,NOERROR,0,NODATA
innehallsmedia.se,HTTPS,NXDOMAIN,0,NXDOMAIN
bolist.se,A,NOERROR,2,POSITIVE
bolist.se,AAAA,NOERROR,2,POSITIVE
bolist.se,MX,NOERROR,1,POSITIVE
bolist.se,TXT,NOERROR,5,POSITIVE
bolist.se,NS,NOERROR,2,POSITIVE
bolist.se,SOA,NOERROR,1,POSITIVE
bolist.se,CAA,NOERROR,0,NODATA
bolist.se,HTTPS,NXDOMAIN,0,NXDOMAIN
jra.se,A,NOERROR,1,POSITIVE
jra.se,AAAA,NOERROR,0,NODATA
jra.se,MX,NOERROR,1,POSITIVE
jra.se,TXT,NOERROR,3,POSITIVE
jra.se,NS,NOERROR,3,POSITIVE
jra.se,SOA,NOERROR,1,POSITIVE
jra.se,CAA,NOERROR,0,NODATA
jra.se,HTTPS,NXDOMAIN,0,NXDOMAIN
nordisktextil.se,A,NOERROR,2,POSITIVE
nordisktextil.se,AAAA,NOERROR,0,NODATA
nordisktextil.se,MX,NOERROR,2,POSITIVE
nordisktextil.se,TXT,NOERROR,5,POSITIVE
nordisktextil.se,NS,NOERROR,2,POSITIVE
nordisktextil.se,SOA,NOERROR,1,POSITIVE
nordisktextil.se,CAA,NOERROR,0,NODATA
nordisktextil.se,HTTPS,NXDOMAIN,0,NXDOMAIN
lorealparis.se,A,NOERROR,2,POSITIVE
lorealparis.se,AAAA,NOERROR,2,POSITIVE
lorealparis.se,MX,NOERROR,0,NODATA
lorealparis.se,TXT,NOERROR,3,POSITIVE
lorealparis.se,NS,NOERROR,2,POSITIVE
lorealparis.se,SOA,NOERROR,1,POSITIVE
lorealparis.se,CAA,NOERROR,0,NODATA
lorealparis.se,HTTPS,NXDOMAIN,0,NXDOMAIN
frokenfraken.se,A,NOERROR,1,POSITIVE
frokenfraken.se,AAAA,NOERROR,0,NODATA
frokenfraken.se,MX,NOERROR,1,POSITIVE
frokenfraken.se,TXT,NOERROR,1,POSITIVE
frokenfraken.se,NS,NOERROR,4,POSITIVE
frokenfraken.se,SOA,NOERROR,1,POSITIVE
frokenfraken.se,CAA,NOERROR,0,NODATA
frokenfraken.se,HTTPS,NXDOMAIN,0,NXDOMAIN
market.se,A,NOERROR,1,POSITIVE
market.se,AAAA,NOERROR,0,NODATA
market.se,MX,NOERROR,5,POSITIVE
market.se,TXT,ERROR,0,OTHER
market.se,NS,NOERROR,4,POSITIVE
market.se,SOA,NOERROR,1,POSITIVE
market.se,CAA,NOERROR,0,NODATA
market.se,HTTPS,NXDOMAIN,0,NXDOMAIN
elgiganten.se,A,NOERROR,1,POSITIVE
elgiganten.se,AAAA,NOERROR,0,NODATA
elgiganten.se,MX,NOERROR,1,POSITIVE
elgiganten.se,TXT,ERROR,0,OTHER
elgiganten.se,NS,NOERROR,4,POSITIVE
elgiganten.se,SOA,NOERROR,1,POSITIVE
elgiganten.se,CAA,NOERROR,0,NODATA
elgiganten.se,HTTPS,NXDOMAIN,0,NXDOMAIN
junora.se,A,NOERROR,1,POSITIVE
junora.se,AAAA,NOERROR,0,NODATA
junora.se,MX,NOERROR,1,POSITIVE
junora.se,TXT,NOERROR,6,POSITIVE
junora.se,NS,NOERROR,2,POSITIVE
junora.se,SOA,NOERROR,1,POSITIVE
junora.se,CAA,NOERROR,0,NODATA
junora.se,HTTPS,NXDOMAIN,0,NXDOMAIN
affarssammanfattning.se,A,NOERROR,2,POSITIVE
affarssammanfattning.se,AAAA,NOERROR,2,POSITIVE
affarssammanfattning.se,MX,NOERROR,0,NODATA
affarssammanfattning.se,TXT,NOERROR,0,NODATA
affarssammanfattning.se,NS,NOERROR,2,POSITIVE
affarssammanfattning.se,SOA,NOERROR,1,POSITIVE
affarssammanfattning.se,CAA,NOERROR,0,NODATA
affarssammanfattning.se,HTTPS,NXDOMAIN,0,NXDOMAIN
tiendeo.se,A,NOERROR,4,POSITIVE
tiendeo.se,AAAA,NOERROR,8,POSITIVE
tiendeo.se,MX,NOERROR,5,POSITIVE
tiendeo.se,TXT,NOERROR,5,POSITIVE
tiendeo.se,NS,NOERROR,4,POSITIVE
tiendeo.se,SOA,NOERROR,1,POSITIVE
tiendeo.se,CAA,NOERROR,0,NODATA
tiendeo.se,HTTPS,NXDOMAIN,0,NXDOMAIN
spelbutiken.se,A,NOERROR,3,POSITIVE
spelbutiken.se,AAAA,NOERROR,3,POSITIVE
spelbutiken.se,MX,NOERROR,2,POSITIVE
spelbutiken.se,TXT,NOERROR,1,POSITIVE
spelbutiken.se,NS,NOERROR,2,POSITIVE
spelbutiken.se,SOA,NOERROR,1,POSITIVE
spelbutiken.se,CAA,ERROR,0,OTHER
spelbutiken.se,HTTPS,NXDOMAIN,0,NXDOMAIN
alltforforaldrar.se,A,NOERROR,3,POSITIVE
alltforforaldrar.se,AAAA,NOERROR,3,POSITIVE
alltforforaldrar.se,MX,NOERROR,5,POSITIVE
alltforforaldrar.se,TXT,ERROR,0,OTHER
alltforforaldrar.se,NS,NOERROR,2,POSITIVE
alltforforaldrar.se,SOA,NOERROR,1,POSITIVE
alltforforaldrar.se,CAA,ERROR,0,OTHER
alltforforaldrar.se,HTTPS,NXDOMAIN,0,NXDOMAIN
nrm.se,A,NOERROR,1,POSITIVE
nrm.se,AAAA,NOERROR,1,POSITIVE
nrm.se,MX,NOERROR,4,POSITIVE
nrm.se,TXT,ERROR,0,OTHER
nrm.se,NS,NOERROR,3,POSITIVE
nrm.se,SOA,NOERROR,1,POSITIVE
nrm.se,CAA,NOERROR,0,NODATA
nrm.se,HTTPS,NXDOMAIN,0,NXDOMAIN
softonic.se,A,NOERROR,4,POSITIVE
softonic.se,AAAA,NOERROR,0,NODATA
softonic.se,MX,NOERROR,0,NODATA
softonic.se,TXT,NOERROR,1,POSITIVE
softonic.se,NS,NOERROR,4,POSITIVE
softonic.se,SOA,NOERROR,1,POSITIVE
softonic.se,CAA,NOERROR,0,NODATA
softonic.se,HTTPS,NXDOMAIN,0,NXDOMAIN
pro.se,A,NOERROR,1,POSITIVE
pro.se,AAAA,NOERROR,0,NODATA
pro.se,MX,NOERROR,1,POSITIVE
pro.se,TXT,NOERROR,6,POSITIVE
pro.se,NS,NOERROR,3,POSITIVE
pro.se,SOA,NOERROR,1,POSITIVE
pro.se,CAA,NOERROR,0,NODATA
pro.se,HTTPS,NXDOMAIN,0,NXDOMAIN
digikey.se,A,NOERROR,1,POSITIVE
digikey.se,AAAA,NOERROR,0,NODATA
digikey.se,MX,NOERROR,3,POSITIVE
digikey.se,TXT,NOERROR,4,POSITIVE
digikey.se,NS,NOERROR,4,POSITIVE
digikey.se,SOA,NOERROR,1,POSITIVE
digikey.se,CAA,NOERROR,0,NODATA
digikey.se,HTTPS,NXDOMAIN,0,NXDOMAIN
polisen.se,A,NOERROR,1,POSITIVE
polisen.se,AAAA,NOERROR,1,POSITIVE
polisen.se,MX,NOERROR,2,POSITIVE
polisen.se,TXT,ERROR,0,OTHER
polisen.se,NS,NOERROR,6,POSITIVE
polisen.se,SOA,NOERROR,1,POSITIVE
polisen.se,CAA,NOERROR,2,POSITIVE
polisen.se,HTTPS,NXDOMAIN,0,NXDOMAIN
ilait.se,A,NOERROR,1,POSITIVE
ilait.se,AAAA,NOERROR,0,NODATA
ilait.se,MX,NOERROR,1,POSITIVE
ilait.se,TXT,NOERROR,1,POSITIVE
ilait.se,NS,NOERROR,4,POSITIVE
ilait.se,SOA,NOERROR,1,POSITIVE
ilait.se,CAA,NOERROR,0,NODATA
ilait.se,HTTPS,NXDOMAIN,0,NXDOMAIN
koordinater.se,A,NOERROR,2,POSITIVE
koordinater.se,AAAA,NOERROR,2,POSITIVE
koordinater.se,MX,NOERROR,5,POSITIVE
koordinater.se,TXT,NOERROR,3,POSITIVE
koordinater.se,NS,NOERROR,2,POSITIVE
koordinater.se,SOA,NOERROR,1,POSITIVE
koordinater.se,CAA,NOERROR,0,NODATA
koordinater.se,HTTPS,NXDOMAIN,0,NXDOMAIN
smutba.se,A,NOERROR,1,POSITIVE
smutba.se,AAAA,NOERROR,1,POSITIVE
smutba.se,MX,NOERROR,1,POSITIVE
smutba.se,TXT,NOERROR,3,POSITIVE
smutba.se,NS,NOERROR,3,POSITIVE
smutba.se,SOA,NOERROR,1,POSITIVE
smutba.se,CAA,NOERROR,0,NODATA
smutba.se,HTTPS,NXDOMAIN,0,NXDOMAIN
nfbio.se,A,NOERROR,1,POSITIVE
nfbio.se,AAAA,NOERROR,0,NODATA
nfbio.se,MX,NOERROR,1,POSITIVE
nfbio.se,TXT,NOERROR,6,POSITIVE
nfbio.se,NS,NOERROR,4,POSITIVE
nfbio.se,SOA,NOERROR,1,POSITIVE
nfbio.se,CAA,NOERROR,0,NODATA
nfbio.se,HTTPS,NXDOMAIN,0,NXDOMAIN
tele2play.se,A,NOERROR,1,POSITIVE
tele2play.se,AAAA,NOERROR,0,NODATA
tele2play.se,MX,NOERROR,1,POSITIVE
tele2play.se,TXT,NOERROR,4,POSITIVE
tele2play.se,NS,NOERROR,3,POSITIVE
tele2play.se,SOA,NOERROR,1,POSITIVE
tele2play.se,CAA,NOERROR,2,POSITIVE
tele2play.se,HTTPS,NXDOMAIN,0,NXDOMAIN
travsport.se,A,NOERROR,1,POSITIVE
travsport.se,AAAA,NOERROR,0,NODATA
travsport.se,MX,NOERROR,1,POSITIVE
travsport.se,TXT,ERROR,0,OTHER
travsport.se,NS,NOERROR,5,POSITIVE
travsport.se,SOA,NOERROR,1,POSITIVE
travsport.se,CAA,NOERROR,0,NODATA
travsport.se,HTTPS,NXDOMAIN,0,NXDOMAIN
ifiske.se,A,NOERROR,1,POSITIVE
ifiske.se,AAAA,NOERROR,0,NODATA
ifiske.se,MX,NOERROR,1,POSITIVE
ifiske.se,TXT,NOERROR,4,POSITIVE
ifiske.se,NS,NOERROR,4,POSITIVE
ifiske.se,SOA,NOERROR,1,POSITIVE
ifiske.se,CAA,NOERROR,0,NODATA
ifiske.se,HTTPS,NXDOMAIN,0,NXDOMAIN
antagningsstatistik.se,A,NOERROR,2,POSITIVE
antagningsstatistik.se,AAAA,NOERROR,2,POSITIVE
antagningsstatistik.se,MX,NOERROR,0,NODATA
antagningsstatistik.se,TXT,NOERROR,0,NODATA
antagningsstatistik.se,NS,NOERROR,2,POSITIVE
antagningsstatistik.se,SOA,NOERROR,1,POSITIVE
antagningsstatistik.se,CAA,NOERROR,0,NODATA
antagningsstatistik.se,HTTPS,NXDOMAIN,0,NXDOMAIN
alfakassan.se,A,NOERROR,1,POSITIVE
alfakassan.se,AAAA,NOERROR,0,NODATA
alfakassan.se,MX,NOERROR,1,POSITIVE
alfakassan.se,TXT,ERROR,0,OTHER
alfakassan.se,NS,NOERROR,2,POSITIVE
alfakassan.se,SOA,NOERROR,1,POSITIVE
alfakassan.se,CAA,NOERROR,0,NODATA
alfakassan.se,HTTPS,NXDOMAIN,0,NXDOMAIN
tankeforum.se,A,NOERROR,2,POSITIVE
tankeforum.se,AAAA,NOERROR,2,POSITIVE
tankeforum.se,MX,NOERROR,0,NODATA
tankeforum.se,TXT,NOERROR,0,NODATA
tankeforum.se,NS,NOERROR,2,POSITIVE
tankeforum.se,SOA,NOERROR,1,POSITIVE
tankeforum.se,CAA,NOERROR,0,NODATA
tankeforum.se,HTTPS,NXDOMAIN,0,NXDOMAIN
autokatalogen.se,A,NOERROR,1,POSITIVE
autokatalogen.se,AAAA,NOERROR,0,NODATA
autokatalogen.se,MX,NOERROR,1,POSITIVE
autokatalogen.se,TXT,NOERROR,7,POSITIVE
autokatalogen.se,NS,NOERROR,4,POSITIVE
autokatalogen.se,SOA,NOERROR,1,POSITIVE
autokatalogen.se,CAA,NOERROR,0,NODATA
autokatalogen.se,HTTPS,NXDOMAIN,0,NXDOMAIN
raa.se,A,NOERROR,1,POSITIVE
raa.se,AAAA,NOERROR,0,NODATA
raa.se,MX,NOERROR,1,POSITIVE
raa.se,TXT,NOERROR,4,POSITIVE
raa.se,NS,NOERROR,3,POSITIVE
raa.se,SOA,NOERROR,1,POSITIVE
raa.se,CAA,NOERROR,0,NODATA
raa.se,HTTPS,NXDOMAIN,0,NXDOMAIN
test.se,A,NOERROR,2,POSITIVE
test.se,AAAA,NOERROR,2,POSITIVE
test.se,MX,NOERROR,0,NODATA
test.se,TXT,NOERROR,2,POSITIVE
test.se,NS,NOERROR,2,POSITIVE
test.se,SOA,NOERROR,1,POSITIVE
test.se,CAA,NOERROR,0,NODATA
test.se,HTTPS,NXDOMAIN,0,NXDOMAIN
zalando.se,A,NOERROR,4,POSITIVE
zalando.se,AAAA,NOERROR,8,POSITIVE
zalando.se,MX,NOERROR,5,POSITIVE
zalando.se,TXT,ERROR,0,OTHER
zalando.se,NS,NOERROR,4,POSITIVE
zalando.se,SOA,NOERROR,1,POSITIVE
zalando.se,CAA,NOERROR,0,NODATA
zalando.se,HTTPS,NXDOMAIN,0,NXDOMAIN
varden.se,A,NOERROR,1,POSITIVE
varden.se,AAAA,NOERROR,0,NODATA
varden.se,MX,NOERROR,7,POSITIVE
varden.se,TXT,NOERROR,5,POSITIVE
varden.se,NS,NOERROR,4,POSITIVE
varden.se,SOA,NOERROR,1,POSITIVE
varden.se,CAA,NOERROR,0,NODATA
varden.se,HTTPS,NXDOMAIN,0,NXDOMAIN
benders.se,A,NOERROR,1,POSITIVE
benders.se,AAAA,NOERROR,0,NODATA
benders.se,MX,NOERROR,1,POSITIVE
benders.se,TXT,NOERROR,3,POSITIVE
benders.se,NS,NOERROR,2,POSITIVE
benders.se,SOA,NOERROR,1,POSITIVE
benders.se,CAA,NOERROR,2,POSITIVE
benders.se,HTTPS,NXDOMAIN,0,NXDOMAIN
shithou.se,A,NOERROR,1,POSITIVE
shithou.se,AAAA,NOERROR,1,POSITIVE
shithou.se,MX,NOERROR,1,POSITIVE
shithou.se,TXT,NOERROR,1,POSITIVE
shithou.se,NS,NOERROR,5,POSITIVE
shithou.se,SOA,NOERROR,1,POSITIVE
shithou.se,CAA,NOERROR,0,NODATA
shithou.se,HTTPS,NXDOMAIN,0,NXDOMAIN
dagensjuridik.se,A,NOERROR,3,POSITIVE
dagensjuridik.se,AAAA,NOERROR,3,POSITIVE
dagensjuridik.se,MX,NOERROR,1,POSITIVE
dagensjuridik.se,TXT,NOERROR,3,POSITIVE
dagensjuridik.se,NS,NOERROR,2,POSITIVE
dagensjuridik.se,SOA,NOERROR,1,POSITIVE
dagensjuridik.se,CAA,NOERROR,0,NODATA
dagensjuridik.se,HTTPS,NXDOMAIN,0,NXDOMAIN
okq8.se,A,NOERROR,1,POSITIVE
okq8.se,AAAA,NOERROR,1,POSITIVE
okq8.se,MX,NOERROR,1,POSITIVE
okq8.se,TXT,ERROR,0,OTHER
okq8.se,NS,NOERROR,2,POSITIVE
okq8.se,SOA,NOERROR,1,POSITIVE
okq8.se,CAA,NOERROR,10,POSITIVE
okq8.se,HTTPS,NXDOMAIN,0,NXDOMAIN
poeter.se,A,NOERROR,1,POSITIVE
poeter.se,AAAA,NOERROR,0,NODATA
poeter.se,MX,NOERROR,5,POSITIVE
poeter.se,TXT,NOERROR,0,NODATA
poeter.se,NS,NOERROR,2,POSITIVE
poeter.se,SOA,NOERROR,1,POSITIVE
poeter.se,CAA,NOERROR,0,NODATA
poeter.se,HTTPS,NXDOMAIN,0,NXDOMAIN
lindehobby.se,A,NOERROR,1,POSITIVE
lindehobby.se,AAAA,NOERROR,0,NODATA
lindehobby.se,MX,NOERROR,7,POSITIVE
lindehobby.se,TXT,NOERROR,5,POSITIVE
lindehobby.se,NS,NOERROR,2,POSITIVE
lindehobby.se,SOA,NOERROR,1,POSITIVE
lindehobby.se,CAA,NOERROR,0,NODATA
lindehobby.se,HTTPS,NXDOMAIN,0,NXDOMAIN
norrmalerier.se,A,NXDOMAIN,0,NXDOMAIN
norrmalerier.se,AAAA,NXDOMAIN,0,NXDOMAIN
norrmalerier.se,MX,NXDOMAIN,0,NXDOMAIN
norrmalerier.se,TXT,NXDOMAIN,0,NXDOMAIN
norrmalerier.se,NS,NXDOMAIN,0,NXDOMAIN
norrmalerier.se,SOA,NXDOMAIN,0,NXDOMAIN
norrmalerier.se,CAA,NXDOMAIN,0,NXDOMAIN
norrmalerier.se,HTTPS,NXDOMAIN,0,NXDOMAIN
sppfonder.se,A,NOERROR,1,POSITIVE
sppfonder.se,AAAA,NOERROR,0,NODATA
sppfonder.se,MX,NOERROR,2,POSITIVE
sppfonder.se,TXT,ERROR,0,OTHER
sppfonder.se,NS,NOERROR,4,POSITIVE
sppfonder.se,SOA,NOERROR,1,POSITIVE
sppfonder.se,CAA,NOERROR,0,NODATA
sppfonder.se,HTTPS,NXDOMAIN,0,NXDOMAIN
tv-tabla.se,A,NOERROR,1,POSITIVE
tv-tabla.se,AAAA,NOERROR,0,NODATA
tv-tabla.se,MX,NOERROR,2,POSITIVE
tv-tabla.se,TXT,NOERROR,1,POSITIVE
tv-tabla.se,NS,NOERROR,2,POSITIVE
tv-tabla.se,SOA,NOERROR,1,POSITIVE
tv-tabla.se,CAA,NOERROR,0,NODATA
tv-tabla.se,HTTPS,NXDOMAIN,0,NXDOMAIN
desiserials.se,A,NOERROR,0,NODATA
desiserials.se,AAAA,NOERROR,0,NODATA
desiserials.se,MX,NOERROR,0,NODATA
desiserials.se,TXT,NOERROR,0,NODATA
desiserials.se,NS,NOERROR,2,POSITIVE
desiserials.se,SOA,NOERROR,1,POSITIVE
desiserials.se,CAA,NOERROR,0,NODATA
desiserials.se,HTTPS,NXDOMAIN,0,NXDOMAIN
vardagsnyanser.se,A,NOERROR,2,POSITIVE
vardagsnyanser.se,AAAA,NOERROR,2,POSITIVE
vardagsnyanser.se,MX,NOERROR,0,NODATA
vardagsnyanser.se,TXT,NOERROR,0,NODATA
vardagsnyanser.se,NS,NOERROR,2,POSITIVE
vardagsnyanser.se,SOA,NOERROR,1,POSITIVE
vardagsnyanser.se,CAA,NOERROR,0,NODATA
vardagsnyanser.se,HTTPS,NXDOMAIN,0,NXDOMAIN
hoabauktioner.se,A,NOERROR,1,POSITIVE
hoabauktioner.se,AAAA,NOERROR,0,NODATA
hoabauktioner.se,MX,NOERROR,1,POSITIVE
hoabauktioner.se,TXT,NOERROR,2,POSITIVE
hoabauktioner.se,NS,NOERROR,2,POSITIVE
hoabauktioner.se,SOA,NOERROR,1,POSITIVE
hoabauktioner.se,CAA,NOERROR,0,NODATA
hoabauktioner.se,HTTPS,NXDOMAIN,0,NXDOMAIN
affarsarenan.se,A,NOERROR,2,POSITIVE
affarsarenan.se,AAAA,NOERROR,2,POSITIVE
affarsarenan.se,MX,NOERROR,0,NODATA
affarsarenan.se,TXT,NOERROR,0,NODATA
affarsarenan.se,NS,NOERROR,2,POSITIVE
affarsarenan.se,SOA,NOERROR,1,POSITIVE
affarsarenan.se,CAA,NOERROR,0,NODATA
affarsarenan.se,HTTPS,NXDOMAIN,0,NXDOMAIN
egensajt.se,A,NOERROR,1,POSITIVE
egensajt.se,AAAA,NOERROR,0,NODATA
egensajt.se,MX,NOERROR,4,POSITIVE
egensajt.se,TXT,NOERROR,1,POSITIVE
egensajt.se,NS,NOERROR,4,POSITIVE
egensajt.se,SOA,NOERROR,1,POSITIVE
egensajt.se,CAA,NOERROR,1,POSITIVE
egensajt.se,HTTPS,NXDOMAIN,0,NXDOMAIN
korkortonline.se,A,NOERROR,1,POSITIVE
korkortonline.se,AAAA,NOERROR,0,NODATA
korkortonline.se,MX,NOERROR,1,POSITIVE
korkortonline.se,TXT,NOERROR,2,POSITIVE
korkortonline.se,NS,NOERROR,2,POSITIVE
korkortonline.se,SOA,NOERROR,1,POSITIVE
korkortonline.se,CAA,NOERROR,6,POSITIVE
korkortonline.se,HTTPS,NXDOMAIN,0,NXDOMAIN
mouser.se,A,NOERROR,1,POSITIVE
mouser.se,AAAA,NOERROR,0,NODATA
mouser.se,MX,NOERROR,0,NODATA
mouser.se,TXT,NOERROR,8,POSITIVE
mouser.se,NS,NOERROR,2,POSITIVE
mouser.se,SOA,NOERROR,1,POSITIVE
mouser.se,CAA,NOERROR,0,NODATA
mouser.se,HTTPS,NXDOMAIN,0,NXDOMAIN
svenskdam.se,A,NOERROR,2,POSITIVE
svenskdam.se,AAAA,NOERROR,2,POSITIVE
svenskdam.se,MX,NOERROR,1,POSITIVE
svenskdam.se,TXT,ERROR,0,OTHER
svenskdam.se,NS,NOERROR,2,POSITIVE
svenskdam.se,SOA,NOERROR,1,POSITIVE
svenskdam.se,CAA,ERROR,0,OTHER
svenskdam.se,HTTPS,NXDOMAIN,0,NXDOMAIN
masai.se,A,NOERROR,2,POSITIVE
masai.se,AAAA,NOERROR,0,NODATA
masai.se,MX,NOERROR,4,POSITIVE
masai.se,TXT,ERROR,0,OTHER
masai.se,NS,NOERROR,2,POSITIVE
masai.se,SOA,NOERROR,1,POSITIVE
masai.se,CAA,NOERROR,0,NODATA
masai.se,HTTPS,NXDOMAIN,0,NXDOMAIN
pin.se,A,NOERROR,1,POSITIVE
pin.se,AAAA,NOERROR,0,NODATA
pin.se,MX,NOERROR,1,POSITIVE
pin.se,TXT,ERROR,0,OTHER
pin.se,NS,NOERROR,3,POSITIVE
pin.se,SOA,NOERROR,1,POSITIVE
pin.se,CAA,NOERROR,0,NODATA
pin.se,HTTPS,NXDOMAIN,0,NXDOMAIN
universal.se,A,NOERROR,1,POSITIVE
universal.se,AAAA,NOERROR,0,NODATA
universal.se,MX,NOERROR,1,POSITIVE
universal.se,TXT,NOERROR,3,POSITIVE
universal.se,NS,NOERROR,4,POSITIVE
universal.se,SOA,NOERROR,1,POSITIVE
universal.se,CAA,NOERROR,0,NODATA
universal.se,HTTPS,NXDOMAIN,0,NXDOMAIN
destinationuppsala.se,A,NOERROR,1,POSITIVE
destinationuppsala.se,AAAA,NOERROR,0,NODATA
destinationuppsala.se,MX,NOERROR,1,POSITIVE
destinationuppsala.se,TXT,NOERROR,3,POSITIVE
destinationuppsala.se,NS,NOERROR,4,POSITIVE
destinationuppsala.se,SOA,NOERROR,1,POSITIVE
destinationuppsala.se,CAA,NOERROR,0,NODATA
destinationuppsala.se,HTTPS,NXDOMAIN,0,NXDOMAIN
bliss205.se,A,NOERROR,1,POSITIVE
bliss205.se,AAAA,NOERROR,0,NODATA
bliss205.se,MX,NOERROR,1,POSITIVE
bliss205.se,TXT,NOERROR,1,POSITIVE
bliss205.se,NS,NOERROR,3,POSITIVE
bliss205.se,SOA,NOERROR,1,POSITIVE
bliss205.se,CAA,NOERROR,0,NODATA
bliss205.se,HTTPS,NXDOMAIN,0,NXDOMAIN
europaportalen.se,A,NOERROR,1,POSITIVE
europaportalen.se,AAAA,NOERROR,1,POSITIVE
europaportalen.se,MX,NOERROR,2,POSITIVE
europaportalen.se,TXT,NOERROR,1,POSITIVE
europaportalen.se,NS,NOERROR,3,POSITIVE
europaportalen.se,SOA,NOERROR,1,POSITIVE
europaportalen.se,CAA,NOERROR,0,NODATA
europaportalen.se,HTTPS,NXDOMAIN,0,NXDOMAIN
neweratech.se,A,NOERROR,2,POSITIVE
neweratech.se,AAAA,NOERROR,2,POSITIVE
neweratech.se,MX,NOERROR,0,NODATA
neweratech.se,TXT,NOERROR,0,NODATA
neweratech.se,NS,NOERROR,2,POSITIVE
neweratech.se,SOA,NOERROR,1,POSITIVE
neweratech.se,CAA,NOERROR,0,NODATA
neweratech.se,HTTPS,NXDOMAIN,0,NXDOMAIN
anodefactory.se,A,NOERROR,1,POSITIVE
anodefactory.se,AAAA,NOERROR,0,NODATA
anodefactory.se,MX,NOERROR,0,NODATA
anodefactory.se,TXT,NOERROR,2,POSITIVE
anodefactory.se,NS,NOERROR,2,POSITIVE
anodefactory.se,SOA,NOERROR,1,POSITIVE
anodefactory.se,CAA,NOERROR,0,NODATA
anodefactory.se,HTTPS,NXDOMAIN,0,NXDOMAIN
regionuppsala.se,A,NOERROR,1,POSITIVE
regionuppsala.se,AAAA,NOERROR,1,POSITIVE
regionuppsala.se,MX,NOERROR,1,POSITIVE
regionuppsala.se,TXT,NOERROR,6,POSITIVE
regionuppsala.se,NS,NOERROR,3,POSITIVE
regionuppsala.se,SOA,NOERROR,1,POSITIVE
regionuppsala.se,CAA,NOERROR,0,NODATA
regionuppsala.se,HTTPS,NXDOMAIN,0,NXDOMAIN
tankeresan.se,A,NOERROR,2,POSITIVE
tankeresan.se,AAAA,NOERROR,2,POSITIVE
tankeresan.se,MX,NOERROR,0,NODATA
tankeresan.se,TXT,NOERROR,0,NODATA
tankeresan.se,NS,NOERROR,2,POSITIVE
tankeresan.se,SOA,NOERROR,1,POSITIVE
tankeresan.se,CAA,NOERROR,0,NODATA
tankeresan.se,HTTPS,NXDOMAIN,0,NXDOMAIN
lg.se,A,NOERROR,1,POSITIVE
lg.se,AAAA,NOERROR,1,POSITIVE
lg.se,MX,NOERROR,1,POSITIVE
lg.se,TXT,ERROR,0,OTHER
lg.se,NS,NOERROR,2,POSITIVE
lg.se,SOA,NOERROR,1,POSITIVE
lg.se,CAA,NOERROR,0,NODATA
lg.se,HTTPS,NXDOMAIN,0,NXDOMAIN
booli.se,A,NOERROR,2,POSITIVE
booli.se,AAAA,NOERROR,2,POSITIVE
booli.se,MX,NOERROR,7,POSITIVE
booli.se,TXT,ERROR,0,OTHER
booli.se,NS,NOERROR,3,POSITIVE
booli.se,SOA,NOERROR,1,POSITIVE
booli.se,CAA,ERROR,0,OTHER
booli.se,HTTPS,NXDOMAIN,0,NXDOMAIN
socialdemokraterna.se,A,NOERROR,1,POSITIVE
socialdemokraterna.se,AAAA,NOERROR,0,NODATA
socialdemokraterna.se,MX,NOERROR,1,POSITIVE
socialdemokraterna.se,TXT,NOERROR,3,POSITIVE
socialdemokraterna.se,NS,NOERROR,3,POSITIVE
socialdemokraterna.se,SOA,NOERROR,1,POSITIVE
socialdemokraterna.se,CAA,NOERROR,0,NODATA
socialdemokraterna.se,HTTPS,NXDOMAIN,0,NXDOMAIN
imusic.se,A,NOERROR,2,POSITIVE
imusic.se,AAAA,NOERROR,0,NODATA
imusic.se,MX,NOERROR,5,POSITIVE
imusic.se,TXT,NOERROR,2,POSITIVE
imusic.se,NS,NOERROR,2,POSITIVE
imusic.se,SOA,NOERROR,1,POSITIVE
imusic.se,CAA,NOERROR,1,POSITIVE
imusic.se,HTTPS,NXDOMAIN,0,NXDOMAIN
so-rummet.se,A,NOERROR,1,POSITIVE
so-rummet.se,AAAA,NOERROR,0,NODATA
so-rummet.se,MX,NOERROR,2,POSITIVE
so-rummet.se,TXT,NOERROR,1,POSITIVE
so-rummet.se,NS,NOERROR,2,POSITIVE
so-rummet.se,SOA,NOERROR,1,POSITIVE
so-rummet.se,CAA,NOERROR,0,NODATA
so-rummet.se,HTTPS,NXDOMAIN,0,NXDOMAIN
wayke.se,A,NOERROR,2,POSITIVE
wayke.se,AAAA,NOERROR,2,POSITIVE
wayke.se,MX,NOERROR,5,POSITIVE
wayke.se,TXT,ERROR,0,OTHER
wayke.se,NS,NOERROR,2,POSITIVE
wayke.se,SOA,NOERROR,1,POSITIVE
wayke.se,CAA,NOERROR,0,NODATA
wayke.se,HTTPS,NXDOMAIN,0,NXDOMAIN
teamsportia.se,A,NOERROR,1,POSITIVE
teamsportia.se,AAAA,NOERROR,0,NODATA
teamsportia.se,MX,NOERROR,1,POSITIVE
teamsportia.se,TXT,NOERROR,8,POSITIVE
teamsportia.se,NS,NOERROR,4,POSITIVE
teamsportia.se,SOA,NOERROR,1,POSITIVE
teamsportia.se,CAA,NOERROR,0,NODATA
teamsportia.se,HTTPS,NXDOMAIN,0,NXDOMAIN
modette.se,A,NOERROR,3,POSITIVE
modette.se,AAAA,NOERROR,3,POSITIVE
modette.se,MX,NOERROR,1,POSITIVE
modette.se,TXT,NOERROR,4,POSITIVE
modette.se,NS,NOERROR,2,POSITIVE
modette.se,SOA,NOERROR,1,POSITIVE
modette.se,CAA,NOERROR,0,NODATA
modette.se,HTTPS,NXDOMAIN,0,NXDOMAIN
ebrix.se,A,NOERROR,1,POSITIVE
ebrix.se,AAAA,NOERROR,0,NODATA
ebrix.se,MX,NOERROR,1,POSITIVE
ebrix.se,TXT,NOERROR,2,POSITIVE
ebrix.se,NS,NOERROR,2,POSITIVE
ebrix.se,SOA,NOERROR,1,POSITIVE
ebrix.se,CAA,NOERROR,0,NODATA
ebrix.se,HTTPS,NXDOMAIN,0,NXDOMAIN
livstonen.se,A,NOERROR,2,POSITIVE
livstonen.se,AAAA,NOERROR,2,POSITIVE
livstonen.se,MX,NOERROR,0,NODATA
livstonen.se,TXT,NOERROR,0,NODATA
livstonen.se,NS,NOERROR,2,POSITIVE
livstonen.se,SOA,NOERROR,1,POSITIVE
livstonen.se,CAA,NOERROR,0,NODATA
livstonen.se,HTTPS,NXDOMAIN,0,NXDOMAIN
mtpc.se,A,NOERROR,2,POSITIVE
mtpc.se,AAAA,NOERROR,2,POSITIVE
mtpc.se,MX,NOERROR,0,NODATA
mtpc.se,TXT,NOERROR,0,NODATA
mtpc.se,NS,NOERROR,2,POSITIVE
mtpc.se,SOA,NOERROR,1,POSITIVE
mtpc.se,CAA,NOERROR,0,NODATA
mtpc.se,HTTPS,NXDOMAIN,0,NXDOMAIN
prorenata.se,A,NOERROR,1,POSITIVE
prorenata.se,AAAA,NOERROR,0,NODATA
prorenata.se,MX,NOERROR,5,POSITIVE
prorenata.se,TXT,ERROR,0,OTHER
prorenata.se,NS,NOERROR,4,POSITIVE
prorenata.se,SOA,NOERROR,1,POSITIVE
prorenata.se,CAA,NOERROR,0,NODATA
prorenata.se,HTTPS,NXDOMAIN,0,NXDOMAIN
jetshop.se,A,NOERROR,2,POSITIVE
jetshop.se,AAAA,NOERROR,0,NODATA
jetshop.se,MX,NOERROR,3,POSITIVE
jetshop.se,TXT,ERROR,0,OTHER
jetshop.se,NS,NOERROR,4,POSITIVE
jetshop.se,SOA,NOERROR,1,POSITIVE
jetshop.se,CAA,NOERROR,0,NODATA
jetshop.se,HTTPS,NXDOMAIN,0,NXDOMAIN
testfakta.se,A,NOERROR,1,POSITIVE
testfakta.se,AAAA,NOERROR,0,NODATA
testfakta.se,MX,NOERROR,5,POSITIVE
testfakta.se,TXT,NOERROR,7,POSITIVE
testfakta.se,NS,NOERROR,4,POSITIVE
testfakta.se,SOA,NOERROR,1,POSITIVE
testfakta.se,CAA,NOERROR,0,NODATA
testfakta.se,HTTPS,NXDOMAIN,0,NXDOMAIN
docklandet.se,A,NOERROR,1,POSITIVE
docklandet.se,AAAA,NOERROR,0,NODATA
docklandet.se,MX,NOERROR,4,POSITIVE
docklandet.se,TXT,NOERROR,3,POSITIVE
docklandet.se,NS,NOERROR,2,POSITIVE
docklandet.se,SOA,NOERROR,1,POSITIVE
docklandet.se,CAA,NOERROR,0,NODATA
docklandet.se,HTTPS,NXDOMAIN,0,NXDOMAIN
le-bandit-spela.se,A,NOERROR,2,POSITIVE
le-bandit-spela.se,AAAA,NOERROR,2,POSITIVE
le-bandit-spela.se,MX,NOERROR,0,NODATA
le-bandit-spela.se,TXT,NOERROR,0,NODATA
le-bandit-spela.se,NS,NOERROR,2,POSITIVE
le-bandit-spela.se,SOA,NOERROR,1,POSITIVE
le-bandit-spela.se,CAA,NOERROR,0,NODATA
le-bandit-spela.se,HTTPS,NXDOMAIN,0,NXDOMAIN
skolmaten.se,A,NOERROR,1,POSITIVE
skolmaten.se,AAAA,NOERROR,0,NODATA
skolmaten.se,MX,NOERROR,0,NODATA
skolmaten.se,TXT,NOERROR,0,NODATA
skolmaten.se,NS,NOERROR,3,POSITIVE
skolmaten.se,SOA,NOERROR,1,POSITIVE
skolmaten.se,CAA,NOERROR,0,NODATA
skolmaten.se,HTTPS,NXDOMAIN,0,NXDOMAIN
visitstockholm.se,A,NOERROR,1,POSITIVE
visitstockholm.se,AAAA,NOERROR,0,NODATA
visitstockholm.se,MX,NOERROR,1,POSITIVE
visitstockholm.se,TXT,NOERROR,3,POSITIVE
visitstockholm.se,NS,NOERROR,4,POSITIVE
visitstockholm.se,SOA,NOERROR,1,POSITIVE
visitstockholm.se,CAA,NOERROR,0,NODATA
visitstockholm.se,HTTPS,NXDOMAIN,0,NXDOMAIN
vardagskanalen.se,A,NOERROR,2,POSITIVE
vardagskanalen.se,AAAA,NOERROR,2,POSITIVE
vardagskanalen.se,MX,NOERROR,0,NODATA
vardagskanalen.se,TXT,NOERROR,0,NODATA
vardagskanalen.se,NS,NOERROR,2,POSITIVE
vardagskanalen.se,SOA,NOERROR,1,POSITIVE
vardagskanalen.se,CAA,NOERROR,0,NODATA
vardagskanalen.se,HTTPS,NXDOMAIN,0,NXDOMAIN
digitalvyer.se,A,NOERROR,2,POSITIVE
digitalvyer.se,AAAA,NOERROR,2,POSITIVE
digitalvyer.se,MX,NOERROR,0,NODATA
digitalvyer.se,TXT,NOERROR,0,NODATA
digitalvyer.se,NS,NOERROR,2,POSITIVE
digitalvyer.se,SOA,NOERROR,1,POSITIVE
digitalvyer.se,CAA,NOERROR,0,NODATA
digitalvyer.se,HTTPS,NXDOMAIN,0,NXDOMAIN
vaxjo.se,A,NOERROR,1,POSITIVE
vaxjo.se,AAAA,NOERROR,0,NODATA
vaxjo.se,MX,NOERROR,1,POSITIVE
vaxjo.se,TXT,ERROR,0,OTHER
vaxjo.se,NS,NOERROR,4,POSITIVE
vaxjo.se,SOA,NOERROR,1,POSITIVE
vaxjo.se,CAA,NOERROR,0,NODATA
vaxjo.se,HTTPS,NXDOMAIN,0,NXDOMAIN
insiktsblogg.se,A,NOERROR,2,POSITIVE
insiktsblogg.se,AAAA,NOERROR,2,POSITIVE
insiktsblogg.se,MX,NOERROR,0,NODATA
insiktsblogg.se,TXT,NOERROR,0,NODATA
insiktsblogg.se,NS,NOERROR,2,POSITIVE
insiktsblogg.se,SOA,NOERROR,1,POSITIVE
insiktsblogg.se,CAA,NOERROR,0,NODATA
insiktsblogg.se,HTTPS,NXDOMAIN,0,NXDOMAIN
smvk.se,A,NOERROR,1,POSITIVE
smvk.se,AAAA,NOERROR,0,NODATA
smvk.se,MX,NOERROR,1,POSITIVE
smvk.se,TXT,NOERROR,6,POSITIVE
smvk.se,NS,NOERROR,3,POSITIVE
smvk.se,SOA,NOERROR,1,POSITIVE
smvk.se,CAA,NOERROR,0,NODATA
smvk.se,HTTPS,NXDOMAIN,0,NXDOMAIN
affarspuls.se,A,NOERROR,2,POSITIVE
affarspuls.se,AAAA,NOERROR,2,POSITIVE
affarspuls.se,MX,NOERROR,0,NODATA
affarspuls.se,TXT,NOERROR,0,NODATA
affarspuls.se,NS,NOERROR,2,POSITIVE
affarspuls.se,SOA,NOERROR,1,POSITIVE
affarspuls.se,CAA,NOERROR,0,NODATA
affarspuls.se,HTTPS,NXDOMAIN,0,NXDOMAIN
ltz.se,A,NOERROR,1,POSITIVE
ltz.se,AAAA,NOERROR,0,NODATA
ltz.se,MX,NOERROR,5,POSITIVE
ltz.se,TXT,ERROR,0,OTHER
ltz.se,NS,NOERROR,4,POSITIVE
ltz.se,SOA,NOERROR,1,POSITIVE
ltz.se,CAA,NOERROR,0,NODATA
ltz.se,HTTPS,NXDOMAIN,0,NXDOMAIN
fxs.se,A,NOERROR,1,POSITIVE
fxs.se,AAAA,NOERROR,0,NODATA
fxs.se,MX,NOERROR,0,NODATA
fxs.se,TXT,NOERROR,1,POSITIVE
fxs.se,NS,NOERROR,5,POSITIVE
fxs.se,SOA,NOERROR,1,POSITIVE
fxs.se,CAA,NOERROR,0,NODATA
fxs.se,HTTPS,NXDOMAIN,0,NXDOMAIN
maingate.se,A,NOERROR,1,POSITIVE
maingate.se,AAAA,NOERROR,0,NODATA
maingate.se,MX,NOERROR,1,POSITIVE
maingate.se,TXT,NOERROR,5,POSITIVE
maingate.se,NS,NOERROR,3,POSITIVE
maingate.se,SOA,NOERROR,1,POSITIVE
maingate.se,CAA,NOERROR,0,NODATA
maingate.se,HTTPS,NXDOMAIN,0,NXDOMAIN
regionhalland.se,A,NOERROR,1,POSITIVE
regionhalland.se,AAAA,NOERROR,0,NODATA
regionhalland.se,MX,NOERROR,1,POSITIVE
regionhalland.se,TXT,ERROR,0,OTHER
regionhalland.se,NS,NOERROR,4,POSITIVE
regionhalland.se,SOA,NOERROR,1,POSITIVE
regionhalland.se,CAA,NOERROR,0,NODATA
regionhalland.se,HTTPS,NXDOMAIN,0,NXDOMAIN
campingvaruhuset.se,A,NOERROR,1,POSITIVE
campingvaruhuset.se,AAAA,NOERROR,0,NODATA
campingvaruhuset.se,MX,NOERROR,1,POSITIVE
campingvaruhuset.se,TXT,ERROR,0,OTHER
campingvaruhuset.se,NS,NOERROR,3,POSITIVE
campingvaruhuset.se,SOA,NOERROR,1,POSITIVE
campingvaruhuset.se,CAA,NOERROR,0,NODATA
campingvaruhuset.se,HTTPS,NXDOMAIN,0,NXDOMAIN
magasin.se,A,NOERROR,1,POSITIVE
magasin.se,AAAA,NOERROR,0,NODATA
magasin.se,MX,NOERROR,2,POSITIVE
magasin.se,TXT,ERROR,0,OTHER
magasin.se,NS,NOERROR,2,POSITIVE
magasin.se,SOA,NOERROR,1,POSITIVE
magasin.se,CAA,NOERROR,0,NODATA
magasin.se,HTTPS,NXDOMAIN,0,NXDOMAIN
specsavers.se,A,NOERROR,2,POSITIVE
specsavers.se,AAAA,NOERROR,0,NODATA
specsavers.se,MX,NOERROR,2,POSITIVE
specsavers.se,TXT,ERROR,0,OTHER
specsavers.se,NS,NOERROR,2,POSITIVE
specsavers.se,SOA,NOERROR,1,POSITIVE
specsavers.se,CAA,NOERROR,0,NODATA
specsavers.se,HTTPS,NXDOMAIN,0,NXDOMAIN
philea.se,A,NOERROR,1,POSITIVE
philea.se,AAAA,NOERROR,0,NODATA
philea.se,MX,NOERROR,1,POSITIVE
philea.se,TXT,NOERROR,2,POSITIVE
philea.se,NS,NOERROR,2,POSITIVE
philea.se,SOA,NOERROR,1,POSITIVE
philea.se,CAA,NOERROR,0,NODATA
philea.se,HTTPS,NXDOMAIN,0,NXDOMAIN
pureminds.se,A,NOERROR,2,POSITIVE
pureminds.se,AAAA,NOERROR,2,POSITIVE
pureminds.se,MX,NOERROR,0,NODATA
pureminds.se,TXT,NOERROR,0,NODATA
pureminds.se,NS,NOERROR,2,POSITIVE
pureminds.se,SOA,NOERROR,1,POSITIVE
pureminds.se,CAA,NOERROR,0,NODATA
pureminds.se,HTTPS,NXDOMAIN,0,NXDOMAIN
axfood.se,A,NOERROR,1,POSITIVE
axfood.se,AAAA,NOERROR,1,POSITIVE
axfood.se,MX,NOERROR,1,POSITIVE
axfood.se,TXT,ERROR,0,OTHER
axfood.se,NS,NOERROR,2,POSITIVE
axfood.se,SOA,NOERROR,1,POSITIVE
axfood.se,CAA,NOERROR,0,NODATA
axfood.se,HTTPS,NXDOMAIN,0,NXDOMAIN
snwktavling.se,A,NOERROR,1,POSITIVE
snwktavling.se,AAAA,NOERROR,1,POSITIVE
snwktavling.se,MX,NOERROR,4,POSITIVE
snwktavling.se,TXT,NOERROR,1,POSITIVE
snwktavling.se,NS,NOERROR,3,POSITIVE
snwktavling.se,SOA,NOERROR,1,POSITIVE
snwktavling.se,CAA,NOERROR,0,NODATA
snwktavling.se,HTTPS,NXDOMAIN,0,NXDOMAIN
sbc.se,A,NOERROR,1,POSITIVE
sbc.se,AAAA,NOERROR,0,NODATA
sbc.se,MX,NOERROR,1,POSITIVE
sbc.se,TXT,ERROR,0,OTHER
sbc.se,NS,NOERROR,4,POSITIVE
sbc.se,SOA,NOERROR,1,POSITIVE
sbc.se,CAA,NOERROR,0,NODATA
sbc.se,HTTPS,NXDOMAIN,0,NXDOMAIN
dinstartsida.se,A,NOERROR,1,POSITIVE
dinstartsida.se,AAAA,NOERROR,1,POSITIVE
dinstartsida.se,MX,NOERROR,1,POSITIVE
dinstartsida.se,TXT,NOERROR,2,POSITIVE
dinstartsida.se,NS,NOERROR,3,POSITIVE
dinstartsida.se,SOA,NOERROR,1,POSITIVE
dinstartsida.se,CAA,NOERROR,0,NODATA
dinstartsida.se,HTTPS,NXDOMAIN,0,NXDOMAIN
rulemailer.se,A,NOERROR,2,POSITIVE
rulemailer.se,AAAA,NOERROR,2,POSITIVE
rulemailer.se,MX,NOERROR,1,POSITIVE
rulemailer.se,TXT,NOERROR,3,POSITIVE
rulemailer.se,NS,NOERROR,2,POSITIVE
rulemailer.se,SOA,NOERROR,1,POSITIVE
rulemailer.se,CAA,NOERROR,0,NODATA
rulemailer.se,HTTPS,NXDOMAIN,0,NXDOMAIN
telenorinpli.se,A,NOERROR,2,POSITIVE
telenorinpli.se,AAAA,NOERROR,0,NODATA
telenorinpli.se,MX,NOERROR,1,POSITIVE
telenorinpli.se,TXT,ERROR,0,OTHER
telenorinpli.se,NS,NOERROR,2,POSITIVE
telenorinpli.se,SOA,NOERROR,1,POSITIVE
telenorinpli.se,CAA,NOERROR,0,NODATA
telenorinpli.se,HTTPS,NXDOMAIN,0,NXDOMAIN
sollentunahem.se,A,NOERROR,2,POSITIVE
sollentunahem.se,AAAA,NOERROR,2,POSITIVE
sollentunahem.se,MX,NOERROR,1,POSITIVE
sollentunahem.se,TXT,NOERROR,7,POSITIVE
sollentunahem.se,NS,NOERROR,2,POSITIVE
sollentunahem.se,SOA,NOERROR,1,POSITIVE
sollentunahem.se,CAA,NOERROR,0,NODATA
sollentunahem.se,HTTPS,NXDOMAIN,0,NXDOMAIN
swegon.se,A,NOERROR,1,POSITIVE
swegon.se,AAAA,NOERROR,0,NODATA
swegon.se,MX,NOERROR,1,POSITIVE
swegon.se,TXT,ERROR,0,OTHER
swegon.se,NS,NOERROR,3,POSITIVE
swegon.se,SOA,NOERROR,1,POSITIVE
swegon.se,CAA,NOERROR,0,NODATA
swegon.se,HTTPS,NXDOMAIN,0,NXDOMAIN
utveckladig.se,A,NOERROR,2,POSITIVE
utveckladig.se,AAAA,NOERROR,2,POSITIVE
utveckladig.se,MX,NOERROR,0,NODATA
utveckladig.se,TXT,NOERROR,0,NODATA
utveckladig.se,NS,NOERROR,2,POSITIVE
utveckladig.se,SOA,NOERROR,1,POSITIVE
utveckladig.se,CAA,NOERROR,0,NODATA
utveckladig.se,HTTPS,NXDOMAIN,0,NXDOMAIN
brollopstorget.se,A,NOERROR,3,POSITIVE
brollopstorget.se,AAAA,NOERROR,3,POSITIVE
brollopstorget.se,MX,NOERROR,5,POSITIVE
brollopstorget.se,TXT,ERROR,0,OTHER
brollopstorget.se,NS,NOERROR,2,POSITIVE
brollopstorget.se,SOA,NOERROR,1,POSITIVE
brollopstorget.se,CAA,ERROR,0,OTHER
brollopstorget.se,HTTPS,NXDOMAIN,0,NXDOMAIN
artilleriet.se,A,NOERROR,2,POSITIVE
artilleriet.se,AAAA,NOERROR,2,POSITIVE
artilleriet.se,MX,NOERROR,1,POSITIVE
artilleriet.se,TXT,NOERROR,4,POSITIVE
artilleriet.se,NS,NOERROR,2,POSITIVE
artilleriet.se,SOA,NOERROR,1,POSITIVE
artilleriet.se,CAA,NOERROR,0,NODATA
artilleriet.se,HTTPS,NXDOMAIN,0,NXDOMAIN
named.se,A,NOERROR,0,NODATA
named.se,AAAA,NOERROR,0,NODATA
named.se,MX,NOERROR,0,NODATA
named.se,TXT,NOERROR,1,POSITIVE
named.se,NS,NOERROR,6,POSITIVE
named.se,SOA,NOERROR,1,POSITIVE
named.se,CAA,NOERROR,3,POSITIVE
named.se,HTTPS,NXDOMAIN,0,NXDOMAIN
miljotekniska.se,A,NOERROR,1,POSITIVE
miljotekniska.se,AAAA,NOERROR,0,NODATA
miljotekniska.se,MX,NOERROR,4,POSITIVE
miljotekniska.se,TXT,NOERROR,1,POSITIVE
miljotekniska.se,NS,NOERROR,2,POSITIVE
miljotekniska.se,SOA,NOERROR,1,POSITIVE
miljotekniska.se,CAA,NOERROR,0,NODATA
miljotekniska.se,HTTPS,NXDOMAIN,0,NXDOMAIN
lamporochljus.se,A,NOERROR,2,POSITIVE
lamporochljus.se,AAAA,NOERROR,2,POSITIVE
lamporochljus.se,MX,NOERROR,1,POSITIVE
lamporochljus.se,TXT,ERROR,0,OTHER
lamporochljus.se,NS,NOERROR,2,POSITIVE
lamporochljus.se,SOA,NOERROR,1,POSITIVE
lamporochljus.se,CAA,NOERROR,0,NODATA
lamporochljus.se,HTTPS,NXDOMAIN,0,NXDOMAIN
raketspel.se,A,NOERROR,1,POSITIVE
raketspel.se,AAAA,NOERROR,0,NODATA
raketspel.se,MX,NOERROR,5,POSITIVE
raketspel.se,TXT,ERROR,0,OTHER
raketspel.se,NS,NOERROR,2,POSITIVE
raketspel.se,SOA,ERROR,0,OTHER
raketspel.se,CAA,NOERROR,0,NODATA
raketspel.se,HTTPS,NXDOMAIN,0,NXDOMAIN
digitalnytt.se,A,NOERROR,2,POSITIVE
digitalnytt.se,AAAA,NOERROR,2,POSITIVE
digitalnytt.se,MX,NOERROR,0,NODATA
digitalnytt.se,TXT,NOERROR,0,NODATA
digitalnytt.se,NS,NOERROR,2,POSITIVE
digitalnytt.se,SOA,NOERROR,1,POSITIVE
digitalnytt.se,CAA,NOERROR,0,NODATA
digitalnytt.se,HTTPS,NXDOMAIN,0,NXDOMAIN
academiccomputerclub.se,A,NOERROR,0,NODATA
academiccomputerclub.se,AAAA,NOERROR,0,NODATA
academiccomputerclub.se,MX,NOERROR,1,POSITIVE
academiccomputerclub.se,TXT,NOERROR,3,POSITIVE
academiccomputerclub.se,NS,NOERROR,2,POSITIVE
academiccomputerclub.se,SOA,NOERROR,1,POSITIVE
academiccomputerclub.se,CAA,NOERROR,4,POSITIVE
academiccomputerclub.se,HTTPS,NXDOMAIN,0,NXDOMAIN
husbilsklubben.se,A,NOERROR,1,POSITIVE
husbilsklubben.se,AAAA,NOERROR,0,NODATA
husbilsklubben.se,MX,NOERROR,5,POSITIVE
husbilsklubben.se,TXT,NOERROR,3,POSITIVE
husbilsklubben.se,NS,NOERROR,3,POSITIVE
husbilsklubben.se,SOA,NOERROR,1,POSITIVE
husbilsklubben.se,CAA,NOERROR,0,NODATA
husbilsklubben.se,HTTPS,NXDOMAIN,0,NXDOMAIN
rito.se,A,NOERROR,1,POSITIVE
rito.se,AAAA,NOERROR,1,POSITIVE
rito.se,MX,NOERROR,1,POSITIVE
rito.se,TXT,NOERROR,4,POSITIVE
rito.se,NS,NOERROR,2,POSITIVE
rito.se,SOA,NOERROR,1,POSITIVE
rito.se,CAA,NOERROR,0,NODATA
rito.se,HTTPS,NXDOMAIN,0,NXDOMAIN
factba.se,A,NOERROR,2,POSITIVE
factba.se,AAAA,NOERROR,0,NODATA
factba.se,MX,NOERROR,5,POSITIVE
factba.se,TXT,NOERROR,4,POSITIVE
factba.se,NS,NOERROR,4,POSITIVE
factba.se,SOA,NOERROR,1,POSITIVE
factba.se,CAA,NOERROR,0,NODATA
factba.se,HTTPS,NXDOMAIN,0,NXDOMAIN
vipps.se,A,NOERROR,1,POSITIVE
vipps.se,AAAA,NOERROR,0,NODATA
vipps.se,MX,NOERROR,1,POSITIVE
vipps.se,TXT,NOERROR,2,POSITIVE
vipps.se,NS,NOERROR,4,POSITIVE
vipps.se,SOA,NOERROR,1,POSITIVE
vipps.se,CAA,NOERROR,0,NODATA
vipps.se,HTTPS,NXDOMAIN,0,NXDOMAIN
contenthubben.se,A,NOERROR,2,POSITIVE
contenthubben.se,AAAA,NOERROR,2,POSITIVE
contenthubben.se,MX,NOERROR,0,NODATA
contenthubben.se,TXT,NOERROR,0,NODATA
contenthubben.se,NS,NOERROR,2,POSITIVE
contenthubben.se,SOA,NOERROR,1,POSITIVE
contenthubben.se,CAA,NOERROR,0,NODATA
contenthubben.se,HTTPS,NXDOMAIN,0,NXDOMAIN
creator.se,A,NOERROR,1,POSITIVE
creator.se,AAAA,NOERROR,0,NODATA
creator.se,MX,NOERROR,1,POSITIVE
creator.se,TXT,NOERROR,2,POSITIVE
creator.se,NS,NOERROR,5,POSITIVE
creator.se,SOA,NOERROR,1,POSITIVE
creator.se,CAA,NOERROR,0,NODATA
creator.se,HTTPS,NXDOMAIN,0,NXDOMAIN
casivo.se,A,NOERROR,1,POSITIVE
casivo.se,AAAA,NOERROR,0,NODATA
casivo.se,MX,NOERROR,2,POSITIVE
casivo.se,TXT,NOERROR,2,POSITIVE
casivo.se,NS,NOERROR,2,POSITIVE
casivo.se,SOA,NOERROR,1,POSITIVE
casivo.se,CAA,NOERROR,0,NODATA
casivo.se,HTTPS,NXDOMAIN,0,NXDOMAIN
linkoping.se,A,NOERROR,1,POSITIVE
linkoping.se,AAAA,NOERROR,0,NODATA
linkoping.se,MX,NOERROR,5,POSITIVE
linkoping.se,TXT,ERROR,0,OTHER
linkoping.se,NS,NOERROR,2,POSITIVE
linkoping.se,SOA,NOERROR,1,POSITIVE
linkoping.se,CAA,NOERROR,0,NODATA
linkoping.se,HTTPS,NXDOMAIN,0,NXDOMAIN
musikon.se,A,NOERROR,1,POSITIVE
musikon.se,AAAA,NOERROR,0,NODATA
musikon.se,MX,NOERROR,1,POSITIVE
musikon.se,TXT,NOERROR,1,POSITIVE
musikon.se,NS,NOERROR,4,POSITIVE
musikon.se,SOA,NOERROR,1,POSITIVE
musikon.se,CAA,NOERROR,0,NODATA
musikon.se,HTTPS,NXDOMAIN,0,NXDOMAIN
vsrc.se,A,NOERROR,1,POSITIVE
vsrc.se,AAAA,NOERROR,0,NODATA
vsrc.se,MX,NOERROR,4,POSITIVE
vsrc.se,TXT,NOERROR,1,POSITIVE
vsrc.se,NS,NOERROR,3,POSITIVE
vsrc.se,SOA,NOERROR,1,POSITIVE
vsrc.se,CAA,NOERROR,1,POSITIVE
vsrc.se,HTTPS,NXDOMAIN,0,NXDOMAIN
bilprovningen.se,A,NOERROR,1,POSITIVE
bilprovningen.se,AAAA,NOERROR,1,POSITIVE
bilprovningen.se,MX,NOERROR,1,POSITIVE
bilprovningen.se,TXT,NOERROR,5,POSITIVE
bilprovningen.se,NS,NOERROR,7,POSITIVE
bilprovningen.se,SOA,NOERROR,1,POSITIVE
bilprovningen.se,CAA,NOERROR,3,POSITIVE
bilprovningen.se,HTTPS,NXDOMAIN,0,NXDOMAIN
bryggeriklubben.se,A,NOERROR,1,POSITIVE
bryggeriklubben.se,AAAA,NOERROR,1,POSITIVE
bryggeriklubben.se,MX,NOERROR,3,POSITIVE
bryggeriklubben.se,TXT,NOERROR,0,NODATA
bryggeriklubben.se,NS,NOERROR,2,POSITIVE
bryggeriklubben.se,SOA,NOERROR,1,POSITIVE
bryggeriklubben.se,CAA,NOERROR,0,NODATA
bryggeriklubben.se,HTTPS,NXDOMAIN,0,NXDOMAIN
ordlinjen.se,A,NOERROR,2,POSITIVE
ordlinjen.se,AAAA,NOERROR,2,POSITIVE
ordlinjen.se,MX,NOERROR,0,NODATA
ordlinjen.se,TXT,NOERROR,0,NODATA
ordlinjen.se,NS,NOERROR,2,POSITIVE
ordlinjen.se,SOA,NOERROR,1,POSITIVE
ordlinjen.se,CAA,NOERROR,0,NODATA
ordlinjen.se,HTTPS,NXDOMAIN,0,NXDOMAIN
naturkartan.se,A,NOERROR,1,POSITIVE
naturkartan.se,AAAA,NOERROR,1,POSITIVE
naturkartan.se,MX,NOERROR,0,NODATA
naturkartan.se,TXT,NOERROR,4,POSITIVE
naturkartan.se,NS,NOERROR,2,POSITIVE
naturkartan.se,SOA,NOERROR,1,POSITIVE
naturkartan.se,CAA,NOERROR,0,NODATA
naturkartan.se,HTTPS,NXDOMAIN,0,NXDOMAIN
ludvika.se,A,NOERROR,1,POSITIVE
ludvika.se,AAAA,NOERROR,0,NODATA
ludvika.se,MX,NOERROR,1,POSITIVE
ludvika.se,TXT,ERROR,0,OTHER
ludvika.se,NS,NOERROR,3,POSITIVE
ludvika.se,SOA,NOERROR,1,POSITIVE
ludvika.se,CAA,NOERROR,0,NODATA
ludvika.se,HTTPS,NXDOMAIN,0,NXDOMAIN
flixbus.se,A,NOERROR,4,POSITIVE
flixbus.se,AAAA,NOERROR,0,NODATA
flixbus.se,MX,NOERROR,1,POSITIVE
flixbus.se,TXT,ERROR,0,OTHER
flixbus.se,NS,NOERROR,4,POSITIVE
flixbus.se,SOA,NOERROR,1,POSITIVE
flixbus.se,CAA,NOERROR,0,NODATA
flixbus.se,HTTPS,NXDOMAIN,0,NXDOMAIN
folkspel.se,A,NOERROR,1,POSITIVE
folkspel.se,AAAA,NOERROR,0,NODATA
folkspel.se,MX,NOERROR,1,POSITIVE
folkspel.se,TXT,ERROR,0,OTHER
folkspel.se,NS,NOERROR,4,POSITIVE
folkspel.se,SOA,NOERROR,1,POSITIVE
folkspel.se,CAA,NOERROR,0,NODATA
folkspel.se,HTTPS,NXDOMAIN,0,NXDOMAIN
riseinnovations.se,A,NOERROR,2,POSITIVE
riseinnovations.se,AAAA,NOERROR,2,POSITIVE
riseinnovations.se,MX,NOERROR,0,NODATA
riseinnovations.se,TXT,NOERROR,0,NODATA
riseinnovations.se,NS,NOERROR,2,POSITIVE
riseinnovations.se,SOA,NOERROR,1,POSITIVE
riseinnovations.se,CAA,NOERROR,0,NODATA
riseinnovations.se,HTTPS,NXDOMAIN,0,NXDOMAIN
skwinner.se,A,NOERROR,1,POSITIVE
skwinner.se,AAAA,NOERROR,1,POSITIVE
skwinner.se,MX,NOERROR,4,POSITIVE
skwinner.se,TXT,NOERROR,0,NODATA
skwinner.se,NS,NOERROR,2,POSITIVE
skwinner.se,SOA,NOERROR,1,POSITIVE
skwinner.se,CAA,NOERROR,0,NODATA
skwinner.se,HTTPS,NXDOMAIN,0,NXDOMAIN
nj.se,A,NOERROR,2,POSITIVE
nj.se,AAAA,NOERROR,0,NODATA
nj.se,MX,NOERROR,2,POSITIVE
nj.se,TXT,ERROR,0,OTHER
nj.se,NS,NOERROR,2,POSITIVE
nj.se,SOA,NOERROR,1,POSITIVE
nj.se,CAA,NOERROR,0,NODATA
nj.se,HTTPS,NXDOMAIN,0,NXDOMAIN
dackonline.se,A,NOERROR,3,POSITIVE
dackonline.se,AAAA,NOERROR,3,POSITIVE
dackonline.se,MX,NOERROR,1,POSITIVE
dackonline.se,TXT,NOERROR,3,POSITIVE
dackonline.se,NS,NOERROR,2,POSITIVE
dackonline.se,SOA,NOERROR,1,POSITIVE
dackonline.se,CAA,NOERROR,11,POSITIVE
dackonline.se,HTTPS,NXDOMAIN,0,NXDOMAIN
projackpotarena.se,A,NOERROR,2,POSITIVE
projackpotarena.se,AAAA,NOERROR,2,POSITIVE
projackpotarena.se,MX,NOERROR,0,NODATA
projackpotarena.se,TXT,NOERROR,0,NODATA
projackpotarena.se,NS,NOERROR,2,POSITIVE
projackpotarena.se,SOA,NOERROR,1,POSITIVE
projackpotarena.se,CAA,NOERROR,0,NODATA
projackpotarena.se,HTTPS,NXDOMAIN,0,NXDOMAIN
elvaco.se,A,NOERROR,1,POSITIVE
elvaco.se,AAAA,NOERROR,0,NODATA
elvaco.se,MX,NOERROR,1,POSITIVE
elvaco.se,TXT,ERROR,0,OTHER
elvaco.se,NS,NOERROR,4,POSITIVE
elvaco.se,SOA,NOERROR,1,POSITIVE
elvaco.se,CAA,NOERROR,0,NODATA
elvaco.se,HTTPS,NXDOMAIN,0,NXDOMAIN
arcticlean.se,A,NOERROR,2,POSITIVE
arcticlean.se,AAAA,NOERROR,0,NODATA
arcticlean.se,MX,NOERROR,2,POSITIVE
arcticlean.se,TXT,NOERROR,4,POSITIVE
arcticlean.se,NS,NOERROR,2,POSITIVE
arcticlean.se,SOA,NOERROR,1,POSITIVE
arcticlean.se,CAA,NOERROR,0,NODATA
arcticlean.se,HTTPS,NXDOMAIN,0,NXDOMAIN
onlyapps.se,A,NOERROR,1,POSITIVE
onlyapps.se,AAAA,NOERROR,0,NODATA
onlyapps.se,MX,NOERROR,2,POSITIVE
onlyapps.se,TXT,NOERROR,1,POSITIVE
onlyapps.se,NS,NOERROR,3,POSITIVE
onlyapps.se,SOA,NOERROR,1,POSITIVE
onlyapps.se,CAA,NOERROR,0,NODATA
onlyapps.se,HTTPS,NXDOMAIN,0,NXDOMAIN
femina.se,A,NOERROR,2,POSITIVE
femina.se,AAAA,NOERROR,2,POSITIVE
femina.se,MX,NOERROR,1,POSITIVE
femina.se,TXT,ERROR,0,OTHER
femina.se,NS,NOERROR,2,POSITIVE
femina.se,SOA,NOERROR,1,POSITIVE
femina.se,CAA,ERROR,0,OTHER
femina.se,HTTPS,NXDOMAIN,0,NXDOMAIN
akademibokhandeln.se,A,NOERROR,1,POSITIVE
akademibokhandeln.se,AAAA,NOERROR,0,NODATA
akademibokhandeln.se,MX,NOERROR,1,POSITIVE
akademibokhandeln.se,TXT,ERROR,0,OTHER
akademibokhandeln.se,NS,NOERROR,4,POSITIVE
akademibokhandeln.se,SOA,NOERROR,1,POSITIVE
akademibokhandeln.se,CAA,NOERROR,0,NODATA
akademibokhandeln.se,HTTPS,NXDOMAIN,0,NXDOMAIN
gummihuset.se,A,NOERROR,1,POSITIVE
gummihuset.se,AAAA,NOERROR,0,NODATA
gummihuset.se,MX,NOERROR,5,POSITIVE
gummihuset.se,TXT,NOERROR,1,POSITIVE
gummihuset.se,NS,NOERROR,3,POSITIVE
gummihuset.se,SOA,NOERROR,1,POSITIVE
gummihuset.se,CAA,NOERROR,0,NODATA
gummihuset.se,HTTPS,NXDOMAIN,0,NXDOMAIN
tankevardenet.se,A,NOERROR,2,POSITIVE
tankevardenet.se,AAAA,NOERROR,2,POSITIVE
tankevardenet.se,MX,NOERROR,0,NODATA
tankevardenet.se,TXT,NOERROR,0,NODATA
tankevardenet.se,NS,NOERROR,2,POSITIVE
tankevardenet.se,SOA,NOERROR,1,POSITIVE
tankevardenet.se,CAA,NOERROR,0,NODATA
tankevardenet.se,HTTPS,NXDOMAIN,0,NXDOMAIN
academicwork.se,A,NOERROR,1,POSITIVE
academicwork.se,AAAA,NOERROR,0,NODATA
academicwork.se,MX,NOERROR,1,POSITIVE
academicwork.se,TXT,ERROR,0,OTHER
academicwork.se,NS,NOERROR,6,POSITIVE
academicwork.se,SOA,NOERROR,1,POSITIVE
academicwork.se,CAA,NOERROR,4,POSITIVE
academicwork.se,HTTPS,NXDOMAIN,0,NXDOMAIN
affarsvarlden.se,A,NOERROR,1,POSITIVE
affarsvarlden.se,AAAA,NOERROR,0,NODATA
affarsvarlden.se,MX,NOERROR,1,POSITIVE
affarsvarlden.se,TXT,ERROR,0,OTHER
affarsvarlden.se,NS,NOERROR,2,POSITIVE
affarsvarlden.se,SOA,NOERROR,1,POSITIVE
affarsvarlden.se,CAA,NOERROR,0,NODATA
affarsvarlden.se,HTTPS,NXDOMAIN,0,NXDOMAIN
personligharmoni.se,A,NOERROR,2,POSITIVE
personligharmoni.se,AAAA,NOERROR,2,POSITIVE
personligharmoni.se,MX,NOERROR,0,NODATA
personligharmoni.se,TXT,NOERROR,0,NODATA
personligharmoni.se,NS,NOERROR,2,POSITIVE
personligharmoni.se,SOA,NOERROR,1,POSITIVE
personligharmoni.se,CAA,NOERROR,0,NODATA
personligharmoni.se,HTTPS,NXDOMAIN,0,NXDOMAIN
pureinnovation.se,A,NOERROR,2,POSITIVE
pureinnovation.se,AAAA,NOERROR,2,POSITIVE
pureinnovation.se,MX,NOERROR,0,NODATA
pureinnovation.se,TXT,NOERROR,0,NODATA
pureinnovation.se,NS,NOERROR,2,POSITIVE
pureinnovation.se,SOA,NOERROR,1,POSITIVE
pureinnovation.se,CAA,NOERROR,0,NODATA
pureinnovation.se,HTTPS,NXDOMAIN,0,NXDOMAIN
signport.se,A,NOERROR,1,POSITIVE
signport.se,AAAA,NOERROR,0,NODATA
signport.se,MX,NOERROR,0,NODATA
signport.se,TXT,NOERROR,4,POSITIVE
signport.se,NS,NOERROR,4,POSITIVE
signport.se,SOA,NOERROR,1,POSITIVE
signport.se,CAA,NOERROR,0,NODATA
signport.se,HTTPS,NXDOMAIN,0,NXDOMAIN
smartphoto.se,A,NOERROR,1,POSITIVE
smartphoto.se,AAAA,NOERROR,0,NODATA
smartphoto.se,MX,NOERROR,2,POSITIVE
smartphoto.se,TXT,ERROR,0,OTHER
smartphoto.se,NS,NOERROR,3,POSITIVE
smartphoto.se,SOA,NOERROR,1,POSITIVE
smartphoto.se,CAA,NOERROR,0,NODATA
smartphoto.se,HTTPS,NXDOMAIN,0,NXDOMAIN
lakartidningen.se,A,NOERROR,1,POSITIVE
lakartidningen.se,AAAA,NOERROR,0,NODATA
lakartidningen.se,MX,NOERROR,1,POSITIVE
lakartidningen.se,TXT,NOERROR,5,POSITIVE
lakartidningen.se,NS,NOERROR,2,POSITIVE
lakartidningen.se,SOA,NOERROR,1,POSITIVE
lakartidningen.se,CAA,NOERROR,0,NODATA
lakartidningen.se,HTTPS,NXDOMAIN,0,NXDOMAIN
polarnopyret.se,A,NOERROR,1,POSITIVE
polarnopyret.se,AAAA,NOERROR,0,NODATA
polarnopyret.se,MX,NOERROR,1,POSITIVE
polarnopyret.se,TXT,ERROR,0,OTHER
polarnopyret.se,NS,NOERROR,4,POSITIVE
polarnopyret.se,SOA,NOERROR,1,POSITIVE
polarnopyret.se,CAA,NOERROR,0,NODATA
polarnopyret.se,HTTPS,NXDOMAIN,0,NXDOMAIN
inexchange.se,A,NOERROR,2,POSITIVE
inexchange.se,AAAA,NOERROR,0,NODATA
inexchange.se,MX,NOERROR,5,POSITIVE
inexchange.se,TXT,ERROR,0,OTHER
inexchange.se,NS,NOERROR,5,POSITIVE
inexchange.se,SOA,NOERROR,1,POSITIVE
inexchange.se,CAA,NOERROR,0,NODATA
inexchange.se,HTTPS,NXDOMAIN,0,NXDOMAIN
enalog.se,A,NOERROR,1,POSITIVE
enalog.se,AAAA,NOERROR,0,NODATA
enalog.se,MX,NOERROR,2,POSITIVE
enalog.se,TXT,NOERROR,2,POSITIVE
enalog.se,NS,NOERROR,2,POSITIVE
enalog.se,SOA,NOERROR,1,POSITIVE
enalog.se,CAA,NOERROR,0,NODATA
enalog.se,HTTPS,NXDOMAIN,0,NXDOMAIN
skadekompassen.se,A,NOERROR,3,POSITIVE
skadekompassen.se,AAAA,NOERROR,3,POSITIVE
skadekompassen.se,MX,NOERROR,2,POSITIVE
skadekompassen.se,TXT,NOERROR,2,POSITIVE
skadekompassen.se,NS,NOERROR,2,POSITIVE
skadekompassen.se,SOA,NOERROR,1,POSITIVE
skadekompassen.se,CAA,NOERROR,0,NODATA
skadekompassen.se,HTTPS,NXDOMAIN,0,NXDOMAIN
crimson.se,A,NOERROR,1,POSITIVE
crimson.se,AAAA,NOERROR,0,NODATA
crimson.se,MX,NOERROR,5,POSITIVE
crimson.se,TXT,NOERROR,4,POSITIVE
crimson.se,NS,NOERROR,2,POSITIVE
crimson.se,SOA,NOERROR,1,POSITIVE
crimson.se,CAA,NOERROR,0,NODATA
crimson.se,HTTPS,NXDOMAIN,0,NXDOMAIN
trendrum.se,A,NOERROR,1,POSITIVE
trendrum.se,AAAA,NOERROR,0,NODATA
trendrum.se,MX,NOERROR,1,POSITIVE
trendrum.se,TXT,NOERROR,2,POSITIVE
trendrum.se,NS,NOERROR,2,POSITIVE
trendrum.se,SOA,NOERROR,1,POSITIVE
trendrum.se,CAA,NOERROR,0,NODATA
trendrum.se,HTTPS,NXDOMAIN,0,NXDOMAIN
lantech-server.se,A,NOERROR,1,POSITIVE
lantech-server.se,AAAA,NOERROR,0,NODATA
lantech-server.se,MX,NOERROR,1,POSITIVE
lantech-server.se,TXT,NOERROR,1,POSITIVE
lantech-server.se,NS,NOERROR,2,POSITIVE
lantech-server.se,SOA,NOERROR,1,POSITIVE
lantech-server.se,CAA,NOERROR,0,NODATA
lantech-server.se,HTTPS,NXDOMAIN,0,NXDOMAIN
qasa.se,A,NOERROR,1,POSITIVE
qasa.se,AAAA,NOERROR,0,NODATA
qasa.se,MX,NOERROR,7,POSITIVE
qasa.se,TXT,NOERROR,5,POSITIVE
qasa.se,NS,NOERROR,4,POSITIVE
qasa.se,SOA,NOERROR,1,POSITIVE
qasa.se,CAA,NOERROR,6,POSITIVE
qasa.se,HTTPS,NXDOMAIN,0,NXDOMAIN
harmoniq.se,A,NOERROR,2,POSITIVE
harmoniq.se,AAAA,NOERROR,2,POSITIVE
harmoniq.se,MX,NOERROR,5,POSITIVE
harmoniq.se,TXT,NOERROR,2,POSITIVE
harmoniq.se,NS,NOERROR,2,POSITIVE
harmoniq.se,SOA,NOERROR,1,POSITIVE
harmoniq.se,CAA,NOERROR,0,NODATA
harmoniq.se,HTTPS,NXDOMAIN,0,NXDOMAIN
regeringen.se,A,NOERROR,2,POSITIVE
regeringen.se,AAAA,NOERROR,2,POSITIVE
regeringen.se,MX,NOERROR,1,POSITIVE
regeringen.se,TXT,NOERROR,2,POSITIVE
regeringen.se,NS,NOERROR,5,POSITIVE
regeringen.se,SOA,NOERROR,1,POSITIVE
regeringen.se,CAA,NOERROR,0,NODATA
regeringen.se,HTTPS,NXDOMAIN,0,NXDOMAIN
spelcash.se,A,NOERROR,3,POSITIVE
spelcash.se,AAAA,NOERROR,3,POSITIVE
spelcash.se,MX,NOERROR,4,POSITIVE
spelcash.se,TXT,NOERROR,2,POSITIVE
spelcash.se,NS,NOERROR,2,POSITIVE
spelcash.se,SOA,NOERROR,1,POSITIVE
spelcash.se,CAA,NOERROR,0,NODATA
spelcash.se,HTTPS,NXDOMAIN,0,NXDOMAIN
lux-case.se,A,NOERROR,2,POSITIVE
lux-case.se,AAAA,NOERROR,2,POSITIVE
lux-case.se,MX,NOERROR,5,POSITIVE
lux-case.se,TXT,NOERROR,3,POSITIVE
lux-case.se,NS,NOERROR,2,POSITIVE
lux-case.se,SOA,NOERROR,1,POSITIVE
lux-case.se,CAA,NOERROR,10,POSITIVE
lux-case.se,HTTPS,NXDOMAIN,0,NXDOMAIN
booked.se,A,NOERROR,2,POSITIVE
booked.se,AAAA,NOERROR,0,NODATA
booked.se,MX,NOERROR,1,POSITIVE
booked.se,TXT,NOERROR,1,POSITIVE
booked.se,NS,NOERROR,2,POSITIVE
booked.se,SOA,NOERROR,1,POSITIVE
booked.se,CAA,NOERROR,0,NODATA
booked.se,HTTPS,NXDOMAIN,0,NXDOMAIN
scoutnet.se,A,NOERROR,1,POSITIVE
scoutnet.se,AAAA,NOERROR,0,NODATA
scoutnet.se,MX,NOERROR,0,NODATA
scoutnet.se,TXT,NOERROR,2,POSITIVE
scoutnet.se,NS,NOERROR,4,POSITIVE
scoutnet.se,SOA,NOERROR,1,POSITIVE
scoutnet.se,CAA,NOERROR,0,NODATA
scoutnet.se,HTTPS,NXDOMAIN,0,NXDOMAIN
skk.se,A,NOERROR,1,POSITIVE
skk.se,AAAA,NOERROR,1,POSITIVE
skk.se,MX,NOERROR,4,POSITIVE
skk.se,TXT,NOERROR,3,POSITIVE
skk.se,NS,NOERROR,2,POSITIVE
skk.se,SOA,NOERROR,1,POSITIVE
skk.se,CAA,NOERROR,0,NODATA
skk.se,HTTPS,NXDOMAIN,0,NXDOMAIN
bangerhead.se,A,NOERROR,3,POSITIVE
bangerhead.se,AAAA,NOERROR,3,POSITIVE
bangerhead.se,MX,NOERROR,1,POSITIVE
bangerhead.se,TXT,ERROR,0,OTHER
bangerhead.se,NS,NOERROR,2,POSITIVE
bangerhead.se,SOA,NOERROR,1,POSITIVE
bangerhead.se,CAA,NOERROR,0,NODATA
bangerhead.se,HTTPS,NXDOMAIN,0,NXDOMAIN
flashscore.se,A,NOERROR,1,POSITIVE
flashscore.se,AAAA,NOERROR,0,NODATA
flashscore.se,MX,NOERROR,5,POSITIVE
flashscore.se,TXT,NOERROR,5,POSITIVE
flashscore.se,NS,NOERROR,3,POSITIVE
flashscore.se,SOA,NOERROR,1,POSITIVE
flashscore.se,CAA,NOERROR,0,NODATA
flashscore.se,HTTPS,NXDOMAIN,0,NXDOMAIN
laughterchefs.se,A,NOERROR,1,POSITIVE
laughterchefs.se,AAAA,NOERROR,0,NODATA
laughterchefs.se,MX,NOERROR,1,POSITIVE
laughterchefs.se,TXT,NOERROR,1,POSITIVE
laughterchefs.se,NS,NOERROR,2,POSITIVE
laughterchefs.se,SOA,NOERROR,1,POSITIVE
laughterchefs.se,CAA,NOERROR,0,NODATA
laughterchefs.se,HTTPS,NXDOMAIN,0,NXDOMAIN
vardagsarenan.se,A,NOERROR,2,POSITIVE
vardagsarenan.se,AAAA,NOERROR,2,POSITIVE
vardagsarenan.se,MX,NOERROR,0,NODATA
vardagsarenan.se,TXT,NOERROR,0,NODATA
vardagsarenan.se,NS,NOERROR,2,POSITIVE
vardagsarenan.se,SOA,NOERROR,1,POSITIVE
vardagsarenan.se,CAA,NOERROR,0,NODATA
vardagsarenan.se,HTTPS,NXDOMAIN,0,NXDOMAIN
standoutapp.se,A,NOERROR,1,POSITIVE
standoutapp.se,AAAA,NOERROR,0,NODATA
standoutapp.se,MX,NOERROR,0,NODATA
standoutapp.se,TXT,NOERROR,1,POSITIVE
standoutapp.se,NS,NOERROR,3,POSITIVE
standoutapp.se,SOA,NOERROR,1,POSITIVE
standoutapp.se,CAA,NOERROR,0,NODATA
standoutapp.se,HTTPS,NXDOMAIN,0,NXDOMAIN
dramaten.se,A,NOERROR,1,POSITIVE
dramaten.se,AAAA,NOERROR,0,NODATA
dramaten.se,MX,NOERROR,1,POSITIVE
dramaten.se,TXT,ERROR,0,OTHER
dramaten.se,NS,NOERROR,2,POSITIVE
dramaten.se,SOA,NOERROR,1,POSITIVE
dramaten.se,CAA,NOERROR,0,NODATA
dramaten.se,HTTPS,NXDOMAIN,0,NXDOMAIN
gdmnet.se,A,NOERROR,1,POSITIVE
gdmnet.se,AAAA,NOERROR,1,POSITIVE
gdmnet.se,MX,NOERROR,1,POSITIVE
gdmnet.se,TXT,NOERROR,3,POSITIVE
gdmnet.se,NS,NOERROR,2,POSITIVE
gdmnet.se,SOA,NOERROR,1,POSITIVE
gdmnet.se,CAA,NOERROR,0,NODATA
gdmnet.se,HTTPS,NXDOMAIN,0,NXDOMAIN
swedenet.se,A,NOERROR,1,POSITIVE
swedenet.se,AAAA,NOERROR,0,NODATA
swedenet.se,MX,NOERROR,1,POSITIVE
swedenet.se,TXT,NOERROR,1,POSITIVE
swedenet.se,NS,NOERROR,3,POSITIVE
swedenet.se,SOA,NOERROR,1,POSITIVE
swedenet.se,CAA,NOERROR,0,NODATA
swedenet.se,HTTPS,NXDOMAIN,0,NXDOMAIN
grok.se,A,NOERROR,2,POSITIVE
grok.se,AAAA,NOERROR,0,NODATA
grok.se,MX,NOERROR,0,NODATA
grok.se,TXT,NOERROR,1,POSITIVE
grok.se,NS,NOERROR,2,POSITIVE
grok.se,SOA,NOERROR,1,POSITIVE
grok.se,CAA,NOERROR,0,NODATA
grok.se,HTTPS,NXDOMAIN,0,NXDOMAIN
lantmannenmaskin.se,A,NOERROR,1,POSITIVE
lantmannenmaskin.se,AAAA,NOERROR,0,NODATA
lantmannenmaskin.se,MX,NOERROR,1,POSITIVE
lantmannenmaskin.se,TXT,ERROR,0,OTHER
lantmannenmaskin.se,NS,NOERROR,2,POSITIVE
lantmannenmaskin.se,SOA,NOERROR,1,POSITIVE
lantmannenmaskin.se,CAA,NOERROR,0,NODATA
lantmannenmaskin.se,HTTPS,NXDOMAIN,0,NXDOMAIN
tretti.se,A,NOERROR,2,POSITIVE
tretti.se,AAAA,NOERROR,2,POSITIVE
tretti.se,MX,NOERROR,1,POSITIVE
tretti.se,TXT,ERROR,0,OTHER
tretti.se,NS,NOERROR,2,POSITIVE
tretti.se,SOA,NOERROR,1,POSITIVE
tretti.se,CAA,NOERROR,0,NODATA
tretti.se,HTTPS,NXDOMAIN,0,NXDOMAIN
toyota.se,A,NOERROR,1,POSITIVE
toyota.se,AAAA,NOERROR,0,NODATA
toyota.se,MX,NOERROR,1,POSITIVE
toyota.se,TXT,ERROR,0,OTHER
toyota.se,NS,NOERROR,4,POSITIVE
toyota.se,SOA,NOERROR,1,POSITIVE
toyota.se,CAA,NOERROR,0,NODATA
toyota.se,HTTPS,NXDOMAIN,0,NXDOMAIN
tankebanor.se,A,NOERROR,2,POSITIVE
tankebanor.se,AAAA,NOERROR,2,POSITIVE
tankebanor.se,MX,NOERROR,0,NODATA
tankebanor.se,TXT,NOERROR,0,NODATA
tankebanor.se,NS,NOERROR,2,POSITIVE
tankebanor.se,SOA,NOERROR,1,POSITIVE
tankebanor.se,CAA,NOERROR,0,NODATA
tankebanor.se,HTTPS,NXDOMAIN,0,NXDOMAIN
digitalblickar.se,A,NOERROR,2,POSITIVE
digitalblickar.se,AAAA,NOERROR,2,POSITIVE
digitalblickar.se,MX,NOERROR,0,NODATA
digitalblickar.se,TXT,NOERROR,0,NODATA
digitalblickar.se,NS,NOERROR,2,POSITIVE
digitalblickar.se,SOA,NOERROR,1,POSITIVE
digitalblickar.se,CAA,NOERROR,0,NODATA
digitalblickar.se,HTTPS,NXDOMAIN,0,NXDOMAIN
visionpath.se,A,NOERROR,2,POSITIVE
visionpath.se,AAAA,NOERROR,2,POSITIVE
visionpath.se,MX,NOERROR,0,NODATA
visionpath.se,TXT,NOERROR,0,NODATA
visionpath.se,NS,NOERROR,2,POSITIVE
visionpath.se,SOA,NOERROR,1,POSITIVE
visionpath.se,CAA,NOERROR,0,NODATA
visionpath.se,HTTPS,NXDOMAIN,0,NXDOMAIN
poyry.se,A,NOERROR,1,POSITIVE
poyry.se,AAAA,NOERROR,0,NODATA
poyry.se,MX,NOERROR,1,POSITIVE
poyry.se,TXT,NOERROR,1,POSITIVE
poyry.se,NS,NOERROR,4,POSITIVE
poyry.se,SOA,NOERROR,1,POSITIVE
poyry.se,CAA,NOERROR,0,NODATA
poyry.se,HTTPS,NXDOMAIN,0,NXDOMAIN
vardagsuppdatering.se,A,NOERROR,2,POSITIVE
vardagsuppdatering.se,AAAA,NOERROR,2,POSITIVE
vardagsuppdatering.se,MX,NOERROR,0,NODATA
vardagsuppdatering.se,TXT,NOERROR,0,NODATA
vardagsuppdatering.se,NS,NOERROR,2,POSITIVE
vardagsuppdatering.se,SOA,NOERROR,1,POSITIVE
vardagsuppdatering.se,CAA,ERROR,0,OTHER
vardagsuppdatering.se,HTTPS,ERROR,0,OTHER
miele.se,A,ERROR,0,OTHER
miele.se,AAAA,ERROR,0,OTHER
miele.se,MX,ERROR,0,OTHER
miele.se,TXT,ERROR,0,OTHER
miele.se,NS,ERROR,0,OTHER
miele.se,SOA,ERROR,0,OTHER
miele.se,CAA,ERROR,0,OTHER
miele.se,HTTPS,ERROR,0,OTHER
1ba.se,A,ERROR,0,OTHER
1ba.se,AAAA,ERROR,0,OTHER
1ba.se,MX,ERROR,0,OTHER
1ba.se,TXT,ERROR,0,OTHER
1ba.se,NS,ERROR,0,OTHER
1ba.se,SOA,ERROR,0,OTHER
1ba.se,CAA,ERROR,0,OTHER
1ba.se,HTTPS,NXDOMAIN,0,NXDOMAIN
pwc.se,A,NOERROR,1,POSITIVE
pwc.se,AAAA,NOERROR,0,NODATA
pwc.se,MX,NOERROR,2,POSITIVE
pwc.se,TXT,ERROR,0,OTHER
pwc.se,NS,NOERROR,2,POSITIVE
pwc.se,SOA,NOERROR,1,POSITIVE
pwc.se,CAA,NOERROR,6,POSITIVE
pwc.se,HTTPS,NXDOMAIN,0,NXDOMAIN
teknikvyer.se,A,NOERROR,2,POSITIVE
teknikvyer.se,AAAA,NOERROR,2,POSITIVE
teknikvyer.se,MX,NOERROR,0,NODATA
teknikvyer.se,TXT,NOERROR,0,NODATA
teknikvyer.se,NS,NOERROR,2,POSITIVE
teknikvyer.se,SOA,NOERROR,1,POSITIVE
teknikvyer.se,CAA,NOERROR,0,NODATA
teknikvyer.se,HTTPS,NXDOMAIN,0,NXDOMAIN
affarsvinklar.se,A,NOERROR,2,POSITIVE
affarsvinklar.se,AAAA,NOERROR,2,POSITIVE
affarsvinklar.se,MX,NOERROR,0,NODATA
affarsvinklar.se,TXT,NOERROR,0,NODATA
affarsvinklar.se,NS,NOERROR,2,POSITIVE
affarsvinklar.se,SOA,NOERROR,1,POSITIVE
affarsvinklar.se,CAA,NOERROR,0,NODATA
affarsvinklar.se,HTTPS,NXDOMAIN,0,NXDOMAIN
mshop.se,A,NOERROR,1,POSITIVE
mshop.se,AAAA,NOERROR,0,NODATA
mshop.se,MX,NOERROR,1,POSITIVE
mshop.se,TXT,ERROR,0,OTHER
mshop.se,NS,NOERROR,3,POSITIVE
mshop.se,SOA,NOERROR,1,POSITIVE
mshop.se,CAA,NOERROR,0,NODATA
mshop.se,HTTPS,NXDOMAIN,0,NXDOMAIN
bygdegardarna.se,A,NOERROR,2,POSITIVE
bygdegardarna.se,AAAA,NOERROR,2,POSITIVE
bygdegardarna.se,MX,NOERROR,1,POSITIVE
bygdegardarna.se,TXT,NOERROR,2,POSITIVE
bygdegardarna.se,NS,ERROR,0,OTHER
bygdegardarna.se,SOA,ERROR,0,OTHER
bygdegardarna.se,CAA,ERROR,0,OTHER
bygdegardarna.se,HTTPS,ERROR,0,OTHER
swedavia.se,A,ERROR,0,OTHER
swedavia.se,AAAA,ERROR,0,OTHER
swedavia.se,MX,ERROR,0,OTHER
swedavia.se,TXT,ERROR,0,OTHER
swedavia.se,NS,ERROR,0,OTHER
swedavia.se,SOA,ERROR,0,OTHER
swedavia.se,CAA,ERROR,0,OTHER
swedavia.se,HTTPS,ERROR,0,OTHER
terrariedjur.se,A,ERROR,0,OTHER
terrariedjur.se,AAAA,ERROR,0,OTHER
terrariedjur.se,MX,ERROR,0,OTHER
terrariedjur.se,TXT,ERROR,0,OTHER
terrariedjur.se,NS,ERROR,0,OTHER
terrariedjur.se,SOA,ERROR,0,OTHER
terrariedjur.se,CAA,ERROR,0,OTHER
terrariedjur.se,HTTPS,ERROR,0,OTHER
sweden.se,A,ERROR,0,OTHER
sweden.se,AAAA,ERROR,0,OTHER
sweden.se,MX,ERROR,0,OTHER
sweden.se,TXT,ERROR,0,OTHER
sweden.se,NS,ERROR,0,OTHER
sweden.se,SOA,ERROR,0,OTHER
sweden.se,CAA,ERROR,0,OTHER
sweden.se,HTTPS,ERROR,0,OTHER
outl1.se,A,ERROR,0,OTHER
outl1.se,AAAA,ERROR,0,OTHER
outl1.se,MX,ERROR,0,OTHER
outl1.se,TXT,ERROR,0,OTHER
outl1.se,NS,ERROR,0,OTHER
outl1.se,SOA,ERROR,0,OTHER
outl1.se,CAA,ERROR,0,OTHER
outl1.se,HTTPS,ERROR,0,OTHER
arkitektenstradgard.se,A,ERROR,0,OTHER
arkitektenstradgard.se,AAAA,ERROR,0,OTHER
arkitektenstradgard.se,MX,ERROR,0,OTHER
arkitektenstradgard.se,TXT,ERROR,0,OTHER
arkitektenstradgard.se,NS,ERROR,0,OTHER
arkitektenstradgard.se,SOA,ERROR,0,OTHER
arkitektenstradgard.se,CAA,ERROR,0,OTHER
arkitektenstradgard.se,HTTPS,ERROR,0,OTHER
personligstyrka.se,A,ERROR,0,OTHER
personligstyrka.se,AAAA,ERROR,0,OTHER
personligstyrka.se,MX,ERROR,0,OTHER
personligstyrka.se,TXT,ERROR,0,OTHER
personligstyrka.se,NS,ERROR,0,OTHER
personligstyrka.se,SOA,ERROR,0,OTHER
personligstyrka.se,CAA,ERROR,0,OTHER
personligstyrka.se,HTTPS,ERROR,0,OTHER
rvn.se,A,ERROR,0,OTHER
rvn.se,AAAA,ERROR,0,OTHER
rvn.se,MX,ERROR,0,OTHER
rvn.se,TXT,ERROR,0,OTHER
rvn.se,NS,ERROR,0,OTHER
rvn.se,SOA,ERROR,0,OTHER
rvn.se,CAA,ERROR,0,OTHER
rvn.se,HTTPS,ERROR,0,OTHER
minabibliotek.se,A,ERROR,0,OTHER
minabibliotek.se,AAAA,ERROR,0,OTHER
minabibliotek.se,MX,ERROR,0,OTHER
minabibliotek.se,TXT,ERROR,0,OTHER
minabibliotek.se,NS,ERROR,0,OTHER
minabibliotek.se,SOA,ERROR,0,OTHER
minabibliotek.se,CAA,ERROR,0,OTHER
minabibliotek.se,HTTPS,ERROR,0,OTHER
haxx.se,A,ERROR,0,OTHER
haxx.se,AAAA,ERROR,0,OTHER
haxx.se,MX,ERROR,0,OTHER
haxx.se,TXT,ERROR,0,OTHER
haxx.se,NS,ERROR,0,OTHER
haxx.se,SOA,ERROR,0,OTHER
haxx.se,CAA,ERROR,0,OTHER
haxx.se,HTTPS,ERROR,0,OTHER
cleverservice.se,A,ERROR,0,OTHER
cleverservice.se,AAAA,ERROR,0,OTHER
cleverservice.se,MX,ERROR,0,OTHER
cleverservice.se,TXT,ERROR,0,OTHER
cleverservice.se,NS,ERROR,0,OTHER
cleverservice.se,SOA,ERROR,0,OTHER
cleverservice.se,CAA,ERROR,0,OTHER
cleverservice.se,HTTPS,ERROR,0,OTHER
korsord.se,A,ERROR,0,OTHER
korsord.se,AAAA,ERROR,0,OTHER
korsord.se,MX,ERROR,0,OTHER
korsord.se,TXT,ERROR,0,OTHER
korsord.se,NS,ERROR,0,OTHER
korsord.se,SOA,ERROR,0,OTHER
korsord.se,CAA,ERROR,0,OTHER
korsord.se,HTTPS,ERROR,0,OTHER
matchi.se,A,ERROR,0,OTHER
matchi.se,AAAA,ERROR,0,OTHER
matchi.se,MX,ERROR,0,OTHER
matchi.se,TXT,ERROR,0,OTHER
matchi.se,NS,ERROR,0,OTHER
matchi.se,SOA,ERROR,0,OTHER
matchi.se,CAA,ERROR,0,OTHER
matchi.se,HTTPS,ERROR,0,OTHER
mobil.se,A,ERROR,0,OTHER
mobil.se,AAAA,ERROR,0,OTHER
mobil.se,MX,ERROR,0,OTHER
mobil.se,TXT,ERROR,0,OTHER
mobil.se,NS,ERROR,0,OTHER
mobil.se,SOA,ERROR,0,OTHER
mobil.se,CAA,ERROR,0,OTHER
mobil.se,HTTPS,ERROR,0,OTHER
passasports.se,A,ERROR,0,OTHER
passasports.se,AAAA,ERROR,0,OTHER
passasports.se,MX,ERROR,0,OTHER
passasports.se,TXT,ERROR,0,OTHER
passasports.se,NS,ERROR,0,OTHER
passasports.se,SOA,ERROR,0,OTHER
passasports.se,CAA,ERROR,0,OTHER
passasports.se,HTTPS,ERROR,0,OTHER
ngm.se,A,ERROR,0,OTHER
ngm.se,AAAA,ERROR,0,OTHER
ngm.se,MX,ERROR,0,OTHER
ngm.se,TXT,ERROR,0,OTHER
ngm.se,NS,ERROR,0,OTHER
ngm.se,SOA,ERROR,0,OTHER
ngm.se,CAA,ERROR,0,OTHER
ngm.se,HTTPS,ERROR,0,OTHER
angelholmshem.se,A,ERROR,0,OTHER
angelholmshem.se,AAAA,ERROR,0,OTHER
angelholmshem.se,MX,ERROR,0,OTHER
angelholmshem.se,TXT,ERROR,0,OTHER
angelholmshem.se,NS,ERROR,0,OTHER
angelholmshem.se,SOA,ERROR,0,OTHER
angelholmshem.se,CAA,ERROR,0,OTHER
angelholmshem.se,HTTPS,ERROR,0,OTHER
musikoteket.se,A,ERROR,0,OTHER
musikoteket.se,AAAA,ERROR,0,OTHER
musikoteket.se,MX,ERROR,0,OTHER
musikoteket.se,TXT,ERROR,0,OTHER
musikoteket.se,NS,ERROR,0,OTHER
musikoteket.se,SOA,ERROR,0,OTHER
musikoteket.se,CAA,ERROR,0,OTHER
musikoteket.se,HTTPS,ERROR,0,OTHER
cms.se,A,ERROR,0,OTHER
cms.se,AAAA,ERROR,0,OTHER
cms.se,MX,ERROR,0,OTHER
cms.se,TXT,ERROR,0,OTHER
cms.se,NS,ERROR,0,OTHER
cms.se,SOA,ERROR,0,OTHER
cms.se,CAA,ERROR,0,OTHER
cms.se,HTTPS,ERROR,0,OTHER
thunraz.se,A,ERROR,0,OTHER
thunraz.se,AAAA,ERROR,0,OTHER
thunraz.se,MX,ERROR,0,OTHER
thunraz.se,TXT,ERROR,0,OTHER
thunraz.se,NS,ERROR,0,OTHER
thunraz.se,SOA,ERROR,0,OTHER
thunraz.se,CAA,ERROR,0,OTHER
thunraz.se,HTTPS,ERROR,0,OTHER
autobutler.se,A,ERROR,0,OTHER
autobutler.se,AAAA,ERROR,0,OTHER
autobutler.se,MX,ERROR,0,OTHER
autobutler.se,TXT,ERROR,0,OTHER
autobutler.se,NS,ERROR,0,OTHER
autobutler.se,SOA,ERROR,0,OTHER
autobutler.se,CAA,ERROR,0,OTHER
autobutler.se,HTTPS,ERROR,0,OTHER
weblicious.se,A,ERROR,0,OTHER
weblicious.se,AAAA,ERROR,0,OTHER
weblicious.se,MX,ERROR,0,OTHER
weblicious.se,TXT,ERROR,0,OTHER
weblicious.se,NS,ERROR,0,OTHER
weblicious.se,SOA,ERROR,0,OTHER
weblicious.se,CAA,ERROR,0,OTHER
weblicious.se,HTTPS,ERROR,0,OTHER
portsdns.se,A,ERROR,0,OTHER
portsdns.se,AAAA,ERROR,0,OTHER
portsdns.se,MX,ERROR,0,OTHER
portsdns.se,TXT,ERROR,0,OTHER
portsdns.se,NS,ERROR,0,OTHER
portsdns.se,SOA,ERROR,0,OTHER
portsdns.se,CAA,ERROR,0,OTHER
portsdns.se,HTTPS,ERROR,0,OTHER
sexnovell.se,A,ERROR,0,OTHER
sexnovell.se,AAAA,ERROR,0,OTHER
sexnovell.se,MX,ERROR,0,OTHER
sexnovell.se,TXT,ERROR,0,OTHER
sexnovell.se,NS,ERROR,0,OTHER
sexnovell.se,SOA,ERROR,0,OTHER
sexnovell.se,CAA,ERROR,0,OTHER
sexnovell.se,HTTPS,ERROR,0,OTHER
na.se,A,ERROR,0,OTHER
na.se,AAAA,ERROR,0,OTHER
na.se,MX,ERROR,0,OTHER
na.se,TXT,ERROR,0,OTHER
na.se,NS,ERROR,0,OTHER
na.se,SOA,ERROR,0,OTHER
na.se,CAA,ERROR,0,OTHER
na.se,HTTPS,ERROR,0,OTHER
framtidsvy.se,A,ERROR,0,OTHER
framtidsvy.se,AAAA,ERROR,0,OTHER
framtidsvy.se,MX,ERROR,0,OTHER
framtidsvy.se,TXT,ERROR,0,OTHER
framtidsvy.se,NS,ERROR,0,OTHER
framtidsvy.se,SOA,ERROR,0,OTHER
framtidsvy.se,CAA,ERROR,0,OTHER
framtidsvy.se,HTTPS,ERROR,0,OTHER
golf.se,A,ERROR,0,OTHER
golf.se,AAAA,ERROR,0,OTHER
golf.se,MX,ERROR,0,OTHER
golf.se,TXT,ERROR,0,OTHER
golf.se,NS,ERROR,0,OTHER
golf.se,SOA,ERROR,0,OTHER
golf.se,CAA,ERROR,0,OTHER
golf.se,HTTPS,ERROR,0,OTHER
byggtjanst.se,A,ERROR,0,OTHER
byggtjanst.se,AAAA,ERROR,0,OTHER
byggtjanst.se,MX,ERROR,0,OTHER
byggtjanst.se,TXT,ERROR,0,OTHER
byggtjanst.se,NS,ERROR,0,OTHER
byggtjanst.se,SOA,ERROR,0,OTHER
byggtjanst.se,CAA,ERROR,0,OTHER
byggtjanst.se,HTTPS,ERROR,0,OTHER
praktiskmedicin.se,A,ERROR,0,OTHER
praktiskmedicin.se,AAAA,ERROR,0,OTHER
praktiskmedicin.se,MX,ERROR,0,OTHER
praktiskmedicin.se,TXT,ERROR,0,OTHER
praktiskmedicin.se,NS,ERROR,0,OTHER
praktiskmedicin.se,SOA,ERROR,0,OTHER
praktiskmedicin.se,CAA,ERROR,0,OTHER
praktiskmedicin.se,HTTPS,ERROR,0,OTHER
elle.se,A,ERROR,0,OTHER
elle.se,AAAA,ERROR,0,OTHER
elle.se,MX,ERROR,0,OTHER
elle.se,TXT,ERROR,0,OTHER
elle.se,NS,ERROR,0,OTHER
elle.se,SOA,ERROR,0,OTHER
elle.se,CAA,ERROR,0,OTHER
elle.se,HTTPS,ERROR,0,OTHER
nx-zq7v9k2.dinbil.se,A,ERROR,0,OTHER
nx-zq7v9k2.perspektivrapport.se,A,ERROR,0,OTHER
nx-zq7v9k2.pinterest.se,A,ERROR,0,OTHER
nx-zq7v9k2.ics-services.se,A,ERROR,0,OTHER
nx-zq7v9k2.universeum.se,A,ERROR,0,OTHER
nx-zq7v9k2.nexttechpath.se,A,ERROR,0,OTHER
nx-zq7v9k2.sokrabatt.se,A,ERROR,0,OTHER
nx-zq7v9k2.aig.se,A,ERROR,0,OTHER
nx-zq7v9k2.svanen.se,A,ERROR,0,OTHER
nx-zq7v9k2.wayoutwest.se,A,ERROR,0,OTHER
nx-zq7v9k2.infracom.se,A,ERROR,0,OTHER
nx-zq7v9k2.astrosweden.se,A,ERROR,0,OTHER
nx-zq7v9k2.vardagskommentar.se,A,ERROR,0,OTHER
nx-zq7v9k2.ictservices.se,A,ERROR,0,OTHER
nx-zq7v9k2.ixanon.se,A,ERROR,0,OTHER
nx-zq7v9k2.newgengrowth.se,A,ERROR,0,OTHER
nx-zq7v9k2.borjes.se,A,ERROR,0,OTHER
nx-zq7v9k2.sj.se,A,ERROR,0,OTHER
nx-zq7v9k2.researchdata.se,A,ERROR,0,OTHER
nx-zq7v9k2.danceplanet.se,A,ERROR,0,OTHER
nx-zq7v9k2.innovationedge.se,A,ERROR,0,OTHER
nx-zq7v9k2.lannasport.se,A,ERROR,0,OTHER
nx-zq7v9k2.saab.se,A,ERROR,0,OTHER
nx-zq7v9k2.efn.se,A,ERROR,0,OTHER
nx-zq7v9k2.youtube.se,A,ERROR,0,OTHER
nx-zq7v9k2.modellhobby.se,A,ERROR,0,OTHER
nx-zq7v9k2.boldsolutions.se,A,ERROR,0,OTHER
nx-zq7v9k2.nordictechworld.se,A,ERROR,0,OTHER
nx-zq7v9k2.verktygsvaruhuset.se,A,ERROR,0,OTHER
nx-zq7v9k2.svensktnaringsliv.se,A,ERROR,0,OTHER
nx-zq7v9k2.freshsolutions.se,A,ERROR,0,OTHER
nx-zq7v9k2.econans.se,A,ERROR,0,OTHER
nx-zq7v9k2.hpguiden.se,A,ERROR,0,OTHER
nx-zq7v9k2.bestsecret.se,A,ERROR,0,OTHER
nx-zq7v9k2.allas.se,A,ERROR,0,OTHER
nx-zq7v9k2.kicks.se,A,ERROR,0,OTHER
nx-zq7v9k2.astridlindgrensvarld.se,A,ERROR,0,OTHER
nx-zq7v9k2.nonstop.se,A,ERROR,0,OTHER
nx-zq7v9k2.borenet.se,A,ERROR,0,OTHER
nx-zq7v9k2.techinnovator.se,A,ERROR,0,OTHER
nx-zq7v9k2.schibsted.se,A,ERROR,0,OTHER
nx-zq7v9k2.ns.se,A,ERROR,0,OTHER
nx-zq7v9k2.difhockey.se,A,ERROR,0,OTHER
nx-zq7v9k2.designbysi.se,A,ERROR,0,OTHER
nx-zq7v9k2.cafax.se,A,ERROR,0,OTHER
nx-zq7v9k2.tankebloggen.se,A,ERROR,0,OTHER
nx-zq7v9k2.biruang.se,A,ERROR,0,OTHER
nx-zq7v9k2.scb.se,A,ERROR,0,OTHER
nx-zq7v9k2.travronden.se,A,ERROR,0,OTHER
nx-zq7v9k2.vardagskompass.se,A,ERROR,0,OTHER
nx-zq7v9k2.inera.se,A,ERROR,0,OTHER
nx-zq7v9k2.faktavarden.se,A,ERROR,0,OTHER
nx-zq7v9k2.okq8bank.se,A,ERROR,0,OTHER
nx-zq7v9k2.spfseniorerna.se,A,ERROR,0,OTHER
nx-zq7v9k2.tyresobostader.se,A,ERROR,0,OTHER
nx-zq7v9k2.carla.se,A,ERROR,0,OTHER
nx-zq7v9k2.power.se,A,ERROR,0,OTHER
nx-zq7v9k2.bredbandsval.se,A,ERROR,0,OTHER
nx-zq7v9k2.telgenytt.se,A,ERROR,0,OTHER
nx-zq7v9k2.puresolutionslab.se,A,ERROR,0,OTHER
nx-zq7v9k2.svedea.se,A,ERROR,0,OTHER
nx-zq7v9k2.textperspektiv.se,A,ERROR,0,OTHER
nx-zq7v9k2.museiresan.se,A,ERROR,0,OTHER
nx-zq7v9k2.sparbankenskane.se,A,ERROR,0,OTHER
nx-zq7v9k2.forsakringskassan.se,A,ERROR,0,OTHER
nx-zq7v9k2.hifikit.se,A,ERROR,0,OTHER
nx-zq7v9k2.preem.se,A,ERROR,0,OTHER
nx-zq7v9k2.captumgroup.se,A,ERROR,0,OTHER
nx-zq7v9k2.anisuge.se,A,ERROR,0,OTHER
nx-zq7v9k2.best-practice.se,A,ERROR,0,OTHER
nx-zq7v9k2.aftonbladet.se,A,ERROR,0,OTHER
nx-zq7v9k2.webnode.se,A,ERROR,0,OTHER
nx-zq7v9k2.jeppastradgard.se,A,ERROR,0,OTHER
nx-zq7v9k2.vinylpladen.se,A,ERROR,0,OTHER
nx-zq7v9k2.sgi.se,A,ERROR,0,OTHER
nx-zq7v9k2.stangastaden.se,A,ERROR,0,OTHER
nx-zq7v9k2.redeye.se,A,ERROR,0,OTHER
nx-zq7v9k2.velltra.se,A,ERROR,0,OTHER
nx-zq7v9k2.hv.se,A,ERROR,0,OTHER
nx-zq7v9k2.enrad.se,A,ERROR,0,OTHER
nx-zq7v9k2.olandsbladet.se,A,ERROR,0,OTHER
nx-zq7v9k2.frialigan.se,A,ERROR,0,OTHER
nx-zq7v9k2.bilprovning.se,A,ERROR,0,OTHER
nx-zq7v9k2.vapehuset.se,A,ERROR,0,OTHER
nx-zq7v9k2.racetimer.se,A,ERROR,0,OTHER
nx-zq7v9k2.affarsblick.se,A,ERROR,0,OTHER
nx-zq7v9k2.futuregrowth.se,A,ERROR,0,OTHER
nx-zq7v9k2.botkyrka.se,A,ERROR,0,OTHER
nx-zq7v9k2.arxit.se,A,ERROR,0,OTHER
nx-zq7v9k2.vardagssammanfattning.se,A,ERROR,0,OTHER
nx-zq7v9k2.proreeltwist.se,A,ERROR,0,OTHER
nx-zq7v9k2.scandichotels.se,A,ERROR,0,OTHER
nx-zq7v9k2.meitner.se,A,ERROR,0,OTHER
nx-zq7v9k2.sp.se,A,ERROR,0,OTHER
nx-zq7v9k2.ortopediskakuddar.se,A,ERROR,0,OTHER
nx-zq7v9k2.webbplatsen.se,A,ERROR,0,OTHER
nx-zq7v9k2.linasmatkasse.se,A,ERROR,0,OTHER
nx-zq7v9k2.husohem.se,A,ERROR,0,OTHER
nx-zq7v9k2.menigo.se,A,ERROR,0,OTHER
nx-zq7v9k2.svenskakyrkanjonkoping.se,A,ERROR,0,OTHER
nx-zq7v9k2.sitedns.se,A,ERROR,0,OTHER
nx-zq7v9k2.eskilstuna.se,A,ERROR,0,OTHER
nx-zq7v9k2.norrteljetidning.se,A,ERROR,0,OTHER
nx-zq7v9k2.twostroke.se,A,ERROR,0,OTHER
nx-zq7v9k2.friidrott.se,A,ERROR,0,OTHER
nx-zq7v9k2.blogginsikter.se,A,ERROR,0,OTHER
nx-zq7v9k2.danslogen.se,A,ERROR,0,OTHER
nx-zq7v9k2.kabe.se,A,ERROR,0,OTHER
nx-zq7v9k2.tillvaxtnavet.se,A,ERROR,0,OTHER
nx-zq7v9k2.svenskhandboll.se,A,ERROR,0,OTHER
nx-zq7v9k2.itsystem.se,A,ERROR,0,OTHER
nx-zq7v9k2.mgmtnet.se,A,ERROR,0,OTHER
nx-zq7v9k2.fouredge.se,A,ERROR,0,OTHER
nx-zq7v9k2.land.se,A,ERROR,0,OTHER
nx-zq7v9k2.torget.se,A,NXDOMAIN,0,NXDOMAIN
nx-zq7v9k2.ekonomiperspekt.se,A,NOERROR,2,POSITIVE
nx-zq7v9k2.eddna.se,A,NXDOMAIN,0,NXDOMAIN
nx-zq7v9k2.oresundstag.se,A,NXDOMAIN,0,NXDOMAIN
nx-zq7v9k2.ystad.se,A,NOERROR,0,NODATA
nx-zq7v9k2.ntp.se,A,NXDOMAIN,0,NXDOMAIN
nx-zq7v9k2.infiniteinnovations.se,A,NOERROR,2,POSITIVE
nx-zq7v9k2.krisinformation.se,A,NXDOMAIN,0,NXDOMAIN
nx-zq7v9k2.frittord250.se,A,NXDOMAIN,0,NXDOMAIN
nx-zq7v9k2.lerouge.se,A,NXDOMAIN,0,NXDOMAIN
nx-zq7v9k2.welcomeapp.se,A,NOERROR,2,POSITIVE
nx-zq7v9k2.helgon.se,A,NOERROR,1,POSITIVE
nx-zq7v9k2.fof.se,A,ERROR,0,OTHER
nx-zq7v9k2.artfakta.se,A,NXDOMAIN,0,NXDOMAIN
nx-zq7v9k2.riddermarkbil.se,A,NOERROR,4,POSITIVE
nx-zq7v9k2.norrtalje.se,A,ERROR,0,OTHER
nx-zq7v9k2.kommersannons.se,A,NXDOMAIN,0,NXDOMAIN
nx-zq7v9k2.vardagsstrategi.se,A,NOERROR,2,POSITIVE
nx-zq7v9k2.massive.se,A,NXDOMAIN,0,NXDOMAIN
nx-zq7v9k2.linkwi.se,A,NXDOMAIN,0,NXDOMAIN
nx-zq7v9k2.kidsbrandstore.se,A,ERROR,0,OTHER
nx-zq7v9k2.ownit.se,A,ERROR,0,OTHER
nx-zq7v9k2.gratisspela.se,A,ERROR,0,OTHER
nx-zq7v9k2.infostrategi.se,A,NOERROR,2,POSITIVE
nx-zq7v9k2.finanso.se,A,ERROR,0,OTHER
nx-zq7v9k2.unibet.se,A,ERROR,0,OTHER
nx-zq7v9k2.risetolead.se,A,ERROR,0,OTHER
nx-zq7v9k2.curl.se,A,NXDOMAIN,0,NXDOMAIN
nx-zq7v9k2.lo.se,A,ERROR,0,OTHER
nx-zq7v9k2.sveafastigheter.se,A,ERROR,0,OTHER
nx-zq7v9k2.ergonomikliniken.se,A,ERROR,0,OTHER
nx-zq7v9k2.gsix.se,A,ERROR,0,OTHER
nx-zq7v9k2.knatteplock.se,A,ERROR,0,OTHER
nx-zq7v9k2.ettnet.se,A,ERROR,0,OTHER
nx-zq7v9k2.modernamuseet.se,A,ERROR,0,OTHER
nx-zq7v9k2.bitdefender.se,A,ERROR,0,OTHER
nx-zq7v9k2.foi.se,A,ERROR,0,OTHER
nx-zq7v9k2.aktiespararna.se,A,ERROR,0,OTHER
nx-zq7v9k2.projackpotrush.se,A,ERROR,0,OTHER
nx-zq7v9k2.aktuellvy.se,A,ERROR,0,OTHER
nx-zq7v9k2.elpaorust.se,A,ERROR,0,OTHER
nx-zq7v9k2.mjolby.se,A,ERROR,0,OTHER
nx-zq7v9k2.abf.se,A,ERROR,0,OTHER
nx-zq7v9k2.idope.se,A,NOERROR,1,POSITIVE
nx-zq7v9k2.uthyrningsportal.se,A,NXDOMAIN,0,NXDOMAIN
nx-zq7v9k2.perspektivkanalen.se,A,NOERROR,2,POSITIVE
nx-zq7v9k2.notisum.se,A,NOERROR,1,POSITIVE
nx-zq7v9k2.statskontoret.se,A,ERROR,0,OTHER
nx-zq7v9k2.klassensval.se,A,ERROR,0,OTHER
nx-zq7v9k2.livsinslag.se,A,NOERROR,2,POSITIVE
nx-zq7v9k2.ludvig.se,A,NXDOMAIN,0,NXDOMAIN
nx-zq7v9k2.kaplans.se,A,ERROR,0,OTHER
nx-zq7v9k2.flirtmatch.se,A,NOERROR,2,POSITIVE
nx-zq7v9k2.teracom.se,A,NXDOMAIN,0,NXDOMAIN
nx-zq7v9k2.pizzeriailcarpaccio.se,A,NOERROR,1,POSITIVE
nx-zq7v9k2.tidningenridsport.se,A,ERROR,0,OTHER
nx-zq7v9k2.vetlandaposten.se,A,ERROR,0,OTHER
nx-zq7v9k2.dagensmedia.se,A,NOERROR,1,POSITIVE
nx-zq7v9k2.bostadsportal.se,A,NOERROR,0,NODATA
nx-zq7v9k2.medicaljournalssweden.se,A,ERROR,0,OTHER
nx-zq7v9k2.bgonline.se,A,NXDOMAIN,0,NXDOMAIN
nx-zq7v9k2.novellsidan.se,A,ERROR,0,OTHER
nx-zq7v9k2.driftkund.se,A,NXDOMAIN,0,NXDOMAIN
nx-zq7v9k2.sportadmin.se,A,ERROR,0,OTHER
nx-zq7v9k2.moondns.se,A,ERROR,0,OTHER
nx-zq7v9k2.kleer.se,A,ERROR,0,OTHER
nx-zq7v9k2.systembolaget.se,A,NOERROR,0,NODATA
nx-zq7v9k2.boden.se,A,ERROR,0,OTHER
nx-zq7v9k2.bildelarexpert.se,A,ERROR,0,OTHER
nx-zq7v9k2.riksrevisionen.se,A,ERROR,0,OTHER
nx-zq7v9k2.edukatus.se,A,ERROR,0,OTHER
nx-zq7v9k2.organicmakers.se,A,ERROR,0,OTHER
nx-zq7v9k2.bahnhof.se,A,NXDOMAIN,0,NXDOMAIN
nx-zq7v9k2.familjeliv.se,A,ERROR,0,OTHER
nx-zq7v9k2.allhosting.se,A,ERROR,0,OTHER
nx-zq7v9k2.ottocasino.se,A,ERROR,0,OTHER
nx-zq7v9k2.vansterpartiet.se,A,ERROR,0,OTHER
nx-zq7v9k2.e-identitet.se,A,ERROR,0,OTHER
nx-zq7v9k2.deteknik.se,A,ERROR,0,OTHER
nx-zq7v9k2.evenemangsbiljetter.se,A,ERROR,0,OTHER
nx-zq7v9k2.tn.se,A,NXDOMAIN,0,NXDOMAIN
nx-zq7v9k2.avis.se,A,NXDOMAIN,0,NXDOMAIN
nx-zq7v9k2.lineahemma.se,A,NXDOMAIN,0,NXDOMAIN
nx-zq7v9k2.bangladoot.se,A,NOERROR,2,POSITIVE
nx-zq7v9k2.ratsit.se,A,ERROR,0,OTHER
nx-zq7v9k2.1177.se,A,NXDOMAIN,0,NXDOMAIN
nx-zq7v9k2.viivilla.se,A,NOERROR,1,POSITIVE
nx-zq7v9k2.ideon.se,A,NOERROR,1,POSITIVE
nx-zq7v9k2.hockeyallsvenskan.se,A,NXDOMAIN,0,NXDOMAIN
nx-zq7v9k2.svenssons.se,A,NXDOMAIN,0,NXDOMAIN
nx-zq7v9k2.kedschools.se,A,NOERROR,2,POSITIVE
nx-zq7v9k2.omni.se,A,NXDOMAIN,0,NXDOMAIN
nx-zq7v9k2.bonniernewslocal.se,A,NOERROR,1,POSITIVE
nx-zq7v9k2.digitalbloggen.se,A,NOERROR,2,POSITIVE
nx-zq7v9k2.ehandelscertifiering.se,A,NXDOMAIN,0,NXDOMAIN
nx-zq7v9k2.ccis.se,A,ERROR,0,OTHER
nx-zq7v9k2.sulkysport.se,A,NOERROR,1,POSITIVE
nx-zq7v9k2.racing-planet.se,A,NOERROR,3,POSITIVE
nx-zq7v9k2.tujulietjattdi.se,A,NXDOMAIN,0,NXDOMAIN
nx-zq7v9k2.jdsports.se,A,NXDOMAIN,0,NXDOMAIN
nx-zq7v9k2.clickhou.se,A,NOERROR,0,NODATA
nx-zq7v9k2.ifenix.se,A,NXDOMAIN,0,NXDOMAIN
nx-zq7v9k2.rofa.se,A,NXDOMAIN,0,NXDOMAIN
nx-zq7v9k2.fz.se,A,NXDOMAIN,0,NXDOMAIN
nx-zq7v9k2.cykelkraft.se,A,NXDOMAIN,0,NXDOMAIN
nx-zq7v9k2.facebook.se,A,NOERROR,3,POSITIVE
nx-zq7v9k2.thansen.se,A,NXDOMAIN,0,NXDOMAIN
nx-zq7v9k2.sverigeledigajobb.se,A,NXDOMAIN,0,NXDOMAIN
nx-zq7v9k2.hanseriksson.se,A,NXDOMAIN,0,NXDOMAIN
nx-zq7v9k2.lindbloms.se,A,ERROR,0,OTHER
nx-zq7v9k2.energyinbalance.se,A,ERROR,0,OTHER
nx-zq7v9k2.ridsport.se,A,NXDOMAIN,0,NXDOMAIN
nx-zq7v9k2.gotland.se,A,NXDOMAIN,0,NXDOMAIN
nx-zq7v9k2.nvp.se,A,NXDOMAIN,0,NXDOMAIN
nx-zq7v9k2.spadom.se,A,ERROR,0,OTHER
nx-zq7v9k2.livsflode.se,A,ERROR,0,OTHER
nx-zq7v9k2.teknikfloden.se,A,NOERROR,2,POSITIVE
nx-zq7v9k2.kkuriren.se,A,NXDOMAIN,0,NXDOMAIN
nx-zq7v9k2.restaurangjakarta.se,A,NXDOMAIN,0,NXDOMAIN
nx-zq7v9k2.uddevallahem.se,A,ERROR,0,OTHER
nx-zq7v9k2.coolshop.se,A,NOERROR,0,NODATA
nx-zq7v9k2.ninjacasino.se,A,NXDOMAIN,0,NXDOMAIN
nx-zq7v9k2.cambio.se,A,ERROR,0,OTHER
nx-zq7v9k2.gleerups.se,A,ERROR,0,OTHER
nx-zq7v9k2.hembiobutiken.se,A,ERROR,0,OTHER
nx-zq7v9k2.artportalen.se,A,ERROR,0,OTHER
nx-zq7v9k2.varldsinsikt.se,A,ERROR,0,OTHER
nx-zq7v9k2.infoblick.se,A,ERROR,0,OTHER
nx-zq7v9k2.affarsriktning.se,A,ERROR,0,OTHER
nx-zq7v9k2.gleerupsportal.se,A,ERROR,0,OTHER
nx-zq7v9k2.tillvaxtblick.se,A,ERROR,0,OTHER
nx-zq7v9k2.marknadsforum.se,A,ERROR,0,OTHER
nx-zq7v9k2.nackaenergi.se,A,NXDOMAIN,0,NXDOMAIN
nx-zq7v9k2.eclub.se,A,ERROR,0,OTHER
nx-zq7v9k2.sr.se,A,ERROR,0,OTHER
nx-zq7v9k2.hallakonsument.se,A,ERROR,0,OTHER
nx-zq7v9k2.zs.se,A,ERROR,0,OTHER
nx-zq7v9k2.studentum.se,A,ERROR,0,OTHER
nx-zq7v9k2.regionostergotland.se,A,ERROR,0,OTHER
nx-zq7v9k2.lavendla.se,A,NXDOMAIN,0,NXDOMAIN
nx-zq7v9k2.funstuff.se,A,NXDOMAIN,0,NXDOMAIN
nx-zq7v9k2.vardagsnavet.se,A,NOERROR,2,POSITIVE
nx-zq7v9k2.expedia.se,A,NXDOMAIN,0,NXDOMAIN
nx-zq7v9k2.cyberphoto.se,A,NXDOMAIN,0,NXDOMAIN
nx-zq7v9k2.godare.se,A,NXDOMAIN,0,NXDOMAIN
nx-zq7v9k2.mountainhorse.se,A,NXDOMAIN,0,NXDOMAIN
nx-zq7v9k2.capture.se,A,NXDOMAIN,0,NXDOMAIN
nx-zq7v9k2.xxxlutz.se,A,NOERROR,0,NODATA
nx-zq7v9k2.tankevinklar.se,A,NOERROR,2,POSITIVE
nx-zq7v9k2.varldenidag.se,A,NOERROR,1,POSITIVE
nx-zq7v9k2.lampan.se,A,NXDOMAIN,0,NXDOMAIN
nx-zq7v9k2.hellotickets.se,A,ERROR,0,OTHER
nx-zq7v9k2.affarsstrategi.se,A,ERROR,0,OTHER
nx-zq7v9k2.speg.se,A,NXDOMAIN,0,NXDOMAIN
nx-zq7v9k2.aeromotors.se,A,NXDOMAIN,0,NXDOMAIN
nx-zq7v9k2.contentflode.se,A,NOERROR,2,POSITIVE
nx-zq7v9k2.amarilloresearch.se,A,ERROR,0,OTHER
nx-zq7v9k2.glitter.se,A,NXDOMAIN,0,NXDOMAIN
nx-zq7v9k2.eslov.se,A,NXDOMAIN,0,NXDOMAIN
nx-zq7v9k2.ports.se,A,NXDOMAIN,0,NXDOMAIN
nx-zq7v9k2.p80.se,A,NOERROR,1,POSITIVE
nx-zq7v9k2.tillvaxtnytt.se,A,NOERROR,2,POSITIVE
nx-zq7v9k2.bloggperspektiv.se,A,ERROR,0,OTHER
nx-zq7v9k2.wirtgen.se,A,ERROR,0,OTHER
nx-zq7v9k2.officedepot.se,A,ERROR,0,OTHER
nx-zq7v9k2.skno.se,A,NXDOMAIN,0,NXDOMAIN
nx-zq7v9k2.resursbank.se,A,ERROR,0,OTHER
nx-zq7v9k2.soffadirekt.se,A,NXDOMAIN,0,NXDOMAIN
nx-zq7v9k2.qx.se,A,ERROR,0,OTHER
nx-zq7v9k2.dnsserv.se,A,ERROR,0,OTHER
nx-zq7v9k2.stff.se,A,ERROR,0,OTHER
nx-zq7v9k2.svenskhandel.se,A,ERROR,0,OTHER
nx-zq7v9k2.svenskaspel.se,A,ERROR,0,OTHER
nx-zq7v9k2.mebo.se,A,ERROR,0,OTHER
nx-zq7v9k2.uddevalla.se,A,ERROR,0,OTHER
nx-zq7v9k2.ica.se,A,ERROR,0,OTHER
nx-zq7v9k2.farghandlare-motala.se,A,ERROR,0,OTHER
nx-zq7v9k2.goteborgfilmfestival.se,A,ERROR,0,OTHER
nx-zq7v9k2.iasystemet.se,A,ERROR,0,OTHER
nx-zq7v9k2.pi.se,A,ERROR,0,OTHER
nx-zq7v9k2.folkbladet.se,A,ERROR,0,OTHER
nx-zq7v9k2.nybro.se,A,ERROR,0,OTHER
nx-zq7v9k2.mitti.se,A,ERROR,0,OTHER
nx-zq7v9k2.surfcitywebbhotell.se,A,NXDOMAIN,0,NXDOMAIN
nx-zq7v9k2.fiskejournalen.se,A,NOERROR,1,POSITIVE
nx-zq7v9k2.puretechworld.se,A,ERROR,0,OTHER
nx-zq7v9k2.hemtrevligt.se,A,ERROR,0,OTHER
nx-zq7v9k2.skelleftea.se,A,NXDOMAIN,0,NXDOMAIN
nx-zq7v9k2.langd.se,A,NXDOMAIN,0,NXDOMAIN
nx-zq7v9k2.cafeboulevard.se,A,NXDOMAIN,0,NXDOMAIN
nx-zq7v9k2.etanet.se,A,ERROR,0,OTHER
nx-zq7v9k2.norstedts.se,A,ERROR,0,OTHER
nx-zq7v9k2.landskrona.se,A,NXDOMAIN,0,NXDOMAIN
nx-zq7v9k2.aleris.se,A,NXDOMAIN,0,NXDOMAIN
nx-zq7v9k2.icagruppen.se,A,NXDOMAIN,0,NXDOMAIN
nx-zq7v9k2.fliflix.se,A,NOERROR,0,NODATA
nx-zq7v9k2.teknikuppdatering.se,A,NOERROR,2,POSITIVE
nx-zq7v9k2.metall.se,A,NXDOMAIN,0,NXDOMAIN
nx-zq7v9k2.sodertalje.se,A,ERROR,0,OTHER
nx-zq7v9k2.kalender.se,A,NOERROR,2,POSITIVE
nx-zq7v9k2.secondary.se,A,ERROR,0,OTHER
nx-zq7v9k2.blinto.se,A,ERROR,0,OTHER
nx-zq7v9k2.vastgotabladet.se,A,NXDOMAIN,0,NXDOMAIN
nx-zq7v9k2.tankeskaparen.se,A,NOERROR,2,POSITIVE
nx-zq7v9k2.aklagare.se,A,NOERROR,0,NODATA
nx-zq7v9k2.ekonominavet.se,A,ERROR,0,OTHER
nx-zq7v9k2.kt-kuriren.se,A,ERROR,0,OTHER
nx-zq7v9k2.bitcom.se,A,ERROR,0,OTHER
nx-zq7v9k2.sac.se,A,ERROR,0,OTHER
nx-zq7v9k2.magnetevent.se,A,ERROR,0,OTHER
nx-zq7v9k2.pro-net.se,A,ERROR,0,OTHER
nx-zq7v9k2.electrolux.se,A,ERROR,0,OTHER
nx-zq7v9k2.daisygrace.se,A,ERROR,0,OTHER
nx-zq7v9k2.optinet.se,A,ERROR,0,OTHER
nx-zq7v9k2.smartgrowthlab.se,A,ERROR,0,OTHER
nx-zq7v9k2.dahl.se,A,ERROR,0,OTHER
nx-zq7v9k2.wurth.se,A,NXDOMAIN,0,NXDOMAIN
nx-zq7v9k2.residencemagazine.se,A,ERROR,0,OTHER
nx-zq7v9k2.mnt.se,A,ERROR,0,OTHER
nx-zq7v9k2.bellasverige.se,A,ERROR,0,OTHER
nx-zq7v9k2.lernia.se,A,ERROR,0,OTHER
nx-zq7v9k2.norrkoping.se,A,ERROR,0,OTHER
nx-zq7v9k2.liber.se,A,NOERROR,0,NODATA
nx-zq7v9k2.spelklubben.se,A,NXDOMAIN,0,NXDOMAIN
nx-zq7v9k2.seniorlife.se,A,NOERROR,1,POSITIVE
nx-zq7v9k2.smart365.se,A,ERROR,0,OTHER
nx-zq7v9k2.cyberzoo.se,A,NXDOMAIN,0,NXDOMAIN
nx-zq7v9k2.nordiskafonster.se,A,NXDOMAIN,0,NXDOMAIN
nx-zq7v9k2.sematic.se,A,NXDOMAIN,0,NXDOMAIN
nx-zq7v9k2.digitalfloden.se,A,ERROR,0,OTHER
nx-zq7v9k2.footish.se,A,ERROR,0,OTHER
nx-zq7v9k2.bolagsverket.se,A,ERROR,0,OTHER
nx-zq7v9k2.pirots3-casino.se,A,NXDOMAIN,0,NXDOMAIN
nx-zq7v9k2.vvsochbad.se,A,ERROR,0,OTHER
nx-zq7v9k2.digitallinjen.se,A,NOERROR,2,POSITIVE
nx-zq7v9k2.vinnova.se,A,ERROR,0,OTHER
nx-zq7v9k2.quicksearch.se,A,NXDOMAIN,0,NXDOMAIN
nx-zq7v9k2.brightpathways.se,A,NOERROR,2,POSITIVE
nx-zq7v9k2.tillvaxtresurs.se,A,NOERROR,2,POSITIVE
nx-zq7v9k2.toolab.se,A,NXDOMAIN,0,NXDOMAIN
nx-zq7v9k2.lastbryggan.se,A,NXDOMAIN,0,NXDOMAIN
nx-zq7v9k2.bloggagratis.se,A,NOERROR,1,POSITIVE
nx-zq7v9k2.zetas.se,A,NXDOMAIN,0,NXDOMAIN
nx-zq7v9k2.illvet.se,A,NXDOMAIN,0,NXDOMAIN
nx-zq7v9k2.livsvalet.se,A,ERROR,0,OTHER
nx-zq7v9k2.greenstepforward.se,A,ERROR,0,OTHER
nx-zq7v9k2.sics.se,A,ERROR,0,OTHER
nx-zq7v9k2.foretagsmedia.se,A,ERROR,0,OTHER
nx-zq7v9k2.svemo.se,A,ERROR,0,OTHER
nx-zq7v9k2.swebowl.se,A,ERROR,0,OTHER
nx-zq7v9k2.chickenroad.se,A,ERROR,0,OTHER
nx-zq7v9k2.datahalland.se,A,ERROR,0,OTHER
nx-zq7v9k2.bring.se,A,ERROR,0,OTHER
nx-zq7v9k2.krimfup.se,A,ERROR,0,OTHER
nx-zq7v9k2.fonus.se,A,NXDOMAIN,0,NXDOMAIN
nx-zq7v9k2.lrf.se,A,ERROR,0,OTHER
nx-zq7v9k2.livsoversikt.se,A,ERROR,0,OTHER
nx-zq7v9k2.faktablick.se,A,ERROR,0,OTHER
nx-zq7v9k2.skopunkten.se,A,ERROR,0,OTHER
nx-zq7v9k2.karlskrona.se,A,ERROR,0,OTHER
nx-zq7v9k2.elevspel.se,A,ERROR,0,OTHER
nx-zq7v9k2.devote.se,A,NOERROR,3,POSITIVE
nx-zq7v9k2.dfri.se,A,NXDOMAIN,0,NXDOMAIN
nx-zq7v9k2.internetmedicin.se,A,ERROR,0,OTHER
nx-zq7v9k2.skydomains.se,A,NXDOMAIN,0,NXDOMAIN
nx-zq7v9k2.adtollo.se,A,NXDOMAIN,0,NXDOMAIN
nx-zq7v9k2.perspektivsvy.se,A,NOERROR,2,POSITIVE
nx-zq7v9k2.datatalks.se,A,NOERROR,2,POSITIVE
nx-zq7v9k2.gorymoon.se,A,NOERROR,2,POSITIVE
nx-zq7v9k2.perspektivarenan.se,A,NOERROR,2,POSITIVE
nx-zq7v9k2.zaccodigitaltrustlabs.se,A,NOERROR,0,NODATA
nx-zq7v9k2.apotea.se,A,NXDOMAIN,0,NXDOMAIN
nx-zq7v9k2.evikomp.se,A,NOERROR,2,POSITIVE
nx-zq7v9k2.spelochsant.se,A,NXDOMAIN,0,NXDOMAIN
nx-zq7v9k2.branas.se,A,NXDOMAIN,0,NXDOMAIN
nx-zq7v9k2.svenska.se,A,NXDOMAIN,0,NXDOMAIN
nx-zq7v9k2.diakonia.se,A,NXDOMAIN,0,NXDOMAIN
nx-zq7v9k2.dack365.se,A,NOERROR,0,NODATA
nx-zq7v9k2.infokanalen.se,A,ERROR,0,OTHER
nx-zq7v9k2.riseedge.se,A,NOERROR,2,POSITIVE
nx-zq7v9k2.unimaster.se,A,NXDOMAIN,0,NXDOMAIN
nx-zq7v9k2.ordarenan.se,A,ERROR,0,OTHER
nx-zq7v9k2.spelsidor.se,A,ERROR,0,OTHER
nx-zq7v9k2.telge.se,A,NXDOMAIN,0,NXDOMAIN
nx-zq7v9k2.ivo.se,A,NXDOMAIN,0,NXDOMAIN
nx-zq7v9k2.dif.se,A,NXDOMAIN,0,NXDOMAIN
nx-zq7v9k2.vinochmatguiden.se,A,ERROR,0,OTHER
nx-zq7v9k2.sparbankensyd.se,A,NXDOMAIN,0,NXDOMAIN
nx-zq7v9k2.glesys.se,A,ERROR,0,OTHER
nx-zq7v9k2.freeride.se,A,NXDOMAIN,0,NXDOMAIN
nx-zq7v9k2.fixmyphone.se,A,NXDOMAIN,0,NXDOMAIN
nx-zq7v9k2.lansfast.se,A,NXDOMAIN,0,NXDOMAIN
nx-zq7v9k2.pathwayminds.se,A,NOERROR,2,POSITIVE
nx-zq7v9k2.allcall.se,A,NXDOMAIN,0,NXDOMAIN
nx-zq7v9k2.digitalvy.se,A,NOERROR,2,POSITIVE
nx-zq7v9k2.laget.se,A,NXDOMAIN,0,NXDOMAIN
nx-zq7v9k2.arvikanyheter.se,A,NXDOMAIN,0,NXDOMAIN
nx-zq7v9k2.risskov.se,A,NOERROR,0,NODATA
nx-zq7v9k2.mirror.se,A,NXDOMAIN,0,NXDOMAIN
nx-zq7v9k2.ekonomifarden.se,A,NOERROR,2,POSITIVE
nx-zq7v9k2.pandasecurity.se,A,NOERROR,2,POSITIVE
nx-zq7v9k2.mgacasinoutansvensklicens.se,A,NXDOMAIN,0,NXDOMAIN
nx-zq7v9k2.vardagsperspekt.se,A,NOERROR,2,POSITIVE
nx-zq7v9k2.svenskafik.se,A,NXDOMAIN,0,NXDOMAIN
nx-zq7v9k2.freedomtravel.se,A,NOERROR,2,POSITIVE
nx-zq7v9k2.affarsmediahub.se,A,NOERROR,2,POSITIVE
nx-zq7v9k2.namly.se,A,NXDOMAIN,0,NXDOMAIN
nx-zq7v9k2.digitalvardag.se,A,NOERROR,2,POSITIVE
nx-zq7v9k2.webbzonen.se,A,NXDOMAIN,0,NXDOMAIN
nx-zq7v9k2.liveagent.se,A,NOERROR,2,POSITIVE
nx-zq7v9k2.ekonomivinklar.se,A,NOERROR,2,POSITIVE
nx-zq7v9k2.visitgavle.se,A,NXDOMAIN,0,NXDOMAIN
nx-zq7v9k2.tv24.se,A,NXDOMAIN,0,NXDOMAIN
nx-zq7v9k2.ns03.se,A,NXDOMAIN,0,NXDOMAIN
nx-zq7v9k2.jotex.se,A,NXDOMAIN,0,NXDOMAIN
nx-zq7v9k2.altinget.se,A,NXDOMAIN,0,NXDOMAIN
nx-zq7v9k2.cygate.se,A,NXDOMAIN,0,NXDOMAIN
nx-zq7v9k2.nemoq.se,A,NXDOMAIN,0,NXDOMAIN
nx-zq7v9k2.momentum.se,A,NXDOMAIN,0,NXDOMAIN
nx-zq7v9k2.abicart.se,A,NXDOMAIN,0,NXDOMAIN
nx-zq7v9k2.bildelsbasen.se,A,NOERROR,1,POSITIVE
nx-zq7v9k2.centralpark.se,A,NXDOMAIN,0,NXDOMAIN
nx-zq7v9k2.faktaoversikt.se,A,NOERROR,2,POSITIVE
nx-zq7v9k2.caiacosmetics.se,A,NXDOMAIN,0,NXDOMAIN
nx-zq7v9k2.smhi.se,A,NXDOMAIN,0,NXDOMAIN
nx-zq7v9k2.cellbes.se,A,NXDOMAIN,0,NXDOMAIN
nx-zq7v9k2.risebeyond.se,A,NOERROR,2,POSITIVE
nx-zq7v9k2.thaisnack.se,A,NXDOMAIN,0,NXDOMAIN
nx-zq7v9k2.onlineflode.se,A,NOERROR,2,POSITIVE
nx-zq7v9k2.svensktkott.se,A,NXDOMAIN,0,NXDOMAIN
nx-zq7v9k2.pctidningen.se,A,NOERROR,2,POSITIVE
nx-zq7v9k2.crisp.se,A,NXDOMAIN,0,NXDOMAIN
nx-zq7v9k2.novus.se,A,NXDOMAIN,0,NXDOMAIN
nx-zq7v9k2.vanyavpn.se,A,NXDOMAIN,0,NXDOMAIN
nx-zq7v9k2.ongoingsystems.se,A,NXDOMAIN,0,NXDOMAIN
nx-zq7v9k2.ptj.se,A,NXDOMAIN,0,NXDOMAIN
nx-zq7v9k2.eleven.se,A,NXDOMAIN,0,NXDOMAIN
nx-zq7v9k2.york.se,A,NXDOMAIN,0,NXDOMAIN
nx-zq7v9k2.kenneldimmo.se,A,NOERROR,1,POSITIVE
nx-zq7v9k2.lumik.se,A,NXDOMAIN,0,NXDOMAIN
nx-zq7v9k2.digitalvinklar.se,A,NOERROR,2,POSITIVE
nx-zq7v9k2.casinoguide.se,A,NXDOMAIN,0,NXDOMAIN
nx-zq7v9k2.eskilstunaauktionsverk.se,A,NOERROR,2,POSITIVE
nx-zq7v9k2.admax.se,A,NXDOMAIN,0,NXDOMAIN
nx-zq7v9k2.namebrow.se,A,NXDOMAIN,0,NXDOMAIN
nx-zq7v9k2.klm.se,A,NXDOMAIN,0,NXDOMAIN
nx-zq7v9k2.tankenavet.se,A,NOERROR,2,POSITIVE
nx-zq7v9k2.hervar.se,A,NXDOMAIN,0,NXDOMAIN
nx-zq7v9k2.gamereactor.se,A,NOERROR,2,POSITIVE
nx-zq7v9k2.lurecoursing.se,A,NXDOMAIN,0,NXDOMAIN
nx-zq7v9k2.evidensia.se,A,NOERROR,1,POSITIVE
nx-zq7v9k2.vivab.se,A,NXDOMAIN,0,NXDOMAIN
nx-zq7v9k2.nt.se,A,NXDOMAIN,0,NXDOMAIN
nx-zq7v9k2.computersweden.se,A,NXDOMAIN,0,NXDOMAIN
nx-zq7v9k2.bettingsidor.se,A,NXDOMAIN,0,NXDOMAIN
nx-zq7v9k2.fruugo.se,A,NXDOMAIN,0,NXDOMAIN
nx-zq7v9k2.svenskaturistforeningen.se,A,NXDOMAIN,0,NXDOMAIN
nx-zq7v9k2.gravar.se,A,NXDOMAIN,0,NXDOMAIN
nx-zq7v9k2.dagligvarunytt.se,A,NOERROR,1,POSITIVE
nx-zq7v9k2.optimalprint.se,A,NOERROR,3,POSITIVE
nx-zq7v9k2.propensionaren.se,A,NXDOMAIN,0,NXDOMAIN
nx-zq7v9k2.peekaboo.se,A,NXDOMAIN,0,NXDOMAIN
nx-zq7v9k2.industritorget.se,A,NXDOMAIN,0,NXDOMAIN
nx-zq7v9k2.nettoparts.se,A,NXDOMAIN,0,NXDOMAIN
nx-zq7v9k2.uguu.se,A,NXDOMAIN,0,NXDOMAIN
nx-zq7v9k2.resrobot.se,A,NOERROR,3,POSITIVE
nx-zq7v9k2.medborgarskolan.se,A,NXDOMAIN,0,NXDOMAIN
nx-zq7v9k2.aktuellportalen.se,A,NOERROR,2,POSITIVE
nx-zq7v9k2.birkagotland.se,A,NXDOMAIN,0,NXDOMAIN
nx-zq7v9k2.vasterastidning.se,A,NXDOMAIN,0,NXDOMAIN
nx-zq7v9k2.spelinspektionen.se,A,NXDOMAIN,0,NXDOMAIN
nx-zq7v9k2.bloggvarden.se,A,NOERROR,2,POSITIVE
nx-zq7v9k2.qt-systems.se,A,NOERROR,1,POSITIVE
nx-zq7v9k2.dackpartner.se,A,NOERROR,2,POSITIVE
nx-zq7v9k2.samhallsperspektiv.se,A,NOERROR,2,POSITIVE
nx-zq7v9k2.wgrremote.se,A,NXDOMAIN,0,NXDOMAIN
nx-zq7v9k2.artikelflode.se,A,NOERROR,2,POSITIVE
nx-zq7v9k2.betting.se,A,NXDOMAIN,0,NXDOMAIN
nx-zq7v9k2.vardvaskan.se,A,NOERROR,1,POSITIVE
nx-zq7v9k2.av.se,A,NXDOMAIN,0,NXDOMAIN
nx-zq7v9k2.bibblo.se,A,NXDOMAIN,0,NXDOMAIN
nx-zq7v9k2.next.se,A,NXDOMAIN,0,NXDOMAIN
nx-zq7v9k2.kulturhusetstadsteatern.se,A,NXDOMAIN,0,NXDOMAIN
nx-zq7v9k2.wn.se,A,NXDOMAIN,0,NXDOMAIN
nx-zq7v9k2.codigo.se,A,NXDOMAIN,0,NXDOMAIN
nx-zq7v9k2.bonprix.se,A,NXDOMAIN,0,NXDOMAIN
nx-zq7v9k2.hockeyettan.se,A,NXDOMAIN,0,NXDOMAIN
nx-zq7v9k2.activegrowth.se,A,NOERROR,2,POSITIVE
nx-zq7v9k2.inspirationsmedia.se,A,NOERROR,2,POSITIVE
nx-zq7v9k2.lasselindgren.se,A,NXDOMAIN,0,NXDOMAIN
nx-zq7v9k2.ekonomiblickar.se,A,NOERROR,2,POSITIVE
nx-zq7v9k2.modohockey.se,A,NXDOMAIN,0,NXDOMAIN
nx-zq7v9k2.khz.se,A,NOERROR,0,NODATA
nx-zq7v9k2.nordiskatradgardar.se,A,NXDOMAIN,0,NXDOMAIN
nx-zq7v9k2.vp-autoparts.se,A,NXDOMAIN,0,NXDOMAIN
nx-zq7v9k2.poker.se,A,NXDOMAIN,0,NXDOMAIN
nx-zq7v9k2.iplace.se,A,NXDOMAIN,0,NXDOMAIN
nx-zq7v9k2.trelleborgsallehanda.se,A,NOERROR,1,POSITIVE
nx-zq7v9k2.swedol.se,A,NXDOMAIN,0,NXDOMAIN
nx-zq7v9k2.playstar.se,A,NXDOMAIN,0,NXDOMAIN
nx-zq7v9k2.sgit.se,A,NXDOMAIN,0,NXDOMAIN
nx-zq7v9k2.lnu.se,A,NXDOMAIN,0,NXDOMAIN
nx-zq7v9k2.livsperspektivet.se,A,NOERROR,2,POSITIVE
nx-zq7v9k2.syd.se,A,NXDOMAIN,0,NXDOMAIN
nx-zq7v9k2.pathwayinnovations.se,A,NOERROR,2,POSITIVE
nx-zq7v9k2.willhem.se,A,NXDOMAIN,0,NXDOMAIN
nx-zq7v9k2.starwebb.se,A,NOERROR,3,POSITIVE
nx-zq7v9k2.ivl.se,A,NXDOMAIN,0,NXDOMAIN
nx-zq7v9k2.shopping4net.se,A,NOERROR,2,POSITIVE
nx-zq7v9k2.bilreg.se,A,NOERROR,1,POSITIVE
nx-zq7v9k2.hippson.se,A,NOERROR,0,NODATA
nx-zq7v9k2.photowall.se,A,NOERROR,2,POSITIVE
nx-zq7v9k2.anticimex.se,A,NXDOMAIN,0,NXDOMAIN
nx-zq7v9k2.paloma.se,A,NOERROR,0,NODATA
nx-zq7v9k2.thermia.se,A,NXDOMAIN,0,NXDOMAIN
nx-zq7v9k2.ordfloden.se,A,NOERROR,2,POSITIVE
nx-zq7v9k2.vente-unique.se,A,NXDOMAIN,0,NXDOMAIN
nx-zq7v9k2.brfnet.se,A,NXDOMAIN,0,NXDOMAIN
nx-zq7v9k2.nekover.se,A,NOERROR,0,NODATA
nx-zq7v9k2.risebeyondtech.se,A,NOERROR,2,POSITIVE
nx-zq7v9k2.vardagsblickar.se,A,NOERROR,2,POSITIVE
nx-zq7v9k2.mp.se,A,NOERROR,3,POSITIVE
nx-zq7v9k2.riksdagen.se,A,NXDOMAIN,0,NXDOMAIN
nx-zq7v9k2.kvd.se,A,NXDOMAIN,0,NXDOMAIN
nx-zq7v9k2.parfumdreams.se,A,NXDOMAIN,0,NXDOMAIN
nx-zq7v9k2.willys.se,A,NXDOMAIN,0,NXDOMAIN
nx-zq7v9k2.alcosystems.se,A,NXDOMAIN,0,NXDOMAIN
nx-zq7v9k2.nortic.se,A,NOERROR,2,POSITIVE
nx-zq7v9k2.caspeco.se,A,NXDOMAIN,0,NXDOMAIN
nx-zq7v9k2.moln-net.se,A,NXDOMAIN,0,NXDOMAIN
nx-zq7v9k2.frobbit.se,A,NXDOMAIN,0,NXDOMAIN
nx-zq7v9k2.prenumerera.se,A,NXDOMAIN,0,NXDOMAIN
nx-zq7v9k2.tidningensyre.se,A,NOERROR,0,NODATA
nx-zq7v9k2.snusbolaget.se,A,NOERROR,2,POSITIVE
nx-zq7v9k2.samhallsrapport.se,A,NOERROR,2,POSITIVE
nx-zq7v9k2.diagonal.se,A,NXDOMAIN,0,NXDOMAIN
nx-zq7v9k2.datakultur.se,A,NXDOMAIN,0,NXDOMAIN
nx-zq7v9k2.nischblick.se,A,NOERROR,2,POSITIVE
nx-zq7v9k2.kitchenlab.se,A,NXDOMAIN,0,NXDOMAIN
nx-zq7v9k2.tillvaxtkommentar.se,A,NOERROR,2,POSITIVE
nx-zq7v9k2.hallon.se,A,NXDOMAIN,0,NXDOMAIN
nx-zq7v9k2.mff.se,A,NXDOMAIN,0,NXDOMAIN
nx-zq7v9k2.ncc.se,A,NXDOMAIN,0,NXDOMAIN
nx-zq7v9k2.bookoutlet.se,A,NXDOMAIN,0,NXDOMAIN
nx-zq7v9k2.appland.se,A,SERVFAIL,0,OTHER
nx-zq7v9k2.mobilestories.se,A,NOERROR,1,POSITIVE
nx-zq7v9k2.bukefalos.se,A,NXDOMAIN,0,NXDOMAIN
nx-zq7v9k2.red-baron.se,A,NXDOMAIN,0,NXDOMAIN
nx-zq7v9k2.sendpul.se,A,NOERROR,1,POSITIVE
nx-zq7v9k2.zisson.se,A,NXDOMAIN,0,NXDOMAIN
nx-zq7v9k2.sva.se,A,NXDOMAIN,0,NXDOMAIN
nx-zq7v9k2.afaforsakring.se,A,NXDOMAIN,0,NXDOMAIN
nx-zq7v9k2.jarnvagsnyheter.se,A,NXDOMAIN,0,NXDOMAIN
nx-zq7v9k2.comhem.se,A,NXDOMAIN,0,NXDOMAIN
nx-zq7v9k2.nsd.se,A,NXDOMAIN,0,NXDOMAIN
nx-zq7v9k2.evenemangskalender.se,A,NXDOMAIN,0,NXDOMAIN
nx-zq7v9k2.icefishinggame.se,A,NXDOMAIN,0,NXDOMAIN
nx-zq7v9k2.bokat.se,A,NOERROR,2,POSITIVE
nx-zq7v9k2.relaxt.se,A,NXDOMAIN,0,NXDOMAIN
nx-zq7v9k2.nyhetsinsikt.se,A,NOERROR,2,POSITIVE
nx-zq7v9k2.stoppapressarna.se,A,NXDOMAIN,0,NXDOMAIN
nx-zq7v9k2.tankeriktning.se,A,NOERROR,2,POSITIVE
nx-zq7v9k2.swm.pp.se,A,NOERROR,0,NODATA
nx-zq7v9k2.testbed.se,A,NXDOMAIN,0,NXDOMAIN
nx-zq7v9k2.esky.se,A,NOERROR,1,POSITIVE
nx-zq7v9k2.delitea.se,A,NXDOMAIN,0,NXDOMAIN
nx-zq7v9k2.bus4you.se,A,NXDOMAIN,0,NXDOMAIN
nx-zq7v9k2.autoscout24.se,A,NXDOMAIN,0,NXDOMAIN
nx-zq7v9k2.visa.se,A,NXDOMAIN,0,NXDOMAIN
nx-zq7v9k2.mrjet.se,A,NXDOMAIN,0,NXDOMAIN
nx-zq7v9k2.nyaludvikatidning.se,A,NOERROR,1,POSITIVE
nx-zq7v9k2.homeq.se,A,NXDOMAIN,0,NXDOMAIN
nx-zq7v9k2.datahou.se,A,NOERROR,2,POSITIVE
nx-zq7v9k2.pts.se,A,NXDOMAIN,0,NXDOMAIN
nx-zq7v9k2.vardagsrapport.se,A,NOERROR,2,POSITIVE
nx-zq7v9k2.shl.se,A,NXDOMAIN,0,NXDOMAIN
nx-zq7v9k2.pensionsmyndigheten.se,A,NXDOMAIN,0,NXDOMAIN
nx-zq7v9k2.1o.se,A,NOERROR,0,NODATA
nx-zq7v9k2.kortea.se,A,NOERROR,1,POSITIVE
nx-zq7v9k2.teknikkompassen.se,A,NOERROR,2,POSITIVE
nx-zq7v9k2.zafena.se,A,NXDOMAIN,0,NXDOMAIN
nx-zq7v9k2.teoricentralen.se,A,NOERROR,2,POSITIVE
nx-zq7v9k2.kumlagk.se,A,NXDOMAIN,0,NXDOMAIN
nx-zq7v9k2.nextwavetech.se,A,NOERROR,2,POSITIVE
nx-zq7v9k2.silva.se,A,NOERROR,1,POSITIVE
nx-zq7v9k2.nearcloud.se,A,NOERROR,0,NODATA
nx-zq7v9k2.popularabagerier.se,A,NOERROR,1,POSITIVE
nx-zq7v9k2.pcforalla.se,A,NXDOMAIN,0,NXDOMAIN
nx-zq7v9k2.anicura.se,A,NXDOMAIN,0,NXDOMAIN
nx-zq7v9k2.seb.se,A,NXDOMAIN,0,NXDOMAIN
nx-zq7v9k2.svd.se,A,NXDOMAIN,0,NXDOMAIN
nx-zq7v9k2.strawberry.se,A,NXDOMAIN,0,NXDOMAIN
nx-zq7v9k2.aditor.se,A,NXDOMAIN,0,NXDOMAIN
nx-zq7v9k2.bkhacken.se,A,NXDOMAIN,0,NXDOMAIN
nx-zq7v9k2.gearloop.se,A,NXDOMAIN,0,NXDOMAIN
nx-zq7v9k2.otakuu.se,A,NXDOMAIN,0,NXDOMAIN
nx-zq7v9k2.emp-shop.se,A,NXDOMAIN,0,NXDOMAIN
nx-zq7v9k2.samhallston.se,A,NOERROR,2,POSITIVE
nx-zq7v9k2.mcf.se,A,NXDOMAIN,0,NXDOMAIN
nx-zq7v9k2.skonhetskartan.se,A,NOERROR,1,POSITIVE
nx-zq7v9k2.mollyandmy.se,A,NXDOMAIN,0,NXDOMAIN
nx-zq7v9k2.siljannews.se,A,NXDOMAIN,0,NXDOMAIN
nx-zq7v9k2.thatsup.se,A,NXDOMAIN,0,NXDOMAIN
nx-zq7v9k2.reservdelaronline.se,A,NXDOMAIN,0,NXDOMAIN
nx-zq7v9k2.dnbportal.se,A,NXDOMAIN,0,NXDOMAIN
nx-zq7v9k2.automotorsport.se,A,NXDOMAIN,0,NXDOMAIN
nx-zq7v9k2.unifaunonline.se,A,NXDOMAIN,0,NXDOMAIN
nx-zq7v9k2.spiris.se,A,NXDOMAIN,0,NXDOMAIN
nx-zq7v9k2.vklass.se,A,NOERROR,0,NODATA
nx-zq7v9k2.bloggkanalen.se,A,NOERROR,2,POSITIVE
nx-zq7v9k2.icecat.se,A,NOERROR,1,POSITIVE
nx-zq7v9k2.boldfuture.se,A,NOERROR,2,POSITIVE
nx-zq7v9k2.zmarta.se,A,NXDOMAIN,0,NXDOMAIN
nx-zq7v9k2.insiktsarenan.se,A,NOERROR,2,POSITIVE
nx-zq7v9k2.trafikskolaonline.se,A,NXDOMAIN,0,NXDOMAIN
nx-zq7v9k2.teknikstrategen.se,A,NOERROR,2,POSITIVE
nx-zq7v9k2.viacon.se,A,NXDOMAIN,0,NXDOMAIN
nx-zq7v9k2.evify.se,A,NXDOMAIN,0,NXDOMAIN
nx-zq7v9k2.trafiktestet.se,A,NOERROR,1,POSITIVE
nx-zq7v9k2.historiska.se,A,NXDOMAIN,0,NXDOMAIN
nx-zq7v9k2.travzonen.se,A,NOERROR,1,POSITIVE
nx-zq7v9k2.baraenkakatill.se,A,NOERROR,1,POSITIVE
nx-zq7v9k2.takarbeten-halmstad.se,A,NXDOMAIN,0,NXDOMAIN
nx-zq7v9k2.smarteye.se,A,NXDOMAIN,0,NXDOMAIN
nx-zq7v9k2.bikeline.se,A,NXDOMAIN,0,NXDOMAIN
nx-zq7v9k2.proshop.se,A,NOERROR,2,POSITIVE
nx-zq7v9k2.stupi.se,A,NOERROR,0,NODATA
nx-zq7v9k2.ekonomiriktning.se,A,NOERROR,2,POSITIVE
nx-zq7v9k2.kronofogden.se,A,NXDOMAIN,0,NXDOMAIN
nx-zq7v9k2.atg.se,A,NXDOMAIN,0,NXDOMAIN
nx-zq7v9k2.luxplus.se,A,NXDOMAIN,0,NXDOMAIN
nx-zq7v9k2.lyreco.se,A,NOERROR,4,POSITIVE
nx-zq7v9k2.uret.se,A,NXDOMAIN,0,NXDOMAIN
nx-zq7v9k2.zetup.se,A,NXDOMAIN,0,NXDOMAIN
nx-zq7v9k2.stockholm.se,A,NOERROR,0,NODATA
nx-zq7v9k2.ordkompassen.se,A,NOERROR,2,POSITIVE
nx-zq7v9k2.lfc.se,A,NXDOMAIN,0,NXDOMAIN
nx-zq7v9k2.naturkompaniet.se,A,NXDOMAIN,0,NXDOMAIN
nx-zq7v9k2.niiinis.se,A,NXDOMAIN,0,NXDOMAIN
nx-zq7v9k2.flygresor.se,A,NOERROR,3,POSITIVE
nx-zq7v9k2.the50episodes.se,A,NXDOMAIN,0,NXDOMAIN
nx-zq7v9k2.kryddlandet.se,A,NXDOMAIN,0,NXDOMAIN
nx-zq7v9k2.kampanjveckan.se,A,NXDOMAIN,0,NXDOMAIN
nx-zq7v9k2.sssb.se,A,NXDOMAIN,0,NXDOMAIN
nx-zq7v9k2.deloox.se,A,NXDOMAIN,0,NXDOMAIN
nx-zq7v9k2.gotakanal.se,A,NXDOMAIN,0,NXDOMAIN
nx-zq7v9k2.mdlabs.se,A,NXDOMAIN,0,NXDOMAIN
nx-zq7v9k2.transportstyling.se,A,NXDOMAIN,0,NXDOMAIN
nx-zq7v9k2.arcsin.se,A,NOERROR,0,NODATA
nx-zq7v9k2.svensksexfilm.se,A,NXDOMAIN,0,NXDOMAIN
nx-zq7v9k2.framtidsblogg.se,A,NOERROR,2,POSITIVE
nx-zq7v9k2.datablocks.se,A,NXDOMAIN,0,NXDOMAIN
nx-zq7v9k2.afbostader.se,A,NXDOMAIN,0,NXDOMAIN
nx-zq7v9k2.soderbergpartners.se,A,NXDOMAIN,0,NXDOMAIN
nx-zq7v9k2.restaurangtoppen.se,A,NOERROR,1,POSITIVE
nx-zq7v9k2.webp.se,A,NXDOMAIN,0,NXDOMAIN
nx-zq7v9k2.digitalfarden.se,A,NOERROR,2,POSITIVE
nx-zq7v9k2.tillvaxtportalen.se,A,NOERROR,2,POSITIVE
nx-zq7v9k2.wizeguy.se,A,NXDOMAIN,0,NXDOMAIN
nx-zq7v9k2.riksteatern.se,A,NOERROR,1,POSITIVE
nx-zq7v9k2.jiras.se,A,NOERROR,3,POSITIVE
nx-zq7v9k2.skalhuset.se,A,NXDOMAIN,0,NXDOMAIN
nx-zq7v9k2.ekonomiinslag.se,A,NOERROR,2,POSITIVE
nx-zq7v9k2.xxl.se,A,NXDOMAIN,0,NXDOMAIN
nx-zq7v9k2.techleap.se,A,NOERROR,2,POSITIVE
nx-zq7v9k2.dagenssamhalle.se,A,NOERROR,1,POSITIVE
nx-zq7v9k2.oskarshamns-nytt.se,A,NOERROR,2,POSITIVE
nx-zq7v9k2.proteinbolaget.se,A,NXDOMAIN,0,NXDOMAIN
nx-zq7v9k2.kraftringen.se,A,NXDOMAIN,0,NXDOMAIN
nx-zq7v9k2.amprnet.se,A,NXDOMAIN,0,NXDOMAIN
nx-zq7v9k2.perspektivstrategi.se,A,NOERROR,2,POSITIVE
nx-zq7v9k2.tankeanalys.se,A,NOERROR,2,POSITIVE
nx-zq7v9k2.sjf.se,A,NOERROR,1,POSITIVE
nx-zq7v9k2.maskintema.se,A,NOERROR,1,POSITIVE
nx-zq7v9k2.skanesport.se,A,NXDOMAIN,0,NXDOMAIN
nx-zq7v9k2.proffsmagasinet.se,A,NXDOMAIN,0,NXDOMAIN
nx-zq7v9k2.tankeinslag.se,A,NOERROR,2,POSITIVE
nx-zq7v9k2.ledigajobb.se,A,NOERROR,2,POSITIVE
nx-zq7v9k2.peab.se,A,NXDOMAIN,0,NXDOMAIN
nx-zq7v9k2.gnula.se,A,NOERROR,2,POSITIVE
nx-zq7v9k2.yahoo.se,A,NOERROR,5,POSITIVE
nx-zq7v9k2.talkie.se,A,NXDOMAIN,0,NXDOMAIN
nx-zq7v9k2.univer.se,A,NOERROR,2,POSITIVE
nx-zq7v9k2.fastighetsnytt.se,A,NOERROR,1,POSITIVE
nx-zq7v9k2.kommunalsakassa.se,A,NXDOMAIN,0,NXDOMAIN
nx-zq7v9k2.sandviken.se,A,NXDOMAIN,0,NXDOMAIN
nx-zq7v9k2.mala.se,A,NXDOMAIN,0,NXDOMAIN
nx-zq7v9k2.tv4.se,A,NXDOMAIN,0,NXDOMAIN
nx-zq7v9k2.nordicleaders.se,A,NOERROR,2,POSITIVE
nx-zq7v9k2.videnca.se,A,NXDOMAIN,0,NXDOMAIN
nx-zq7v9k2.ifn.se,A,NOERROR,1,POSITIVE
nx-zq7v9k2.smt.se,A,NOERROR,1,POSITIVE
nx-zq7v9k2.news55.se,A,NXDOMAIN,0,NXDOMAIN
nx-zq7v9k2.strengnastidning.se,A,NXDOMAIN,0,NXDOMAIN
nx-zq7v9k2.skatteverket.se,A,NXDOMAIN,0,NXDOMAIN
nx-zq7v9k2.chilli.se,A,NXDOMAIN,0,NXDOMAIN
nx-zq7v9k2.essays.se,A,NXDOMAIN,0,NXDOMAIN
nx-zq7v9k2.boldfuturetech.se,A,NOERROR,2,POSITIVE
nx-zq7v9k2.mini.se,A,NXDOMAIN,0,NXDOMAIN
nx-zq7v9k2.sverigeslarare.se,A,NOERROR,2,POSITIVE
nx-zq7v9k2.nyfikenperspektiv.se,A,NOERROR,2,POSITIVE
nx-zq7v9k2.gd.se,A,NOERROR,1,POSITIVE
nx-zq7v9k2.stampenmedia.se,A,NXDOMAIN,0,NXDOMAIN
nx-zq7v9k2.skolplus.se,A,NXDOMAIN,0,NXDOMAIN
nx-zq7v9k2.dutchgrown.se,A,NXDOMAIN,0,NXDOMAIN
nx-zq7v9k2.baemingo.se,A,NXDOMAIN,0,NXDOMAIN
nx-zq7v9k2.tankemodell.se,A,NOERROR,2,POSITIVE
nx-zq7v9k2.3dg.se,A,NXDOMAIN,0,NXDOMAIN
nx-zq7v9k2.artikelmedia.se,A,NOERROR,2,POSITIVE
nx-zq7v9k2.studentapan.se,A,NXDOMAIN,0,NXDOMAIN
nx-zq7v9k2.livsmedia.se,A,NOERROR,2,POSITIVE
nx-zq7v9k2.bygma.se,A,NOERROR,0,NODATA
nx-zq7v9k2.ikh.se,A,NXDOMAIN,0,NXDOMAIN
nx-zq7v9k2.qbranch.se,A,NXDOMAIN,0,NXDOMAIN
nx-zq7v9k2.maritima.se,A,NXDOMAIN,0,NXDOMAIN
nx-zq7v9k2.teknikmagasinet.se,A,NXDOMAIN,0,NXDOMAIN
nx-zq7v9k2.nordicmotorcenter.se,A,NXDOMAIN,0,NXDOMAIN
nx-zq7v9k2.crystone.se,A,NXDOMAIN,0,NXDOMAIN
nx-zq7v9k2.teknikperspektiv.se,A,NOERROR,2,POSITIVE
nx-zq7v9k2.gymcontrol.se,A,NOERROR,1,POSITIVE
nx-zq7v9k2.affarskommentar.se,A,NOERROR,2,POSITIVE
nx-zq7v9k2.livsforum.se,A,NOERROR,2,POSITIVE
nx-zq7v9k2.jernhusen.se,A,NXDOMAIN,0,NXDOMAIN
nx-zq7v9k2.norrahalland.se,A,NXDOMAIN,0,NXDOMAIN
nx-zq7v9k2.vasbyhem.se,A,NXDOMAIN,0,NXDOMAIN
nx-zq7v9k2.namesystem.se,A,NXDOMAIN,0,NXDOMAIN
nx-zq7v9k2.randstad.se,A,NOERROR,0,NODATA
nx-zq7v9k2.alxmedia.se,A,NOERROR,2,POSITIVE
nx-zq7v9k2.lt.se,A,NOERROR,1,POSITIVE
nx-zq7v9k2.rsproduction.se,A,NXDOMAIN,0,NXDOMAIN
nx-zq7v9k2.hitta.se,A,NOERROR,2,POSITIVE
nx-zq7v9k2.partykungen.se,A,NOERROR,0,NODATA
nx-zq7v9k2.strd.se,A,NXDOMAIN,0,NXDOMAIN
nx-zq7v9k2.jysk.se,A,NXDOMAIN,0,NXDOMAIN
nx-zq7v9k2.proreelmatrix.se,A,NOERROR,2,POSITIVE
nx-zq7v9k2.jogg.se,A,NXDOMAIN,0,NXDOMAIN
nx-zq7v9k2.affarsperspekt.se,A,NOERROR,2,POSITIVE
nx-zq7v9k2.cocopanda.se,A,NOERROR,0,NODATA
nx-zq7v9k2.papersplea.se,A,NXDOMAIN,0,NXDOMAIN
nx-zq7v9k2.affarsblickar.se,A,NOERROR,2,POSITIVE
nx-zq7v9k2.tackfilm.se,A,NXDOMAIN,0,NXDOMAIN
nx-zq7v9k2.branschaktuellt.se,A,NXDOMAIN,0,NXDOMAIN
nx-zq7v9k2.livssammanfattning.se,A,NOERROR,2,POSITIVE
nx-zq7v9k2.kulturarvsdata.se,A,NOERROR,1,POSITIVE
nx-zq7v9k2.bilvision.se,A,NXDOMAIN,0,NXDOMAIN
nx-zq7v9k2.samhallsresan.se,A,NOERROR,2,POSITIVE
nx-zq7v9k2.gambling.se,A,NXDOMAIN,0,NXDOMAIN
nx-zq7v9k2.guldcentrum.se,A,NOERROR,1,POSITIVE
nx-zq7v9k2.vision.se,A,NXDOMAIN,0,NXDOMAIN
nx-zq7v9k2.martinajohansson.se,A,NXDOMAIN,0,NXDOMAIN
nx-zq7v9k2.tillvaxtvinklar.se,A,NOERROR,2,POSITIVE
nx-zq7v9k2.trelleborg.se,A,NXDOMAIN,0,NXDOMAIN
nx-zq7v9k2.moratidning.se,A,NXDOMAIN,0,NXDOMAIN
nx-zq7v9k2.rembutiken.se,A,NXDOMAIN,0,NXDOMAIN
nx-zq7v9k2.bit-net.se,A,NXDOMAIN,0,NXDOMAIN
nx-zq7v9k2.vardagskunskap.se,A,NOERROR,2,POSITIVE
nx-zq7v9k2.invid.se,A,NXDOMAIN,0,NXDOMAIN
nx-zq7v9k2.apoteket.se,A,NXDOMAIN,0,NXDOMAIN
nx-zq7v9k2.hd.se,A,NOERROR,1,POSITIVE
nx-zq7v9k2.jobtestprep.se,A,NXDOMAIN,0,NXDOMAIN
nx-zq7v9k2.mejtoft.se,A,NXDOMAIN,0,NXDOMAIN
nx-zq7v9k2.svenskhalsokost.se,A,NOERROR,2,POSITIVE
nx-zq7v9k2.allermedia.se,A,NXDOMAIN,0,NXDOMAIN
nx-zq7v9k2.meds.se,A,NXDOMAIN,0,NXDOMAIN
nx-zq7v9k2.curling.se,A,NXDOMAIN,0,NXDOMAIN
nx-zq7v9k2.dnsserver.se,A,NXDOMAIN,0,NXDOMAIN
nx-zq7v9k2.ovolin.se,A,NXDOMAIN,0,NXDOMAIN
nx-zq7v9k2.tfpdl.se,A,SERVFAIL,0,OTHER
nx-zq7v9k2.tillvaxtoversikt.se,A,NOERROR,2,POSITIVE
nx-zq7v9k2.his.se,A,NXDOMAIN,0,NXDOMAIN
nx-zq7v9k2.kitchnsverige.se,A,NXDOMAIN,0,NXDOMAIN
nx-zq7v9k2.swehockeycup.se,A,NXDOMAIN,0,NXDOMAIN
nx-zq7v9k2.innehallsmedia.se,A,NOERROR,2,POSITIVE
nx-zq7v9k2.bolist.se,A,NXDOMAIN,0,NXDOMAIN
nx-zq7v9k2.jra.se,A,NXDOMAIN,0,NXDOMAIN
nx-zq7v9k2.nordisktextil.se,A,NXDOMAIN,0,NXDOMAIN
nx-zq7v9k2.lorealparis.se,A,NOERROR,0,NODATA
nx-zq7v9k2.frokenfraken.se,A,NXDOMAIN,0,NXDOMAIN
nx-zq7v9k2.market.se,A,NOERROR,1,POSITIVE
nx-zq7v9k2.elgiganten.se,A,NOERROR,0,NODATA
nx-zq7v9k2.junora.se,A,NXDOMAIN,0,NXDOMAIN
nx-zq7v9k2.affarssammanfattning.se,A,NOERROR,2,POSITIVE
nx-zq7v9k2.tiendeo.se,A,NXDOMAIN,0,NXDOMAIN
nx-zq7v9k2.spelbutiken.se,A,NXDOMAIN,0,NXDOMAIN
nx-zq7v9k2.alltforforaldrar.se,A,NXDOMAIN,0,NXDOMAIN
nx-zq7v9k2.nrm.se,A,NXDOMAIN,0,NXDOMAIN
nx-zq7v9k2.softonic.se,A,NOERROR,2,POSITIVE
nx-zq7v9k2.pro.se,A,NXDOMAIN,0,NXDOMAIN
nx-zq7v9k2.digikey.se,A,NOERROR,1,POSITIVE
nx-zq7v9k2.polisen.se,A,NXDOMAIN,0,NXDOMAIN
nx-zq7v9k2.ilait.se,A,NXDOMAIN,0,NXDOMAIN
nx-zq7v9k2.koordinater.se,A,NOERROR,0,NODATA
nx-zq7v9k2.smutba.se,A,NXDOMAIN,0,NXDOMAIN
nx-zq7v9k2.nfbio.se,A,NXDOMAIN,0,NXDOMAIN
nx-zq7v9k2.tele2play.se,A,NXDOMAIN,0,NXDOMAIN
nx-zq7v9k2.travsport.se,A,NXDOMAIN,0,NXDOMAIN
nx-zq7v9k2.ifiske.se,A,NXDOMAIN,0,NXDOMAIN
nx-zq7v9k2.antagningsstatistik.se,A,NXDOMAIN,0,NXDOMAIN
nx-zq7v9k2.alfakassan.se,A,NXDOMAIN,0,NXDOMAIN
nx-zq7v9k2.tankeforum.se,A,NOERROR,2,POSITIVE
nx-zq7v9k2.autokatalogen.se,A,NXDOMAIN,0,NXDOMAIN
nx-zq7v9k2.raa.se,A,NOERROR,0,NODATA
nx-zq7v9k2.test.se,A,NXDOMAIN,0,NXDOMAIN
nx-zq7v9k2.zalando.se,A,NXDOMAIN,0,NXDOMAIN
nx-zq7v9k2.varden.se,A,NXDOMAIN,0,NXDOMAIN
nx-zq7v9k2.benders.se,A,NXDOMAIN,0,NXDOMAIN
nx-zq7v9k2.shithou.se,A,NXDOMAIN,0,NXDOMAIN
nx-zq7v9k2.dagensjuridik.se,A,NXDOMAIN,0,NXDOMAIN
nx-zq7v9k2.okq8.se,A,NXDOMAIN,0,NXDOMAIN
nx-zq7v9k2.poeter.se,A,NOERROR,2,POSITIVE
nx-zq7v9k2.lindehobby.se,A,NOERROR,1,POSITIVE
nx-zq7v9k2.norrmalerier.se,A,NXDOMAIN,0,NXDOMAIN
nx-zq7v9k2.sppfonder.se,A,NXDOMAIN,0,NXDOMAIN
nx-zq7v9k2.tv-tabla.se,A,NOERROR,2,POSITIVE
nx-zq7v9k2.desiserials.se,A,NXDOMAIN,0,NXDOMAIN
nx-zq7v9k2.vardagsnyanser.se,A,NOERROR,2,POSITIVE
nx-zq7v9k2.hoabauktioner.se,A,NXDOMAIN,0,NXDOMAIN
nx-zq7v9k2.affarsarenan.se,A,NOERROR,2,POSITIVE
nx-zq7v9k2.egensajt.se,A,NOERROR,1,POSITIVE
nx-zq7v9k2.korkortonline.se,A,NXDOMAIN,0,NXDOMAIN
nx-zq7v9k2.mouser.se,A,NXDOMAIN,0,NXDOMAIN
nx-zq7v9k2.svenskdam.se,A,NOERROR,2,POSITIVE
nx-zq7v9k2.masai.se,A,NXDOMAIN,0,NXDOMAIN
nx-zq7v9k2.pin.se,A,NOERROR,0,NODATA
nx-zq7v9k2.universal.se,A,NOERROR,1,POSITIVE
nx-zq7v9k2.destinationuppsala.se,A,NXDOMAIN,0,NXDOMAIN
nx-zq7v9k2.bliss205.se,A,NXDOMAIN,0,NXDOMAIN
nx-zq7v9k2.europaportalen.se,A,NXDOMAIN,0,NXDOMAIN
nx-zq7v9k2.neweratech.se,A,NOERROR,2,POSITIVE
nx-zq7v9k2.anodefactory.se,A,NXDOMAIN,0,NXDOMAIN
nx-zq7v9k2.regionuppsala.se,A,NXDOMAIN,0,NXDOMAIN
nx-zq7v9k2.tankeresan.se,A,NOERROR,2,POSITIVE
nx-zq7v9k2.lg.se,A,NXDOMAIN,0,NXDOMAIN
nx-zq7v9k2.booli.se,A,NXDOMAIN,0,NXDOMAIN
nx-zq7v9k2.socialdemokraterna.se,A,NXDOMAIN,0,NXDOMAIN
nx-zq7v9k2.imusic.se,A,NOERROR,2,POSITIVE
nx-zq7v9k2.so-rummet.se,A,NXDOMAIN,0,NXDOMAIN
nx-zq7v9k2.wayke.se,A,NXDOMAIN,0,NXDOMAIN
nx-zq7v9k2.teamsportia.se,A,NXDOMAIN,0,NXDOMAIN
nx-zq7v9k2.modette.se,A,NOERROR,3,POSITIVE
nx-zq7v9k2.ebrix.se,A,NXDOMAIN,0,NXDOMAIN
nx-zq7v9k2.livstonen.se,A,NOERROR,2,POSITIVE
nx-zq7v9k2.mtpc.se,A,NOERROR,2,POSITIVE
nx-zq7v9k2.prorenata.se,A,NXDOMAIN,0,NXDOMAIN
nx-zq7v9k2.jetshop.se,A,NXDOMAIN,0,NXDOMAIN
nx-zq7v9k2.testfakta.se,A,NXDOMAIN,0,NXDOMAIN
nx-zq7v9k2.docklandet.se,A,NXDOMAIN,0,NXDOMAIN
nx-zq7v9k2.le-bandit-spela.se,A,NXDOMAIN,0,NXDOMAIN
nx-zq7v9k2.skolmaten.se,A,NXDOMAIN,0,NXDOMAIN
nx-zq7v9k2.visitstockholm.se,A,NXDOMAIN,0,NXDOMAIN
nx-zq7v9k2.vardagskanalen.se,A,NOERROR,2,POSITIVE
nx-zq7v9k2.digitalvyer.se,A,NOERROR,2,POSITIVE
nx-zq7v9k2.vaxjo.se,A,NXDOMAIN,0,NXDOMAIN
nx-zq7v9k2.insiktsblogg.se,A,NOERROR,2,POSITIVE
nx-zq7v9k2.smvk.se,A,NXDOMAIN,0,NXDOMAIN
nx-zq7v9k2.affarspuls.se,A,NOERROR,2,POSITIVE
nx-zq7v9k2.ltz.se,A,NOERROR,1,POSITIVE
nx-zq7v9k2.fxs.se,A,NXDOMAIN,0,NXDOMAIN
nx-zq7v9k2.maingate.se,A,NXDOMAIN,0,NXDOMAIN
nx-zq7v9k2.regionhalland.se,A,NXDOMAIN,0,NXDOMAIN
nx-zq7v9k2.campingvaruhuset.se,A,NOERROR,2,POSITIVE
nx-zq7v9k2.magasin.se,A,NXDOMAIN,0,NXDOMAIN
nx-zq7v9k2.specsavers.se,A,NXDOMAIN,0,NXDOMAIN
nx-zq7v9k2.philea.se,A,NOERROR,0,NODATA
nx-zq7v9k2.pureminds.se,A,NOERROR,2,POSITIVE
nx-zq7v9k2.axfood.se,A,NXDOMAIN,0,NXDOMAIN
nx-zq7v9k2.snwktavling.se,A,NXDOMAIN,0,NXDOMAIN
nx-zq7v9k2.sbc.se,A,NXDOMAIN,0,NXDOMAIN
nx-zq7v9k2.dinstartsida.se,A,NXDOMAIN,0,NXDOMAIN
nx-zq7v9k2.rulemailer.se,A,NXDOMAIN,0,NXDOMAIN
nx-zq7v9k2.telenorinpli.se,A,NXDOMAIN,0,NXDOMAIN
nx-zq7v9k2.sollentunahem.se,A,NXDOMAIN,0,NXDOMAIN
nx-zq7v9k2.swegon.se,A,NXDOMAIN,0,NXDOMAIN
nx-zq7v9k2.utveckladig.se,A,NOERROR,2,POSITIVE
nx-zq7v9k2.brollopstorget.se,A,NOERROR,1,POSITIVE
nx-zq7v9k2.artilleriet.se,A,NXDOMAIN,0,NXDOMAIN
nx-zq7v9k2.named.se,A,NXDOMAIN,0,NXDOMAIN
nx-zq7v9k2.miljotekniska.se,A,NXDOMAIN,0,NXDOMAIN
nx-zq7v9k2.lamporochljus.se,A,NXDOMAIN,0,NXDOMAIN
nx-zq7v9k2.raketspel.se,A,ERROR,0,OTHER
nx-zq7v9k2.digitalnytt.se,A,NOERROR,2,POSITIVE
nx-zq7v9k2.academiccomputerclub.se,A,NXDOMAIN,0,NXDOMAIN
nx-zq7v9k2.husbilsklubben.se,A,NXDOMAIN,0,NXDOMAIN
nx-zq7v9k2.rito.se,A,NOERROR,2,POSITIVE
nx-zq7v9k2.factba.se,A,NXDOMAIN,0,NXDOMAIN
nx-zq7v9k2.vipps.se,A,NXDOMAIN,0,NXDOMAIN
nx-zq7v9k2.contenthubben.se,A,NOERROR,2,POSITIVE
nx-zq7v9k2.creator.se,A,NOERROR,0,NODATA
nx-zq7v9k2.casivo.se,A,NXDOMAIN,0,NXDOMAIN
nx-zq7v9k2.linkoping.se,A,NOERROR,0,NODATA
nx-zq7v9k2.musikon.se,A,NOERROR,1,POSITIVE
nx-zq7v9k2.vsrc.se,A,NOERROR,1,POSITIVE
nx-zq7v9k2.bilprovningen.se,A,NXDOMAIN,0,NXDOMAIN
nx-zq7v9k2.bryggeriklubben.se,A,NXDOMAIN,0,NXDOMAIN
nx-zq7v9k2.ordlinjen.se,A,NOERROR,2,POSITIVE
nx-zq7v9k2.naturkartan.se,A,NXDOMAIN,0,NXDOMAIN
nx-zq7v9k2.ludvika.se,A,NXDOMAIN,0,NXDOMAIN
nx-zq7v9k2.flixbus.se,A,NXDOMAIN,0,NXDOMAIN
nx-zq7v9k2.folkspel.se,A,NXDOMAIN,0,NXDOMAIN
nx-zq7v9k2.riseinnovations.se,A,NOERROR,2,POSITIVE
nx-zq7v9k2.skwinner.se,A,NOERROR,1,POSITIVE
nx-zq7v9k2.nj.se,A,NXDOMAIN,0,NXDOMAIN
nx-zq7v9k2.dackonline.se,A,NXDOMAIN,0,NXDOMAIN
nx-zq7v9k2.projackpotarena.se,A,NOERROR,2,POSITIVE
nx-zq7v9k2.elvaco.se,A,NOERROR,0,NODATA
nx-zq7v9k2.arcticlean.se,A,NXDOMAIN,0,NXDOMAIN
nx-zq7v9k2.onlyapps.se,A,NXDOMAIN,0,NXDOMAIN
nx-zq7v9k2.femina.se,A,NOERROR,3,POSITIVE
nx-zq7v9k2.akademibokhandeln.se,A,NXDOMAIN,0,NXDOMAIN
nx-zq7v9k2.gummihuset.se,A,NXDOMAIN,0,NXDOMAIN
nx-zq7v9k2.tankevardenet.se,A,NOERROR,2,POSITIVE
nx-zq7v9k2.academicwork.se,A,NXDOMAIN,0,NXDOMAIN
nx-zq7v9k2.affarsvarlden.se,A,NXDOMAIN,0,NXDOMAIN
nx-zq7v9k2.personligharmoni.se,A,NOERROR,2,POSITIVE
nx-zq7v9k2.pureinnovation.se,A,NOERROR,2,POSITIVE
nx-zq7v9k2.signport.se,A,NXDOMAIN,0,NXDOMAIN
nx-zq7v9k2.smartphoto.se,A,NXDOMAIN,0,NXDOMAIN
nx-zq7v9k2.lakartidningen.se,A,NXDOMAIN,0,NXDOMAIN
nx-zq7v9k2.polarnopyret.se,A,NXDOMAIN,0,NXDOMAIN
nx-zq7v9k2.inexchange.se,A,NXDOMAIN,0,NXDOMAIN
nx-zq7v9k2.enalog.se,A,NOERROR,2,POSITIVE
nx-zq7v9k2.skadekompassen.se,A,NOERROR,3,POSITIVE
nx-zq7v9k2.crimson.se,A,NXDOMAIN,0,NXDOMAIN
nx-zq7v9k2.trendrum.se,A,NXDOMAIN,0,NXDOMAIN
nx-zq7v9k2.lantech-server.se,A,NXDOMAIN,0,NXDOMAIN
nx-zq7v9k2.qasa.se,A,NXDOMAIN,0,NXDOMAIN
nx-zq7v9k2.harmoniq.se,A,NOERROR,2,POSITIVE
nx-zq7v9k2.regeringen.se,A,NXDOMAIN,0,NXDOMAIN
nx-zq7v9k2.spelcash.se,A,NXDOMAIN,0,NXDOMAIN
nx-zq7v9k2.lux-case.se,A,NXDOMAIN,0,NXDOMAIN
nx-zq7v9k2.booked.se,A,NOERROR,2,POSITIVE
nx-zq7v9k2.scoutnet.se,A,NXDOMAIN,0,NXDOMAIN
nx-zq7v9k2.skk.se,A,NXDOMAIN,0,NXDOMAIN
nx-zq7v9k2.bangerhead.se,A,NOERROR,1,POSITIVE
nx-zq7v9k2.flashscore.se,A,NXDOMAIN,0,NXDOMAIN
nx-zq7v9k2.laughterchefs.se,A,NXDOMAIN,0,NXDOMAIN
nx-zq7v9k2.vardagsarenan.se,A,NOERROR,2,POSITIVE
nx-zq7v9k2.standoutapp.se,A,NXDOMAIN,0,NXDOMAIN
nx-zq7v9k2.dramaten.se,A,NXDOMAIN,0,NXDOMAIN
nx-zq7v9k2.gdmnet.se,A,NXDOMAIN,0,NXDOMAIN
nx-zq7v9k2.swedenet.se,A,NXDOMAIN,0,NXDOMAIN
nx-zq7v9k2.grok.se,A,NXDOMAIN,0,NXDOMAIN
nx-zq7v9k2.lantmannenmaskin.se,A,NXDOMAIN,0,NXDOMAIN
nx-zq7v9k2.tretti.se,A,NXDOMAIN,0,NXDOMAIN
nx-zq7v9k2.toyota.se,A,NXDOMAIN,0,NXDOMAIN
nx-zq7v9k2.tankebanor.se,A,NOERROR,2,POSITIVE
nx-zq7v9k2.digitalblickar.se,A,NOERROR,2,POSITIVE
nx-zq7v9k2.visionpath.se,A,NOERROR,2,POSITIVE
nx-zq7v9k2.poyry.se,A,NXDOMAIN,0,NXDOMAIN
nx-zq7v9k2.vardagsuppdatering.se,A,NOERROR,2,POSITIVE
nx-zq7v9k2.miele.se,A,NXDOMAIN,0,NXDOMAIN
nx-zq7v9k2.1ba.se,A,NXDOMAIN,0,NXDOMAIN
nx-zq7v9k2.pwc.se,A,NXDOMAIN,0,NXDOMAIN
nx-zq7v9k2.teknikvyer.se,A,NOERROR,2,POSITIVE
nx-zq7v9k2.affarsvinklar.se,A,NOERROR,2,POSITIVE
nx-zq7v9k2.mshop.se,A,NOERROR,1,POSITIVE
nx-zq7v9k2.bygdegardarna.se,A,NXDOMAIN,0,NXDOMAIN
nx-zq7v9k2.swedavia.se,A,NXDOMAIN,0,NXDOMAIN
nx-zq7v9k2.terrariedjur.se,A,NOERROR,0,NODATA
nx-zq7v9k2.sweden.se,A,NXDOMAIN,0,NXDOMAIN
nx-zq7v9k2.outl1.se,A,NXDOMAIN,0,NXDOMAIN
nx-zq7v9k2.arkitektenstradgard.se,A,NXDOMAIN,0,NXDOMAIN
nx-zq7v9k2.personligstyrka.se,A,NOERROR,2,POSITIVE
nx-zq7v9k2.rvn.se,A,NXDOMAIN,0,NXDOMAIN
nx-zq7v9k2.minabibliotek.se,A,NXDOMAIN,0,NXDOMAIN
nx-zq7v9k2.haxx.se,A,NXDOMAIN,0,NXDOMAIN
nx-zq7v9k2.cleverservice.se,A,NXDOMAIN,0,NXDOMAIN
nx-zq7v9k2.korsord.se,A,NOERROR,1,POSITIVE
nx-zq7v9k2.matchi.se,A,NOERROR,2,POSITIVE
nx-zq7v9k2.mobil.se,A,NXDOMAIN,0,NXDOMAIN
nx-zq7v9k2.passasports.se,A,NXDOMAIN,0,NXDOMAIN
nx-zq7v9k2.ngm.se,A,NOERROR,0,NODATA
nx-zq7v9k2.angelholmshem.se,A,NXDOMAIN,0,NXDOMAIN
nx-zq7v9k2.musikoteket.se,A,NXDOMAIN,0,NXDOMAIN
nx-zq7v9k2.cms.se,A,NXDOMAIN,0,NXDOMAIN
nx-zq7v9k2.thunraz.se,A,NOERROR,1,POSITIVE
nx-zq7v9k2.autobutler.se,A,NOERROR,5,POSITIVE
nx-zq7v9k2.weblicious.se,A,NOERROR,1,POSITIVE
nx-zq7v9k2.portsdns.se,A,NXDOMAIN,0,NXDOMAIN
nx-zq7v9k2.sexnovell.se,A,NXDOMAIN,0,NXDOMAIN
nx-zq7v9k2.na.se,A,NOERROR,1,POSITIVE
nx-zq7v9k2.framtidsvy.se,A,NOERROR,2,POSITIVE
nx-zq7v9k2.golf.se,A,NXDOMAIN,0,NXDOMAIN
nx-zq7v9k2.byggtjanst.se,A,NXDOMAIN,0,NXDOMAIN
nx-zq7v9k2.praktiskmedicin.se,A,NOERROR,0,NODATA
nx-zq7v9k2.elle.se,A,NXDOMAIN,0,NXDOMAIN
